table,mod,status,key,changed_fields,vanilla_row,mod_row
cai_variables_tables,deepwar,OVERRIDE_CHANGED,"[""CAI_VARIABLE_AGGR_RAMP_CHANCE_BASE""]","description,value","{""description"": ""(In-game) Base chance per round that an eligible faction will be selected for aggression increase. Base Chance + (Rounds Played * Per Round Chance). The Aggression rank mechanic is mostly depractated, its sole remaining purpose is a small impact on strategic stance, but even this is mostly disabled through data"", ""key"": ""CAI_VARIABLE_AGGR_RAMP_CHANCE_BASE"", ""value"": 10}","{""description"": ""(In-game) Base chance per round that an eligible faction will be selected for aggression increase. Base Chance + (Rounds Played * Per Round Chance)."", ""key"": ""CAI_VARIABLE_AGGR_RAMP_CHANCE_BASE"", ""value"": 100}"
cai_variables_tables,deepwar,OVERRIDE_CHANGED,"[""CAI_VARIABLE_AGGR_RAMP_CHANCE_PER_ROUND""]","description,value","{""description"": ""(In-game) Additional per round chance that an eligible faction will be selected for aggression increase. Base Chance + (Rounds Played * Per Round Chance). The Aggression rank mechanic is mostly depractated, its sole remaining purpose is a small impact on strategic stance, but even this is mostly disabled through data"", ""key"": ""CAI_VARIABLE_AGGR_RAMP_CHANCE_PER_ROUND"", ""value"": 0}","{""description"": ""(In-game) Additional per round chance that an eligible faction will be selected for aggression increase. Base Chance + (Rounds Played * Per Round Chance)."", ""key"": ""CAI_VARIABLE_AGGR_RAMP_CHANCE_PER_ROUND"", ""value"": 1}"
cai_variables_tables,deepwar,OVERRIDE_CHANGED,"[""CAI_VARIABLE_AGGR_RAMP_ENABLED""]","description,value","{""description"": ""(In-game) Whether the aggression ramp is enable. 0=no, 1=yes. The Aggression rank mechanic is mostly depractated, its sole remaining purpose is a small impact on strategic stance, but even this is mostly disabled through data"", ""key"": ""CAI_VARIABLE_AGGR_RAMP_ENABLED"", ""value"": 0}","{""description"": ""(In-game) Whether the aggression ramp is enable. 0=no, 1=yes"", ""key"": ""CAI_VARIABLE_AGGR_RAMP_ENABLED"", ""value"": 1}"
cai_variables_tables,deepwar,OVERRIDE_CHANGED,"[""CAI_VARIABLE_AGGR_RAMP_FAME_MAX""]",description,"{""description"": ""(In-game) Player fame level at which the ramp ends and the maximum level of aggression will be applied. The Aggression rank mechanic is mostly depractated, its sole remaining purpose is a small impact on strategic stance, but even this is mostly disabled through data"", ""key"": ""CAI_VARIABLE_AGGR_RAMP_FAME_MAX"", ""value"": 100}","{""description"": ""(In-game) Player fame level at which the ramp ends and the maximum level of aggression will be applied."", ""key"": ""CAI_VARIABLE_AGGR_RAMP_FAME_MAX"", ""value"": 100}"
cai_variables_tables,deepwar,OVERRIDE_CHANGED,"[""CAI_VARIABLE_AGGR_RAMP_FAME_MIN""]","description,value","{""description"": ""(In-game) Player fame level beyond which the aggression ramp will start to apply. The Aggression rank mechanic is mostly depractated, its sole remaining purpose is a small impact on strategic stance, but even this is mostly disabled through data"", ""key"": ""CAI_VARIABLE_AGGR_RAMP_FAME_MIN"", ""value"": 20}","{""description"": ""(In-game) Player fame level beyond which the aggression ramp will start to apply."", ""key"": ""CAI_VARIABLE_AGGR_RAMP_FAME_MIN"", ""value"": 1}"
cai_variables_tables,deepwar,OVERRIDE_CHANGED,"[""CAI_VARIABLE_AGGR_RAMP_LEVEL_MAX""]","description,value","{""description"": ""(In-game) The ending level for the aggression ramp to use. 1-6. Should be equal to or greater than the minimum level selected. 1=LOW, 2=LOW_TO_MEDIUM, 3=MEDIUM, 4=MEDIUM_TO_HIGH, 5=HIGH, 6=VERY HIGH. The Aggression rank mechanic is mostly depractated, its sole remaining purpose is a small impact on strategic context, but even this is mostly disabled through data"", ""key"": ""CAI_VARIABLE_AGGR_RAMP_LEVEL_MAX"", ""value"": 5}","{""description"": ""(In-game) The ending level for the aggression ramp to use. 1-6. Should be equal to or greater than the minimum level selected. 1=LOW, 2=LOW_TO_MEDIUM, 3=MEDIUM, 4=MEDIUM_TO_HIGH, 5=HIGH, 6=VERY HIGH."", ""key"": ""CAI_VARIABLE_AGGR_RAMP_LEVEL_MAX"", ""value"": 6}"
cai_variables_tables,deepwar,OVERRIDE_CHANGED,"[""CAI_VARIABLE_AGGR_RAMP_LEVEL_MIN""]","description,value","{""description"": ""(In-game) The starting level for the aggression ramp to use. 1-6. 1=LOW, 2=LOW_TO_MEDIUM, 3=MEDIUM, 4=MEDIUM_TO_HIGH, 5=HIGH, 6=VERY HIGH. The Aggression rank mechanic is mostly depractated, its sole remaining purpose is a small impact on strategic stance, but even this is mostly disabled through data"", ""key"": ""CAI_VARIABLE_AGGR_RAMP_LEVEL_MIN"", ""value"": 1}","{""description"": ""(In-game) The starting level for the aggression ramp to use. 1-6. 1=LOW, 2=LOW_TO_MEDIUM, 3=MEDIUM, 4=MEDIUM_TO_HIGH, 5=HIGH, 6=VERY HIGH."", ""key"": ""CAI_VARIABLE_AGGR_RAMP_LEVEL_MIN"", ""value"": 6}"
cai_variables_tables,deepwar,OVERRIDE_CHANGED,"[""CAI_VARIABLE_AGGR_RAMP_ROUNDS_MAX""]","description,value","{""description"": ""(In-game) Round at which the ramp should finish (and max level be used for aggression increases). The Aggression rank mechanic is mostly depractated, its sole remaining purpose is a small impact on strategic stance, but even this is mostly disabled through data"", ""key"": ""CAI_VARIABLE_AGGR_RAMP_ROUNDS_MAX"", ""value"": 100}","{""description"": ""(In-game) Round at which the ramp should finish (and max level be used for aggression increases)."", ""key"": ""CAI_VARIABLE_AGGR_RAMP_ROUNDS_MAX"", ""value"": 75}"
cai_variables_tables,deepwar,OVERRIDE_CHANGED,"[""CAI_VARIABLE_AGGR_RAMP_ROUNDS_MIN""]","description,value","{""description"": ""(In-game) Round beyond which the aggression ramp will start (beginning with the minimum aggression level). The Aggression rank mechanic is mostly depractated, its sole remaining purpose is a small impact on strategic stance, but even this is mostly disabled through data"", ""key"": ""CAI_VARIABLE_AGGR_RAMP_ROUNDS_MIN"", ""value"": 20}","{""description"": ""(In-game) Round beyond which the aggression ramp will start (beginning with the minimum aggression level)."", ""key"": ""CAI_VARIABLE_AGGR_RAMP_ROUNDS_MIN"", ""value"": 1}"
cai_variables_tables,deepwar,OVERRIDE_CHANGED,"[""CAI_VARIABLE_AMBUSH_AVOIDANCE_DURATION""]",value,"{""description"": ""(In-game) Used for the CAI to determine how long to avoid ambush locations."", ""key"": ""CAI_VARIABLE_AMBUSH_AVOIDANCE_DURATION"", ""value"": 10}","{""description"": ""(In-game) Used for the CAI to determine how long to avoid ambush locations."", ""key"": ""CAI_VARIABLE_AMBUSH_AVOIDANCE_DURATION"", ""value"": 20}"
cai_variables_tables,deepwar,OVERRIDE_CHANGED,"[""CAI_VARIABLE_ATTACK_ALL_ENEMY_SETTLEMENTS_IF_FACTION_HASNT_EXPANDED_FOR_ROUNDS""]",value,"{""description"": ""(In-game) If faction has not gained any region for this many rounds, attack tasks for all settlements is generated."", ""key"": ""CAI_VARIABLE_ATTACK_ALL_ENEMY_SETTLEMENTS_IF_FACTION_HASNT_EXPANDED_FOR_ROUNDS"", ""value"": 5}","{""description"": ""(In-game) If faction has not gained any region for this many rounds, attack tasks for all settlements is generated."", ""key"": ""CAI_VARIABLE_ATTACK_ALL_ENEMY_SETTLEMENTS_IF_FACTION_HASNT_EXPANDED_FOR_ROUNDS"", ""value"": 4}"
cai_variables_tables,deepwar,OVERRIDE_CHANGED,"[""CAI_VARIABLE_ATTACK_ALL_ENEMY_SETTLEMENTS_IF_FACTION_HASNT_EXPANDED_MAX_PRIORITY_IN_ROUNDS""]",value,"{""description"": ""(In-game) The priority of the attack if havent expanded task goes to maximum if we havent captured territory for CAI_VARIABLE_ATTACK_ALL_ENEMY_SETTLEMENTS_IF_FACTION_HASNT_EXPANDED_FOR_ROUNDS+CAI_VARIABLE_ATTACK_ALL_ENEMY_SETTLEMENTS_IF_FACTION_HASNT_EXPANDED_MAX_PRIORITY_IN_ROUNDS"", ""key"": ""CAI_VARIABLE_ATTACK_ALL_ENEMY_SETTLEMENTS_IF_FACTION_HASNT_EXPANDED_MAX_PRIORITY_IN_ROUNDS"", ""value"": 20}","{""description"": ""(In-game) The priority of the attack if havent expanded task goes to maximum if we havent captured territory for CAI_VARIABLE_ATTACK_ALL_ENEMY_SETTLEMENTS_IF_FACTION_HASNT_EXPANDED_FOR_ROUNDS+CAI_VARIABLE_ATTACK_ALL_ENEMY_SETTLEMENTS_IF_FACTION_HASNT_EXPANDED_MAX_PRIORITY_IN_ROUNDS"", ""key"": ""CAI_VARIABLE_ATTACK_ALL_ENEMY_SETTLEMENTS_IF_FACTION_HASNT_EXPANDED_MAX_PRIORITY_IN_ROUNDS"", ""value"": 8}"
cai_variables_tables,deepwar,OVERRIDE_SAME_AS_VANILLA,"[""CAI_VARIABLE_ATTACK_HUMAN_HORDE_CONTROL_BEGIN_AND_BEFORE_MULTIPLIER""]",,"{""description"": ""(In-game) In generating tasks versus human horde armies the starting priority used."", ""key"": ""CAI_VARIABLE_ATTACK_HUMAN_HORDE_CONTROL_BEGIN_AND_BEFORE_MULTIPLIER"", ""value"": 0}",null
cai_variables_tables,deepwar,OVERRIDE_CHANGED,"[""CAI_VARIABLE_ATTACK_HUMAN_HORDE_CONTROL_BEGIN_ROUND""]",value,"{""description"": ""(In-game) In generating tasks versus human horde armies the round at which to start applying a priority variation."", ""key"": ""CAI_VARIABLE_ATTACK_HUMAN_HORDE_CONTROL_BEGIN_ROUND"", ""value"": 1}","{""description"": ""(In-game) In generating tasks versus human horde armies the round at which to start applying a priority variation."", ""key"": ""CAI_VARIABLE_ATTACK_HUMAN_HORDE_CONTROL_BEGIN_ROUND"", ""value"": 0}"
cai_variables_tables,deepwar,OVERRIDE_SAME_AS_VANILLA,"[""CAI_VARIABLE_ATTACK_HUMAN_HORDE_CONTROL_CLOSEST_ROUNDS_DISTANCE""]",,"{""description"": ""(In-game) Multiplier applied to attack human horde armies tasks based on distance to nearest asset, lower distance bound."", ""key"": ""CAI_VARIABLE_ATTACK_HUMAN_HORDE_CONTROL_CLOSEST_ROUNDS_DISTANCE"", ""value"": 1}",null
cai_variables_tables,deepwar,OVERRIDE_SAME_AS_VANILLA,"[""CAI_VARIABLE_ATTACK_HUMAN_HORDE_CONTROL_CLOSEST_ROUNDS_DISTANCE_AND_NEARER_MULTIPLIER""]",,"{""description"": ""(In-game) Multiplier applied to attack human horde armies tasks based on distance to nearest asset, lower distance priority multiplier."", ""key"": ""CAI_VARIABLE_ATTACK_HUMAN_HORDE_CONTROL_CLOSEST_ROUNDS_DISTANCE_AND_NEARER_MULTIPLIER"", ""value"": 1.25}",null
cai_variables_tables,deepwar,OVERRIDE_CHANGED,"[""CAI_VARIABLE_ATTACK_HUMAN_HORDE_CONTROL_END_AND_AFTER_MULTIPLIER""]",value,"{""description"": ""(In-game) In generating tasks versus human horde armies the ending priority used."", ""key"": ""CAI_VARIABLE_ATTACK_HUMAN_HORDE_CONTROL_END_AND_AFTER_MULTIPLIER"", ""value"": 1.75}","{""description"": ""(In-game) In generating tasks versus human horde armies the ending priority used."", ""key"": ""CAI_VARIABLE_ATTACK_HUMAN_HORDE_CONTROL_END_AND_AFTER_MULTIPLIER"", ""value"": 1}"
cai_variables_tables,deepwar,OVERRIDE_CHANGED,"[""CAI_VARIABLE_ATTACK_HUMAN_HORDE_CONTROL_END_ROUND""]",value,"{""description"": ""(In-game) In generating tasks versus human horde armies the round at which to end applying a priority variation."", ""key"": ""CAI_VARIABLE_ATTACK_HUMAN_HORDE_CONTROL_END_ROUND"", ""value"": 100}","{""description"": ""(In-game) In generating tasks versus human horde armies the round at which to end applying a priority variation."", ""key"": ""CAI_VARIABLE_ATTACK_HUMAN_HORDE_CONTROL_END_ROUND"", ""value"": 0}"
cai_variables_tables,deepwar,OVERRIDE_SAME_AS_VANILLA,"[""CAI_VARIABLE_ATTACK_HUMAN_HORDE_CONTROL_FURTHEST_ROUNDS_DISTANCE""]",,"{""description"": ""(In-game) Multiplier applied to attack human horde armies tasks based on distance to nearest asset, upper distance bound."", ""key"": ""CAI_VARIABLE_ATTACK_HUMAN_HORDE_CONTROL_FURTHEST_ROUNDS_DISTANCE"", ""value"": 4}",null
cai_variables_tables,deepwar,OVERRIDE_SAME_AS_VANILLA,"[""CAI_VARIABLE_ATTACK_HUMAN_HORDE_CONTROL_FURTHEST_ROUNDS_DISTANCE_AND_FURTHER_MULTIPLIER""]",,"{""description"": ""(In-game) Multiplier applied to attack human horde armies tasks based on distance to nearest asset, upper distance priority multiplier."", ""key"": ""CAI_VARIABLE_ATTACK_HUMAN_HORDE_CONTROL_FURTHEST_ROUNDS_DISTANCE_AND_FURTHER_MULTIPLIER"", ""value"": 0}",null
cai_variables_tables,deepwar,OVERRIDE_SAME_AS_VANILLA,"[""CAI_VARIABLE_ATTACK_NONHUMAN_HORDE_CONTROL_CLOSEST_ROUNDS_DISTANCE""]",,"{""description"": ""(In-game) Multiplier applied to attack non-human horde armies tasks based on distance to nearest asset, lower distance bound."", ""key"": ""CAI_VARIABLE_ATTACK_NONHUMAN_HORDE_CONTROL_CLOSEST_ROUNDS_DISTANCE"", ""value"": 1}",null
cai_variables_tables,deepwar,OVERRIDE_SAME_AS_VANILLA,"[""CAI_VARIABLE_ATTACK_NONHUMAN_HORDE_CONTROL_CLOSEST_ROUNDS_DISTANCE_AND_NEARER_MULTIPLIER""]",,"{""description"": ""(In-game) Multiplier applied to attack non- human horde armies tasks based on distance to nearest asset, lower distance priority multiplier."", ""key"": ""CAI_VARIABLE_ATTACK_NONHUMAN_HORDE_CONTROL_CLOSEST_ROUNDS_DISTANCE_AND_NEARER_MULTIPLIER"", ""value"": 1.25}",null
cai_variables_tables,deepwar,OVERRIDE_SAME_AS_VANILLA,"[""CAI_VARIABLE_ATTACK_NONHUMAN_HORDE_CONTROL_FURTHEST_ROUNDS_DISTANCE""]",,"{""description"": ""(In-game) Multiplier applied to attack non-human horde armies tasks based on distance to nearest asset, upper distance bound."", ""key"": ""CAI_VARIABLE_ATTACK_NONHUMAN_HORDE_CONTROL_FURTHEST_ROUNDS_DISTANCE"", ""value"": 4}",null
cai_variables_tables,deepwar,OVERRIDE_SAME_AS_VANILLA,"[""CAI_VARIABLE_ATTACK_NONHUMAN_HORDE_CONTROL_FURTHEST_ROUNDS_DISTANCE_AND_FURTHER_MULTIPLIER""]",,"{""description"": ""(In-game) Multiplier applied to attack non-human horde armies tasks based on distance to nearest asset, upper distance priority multiplier."", ""key"": ""CAI_VARIABLE_ATTACK_NONHUMAN_HORDE_CONTROL_FURTHEST_ROUNDS_DISTANCE_AND_FURTHER_MULTIPLIER"", ""value"": 0}",null
cai_variables_tables,deepwar,OVERRIDE_SAME_AS_VANILLA,"[""CAI_VARIABLE_BLACK_ARK_SUPPORT_STRENGTH""]",,"{""description"": ""(In-game) Strenght bonus from black ark support"", ""key"": ""CAI_VARIABLE_BLACK_ARK_SUPPORT_STRENGTH"", ""value"": 1000000}",null
cai_variables_tables,deepwar,OVERRIDE_SAME_AS_VANILLA,"[""CAI_VARIABLE_DO_NOT_ENABLE""]",,"{""description"": ""(In-game) Set it to 1 if you dare. DO NOT SET IT ANY HIGHER!!!"", ""key"": ""CAI_VARIABLE_DO_NOT_ENABLE"", ""value"": 0}",null
cai_variables_tables,deepwar,OVERRIDE_CHANGED,"[""CAI_VARIABLE_FINANCE_CONST_BIAS_EASY_LEVEL""]",value,"{""description"": ""(In-game) CAI Budgeting bias, easy difficulty, levels to apply at."", ""key"": ""CAI_VARIABLE_FINANCE_CONST_BIAS_EASY_LEVEL"", ""value"": 4}","{""description"": ""(In-game) CAI Budgeting bias, easy difficulty, levels to apply at."", ""key"": ""CAI_VARIABLE_FINANCE_CONST_BIAS_EASY_LEVEL"", ""value"": 0}"
cai_variables_tables,deepwar,OVERRIDE_CHANGED,"[""CAI_VARIABLE_FINANCE_CONST_BIAS_EASY_TURNS""]",value,"{""description"": ""(In-game) CAI Budgeting bias,easy difficulty, rounds to apply for."", ""key"": ""CAI_VARIABLE_FINANCE_CONST_BIAS_EASY_TURNS"", ""value"": 12}","{""description"": ""(In-game) CAI Budgeting bias,easy difficulty, rounds to apply for."", ""key"": ""CAI_VARIABLE_FINANCE_CONST_BIAS_EASY_TURNS"", ""value"": 0}"
cai_variables_tables,deepwar,OVERRIDE_CHANGED,"[""CAI_VARIABLE_FINANCE_CONST_BIAS_HARD_LEVEL""]",value,"{""description"": ""(In-game) CAI Budgeting bias, hard difficulty, levels to apply at."", ""key"": ""CAI_VARIABLE_FINANCE_CONST_BIAS_HARD_LEVEL"", ""value"": 2}","{""description"": ""(In-game) CAI Budgeting bias, hard difficulty, levels to apply at."", ""key"": ""CAI_VARIABLE_FINANCE_CONST_BIAS_HARD_LEVEL"", ""value"": 0}"
cai_variables_tables,deepwar,OVERRIDE_CHANGED,"[""CAI_VARIABLE_FINANCE_CONST_BIAS_HARD_TURNS""]",value,"{""description"": ""(In-game) CAI Budgeting bias, hard difficulty, rounds to apply for."", ""key"": ""CAI_VARIABLE_FINANCE_CONST_BIAS_HARD_TURNS"", ""value"": 3}","{""description"": ""(In-game) CAI Budgeting bias, hard difficulty, rounds to apply for."", ""key"": ""CAI_VARIABLE_FINANCE_CONST_BIAS_HARD_TURNS"", ""value"": 0}"
cai_variables_tables,deepwar,OVERRIDE_CHANGED,"[""CAI_VARIABLE_FINANCE_CONST_BIAS_LEGENDARY_LEVEL""]",value,"{""description"": ""(In-game) CAI Budgeting bias, legendary difficulty, levels to apply at."", ""key"": ""CAI_VARIABLE_FINANCE_CONST_BIAS_LEGENDARY_LEVEL"", ""value"": 1}","{""description"": ""(In-game) CAI Budgeting bias, legendary difficulty, levels to apply at."", ""key"": ""CAI_VARIABLE_FINANCE_CONST_BIAS_LEGENDARY_LEVEL"", ""value"": 0}"
cai_variables_tables,deepwar,OVERRIDE_SAME_AS_VANILLA,"[""CAI_VARIABLE_FINANCE_CONST_BIAS_LEGENDARY_TURNS""]",,"{""description"": ""(In-game) CAI Budgeting bias, legendary difficulty, rounds to apply for."", ""key"": ""CAI_VARIABLE_FINANCE_CONST_BIAS_LEGENDARY_TURNS"", ""value"": 0}",null
cai_variables_tables,deepwar,OVERRIDE_CHANGED,"[""CAI_VARIABLE_FINANCE_CONST_BIAS_NORMAL_LEVEL""]",value,"{""description"": ""(In-game) CAI Budgeting bias, normal difficulty, levels to apply at."", ""key"": ""CAI_VARIABLE_FINANCE_CONST_BIAS_NORMAL_LEVEL"", ""value"": 2}","{""description"": ""(In-game) CAI Budgeting bias, normal difficulty, levels to apply at."", ""key"": ""CAI_VARIABLE_FINANCE_CONST_BIAS_NORMAL_LEVEL"", ""value"": 0}"
cai_variables_tables,deepwar,OVERRIDE_CHANGED,"[""CAI_VARIABLE_FINANCE_CONST_BIAS_NORMAL_TURNS""]",value,"{""description"": ""(In-game) CAI Budgeting bias, normal difficulty, rounds to apply for."", ""key"": ""CAI_VARIABLE_FINANCE_CONST_BIAS_NORMAL_TURNS"", ""value"": 6}","{""description"": ""(In-game) CAI Budgeting bias, normal difficulty, rounds to apply for."", ""key"": ""CAI_VARIABLE_FINANCE_CONST_BIAS_NORMAL_TURNS"", ""value"": 0}"
cai_variables_tables,deepwar,OVERRIDE_CHANGED,"[""CAI_VARIABLE_FINANCE_CONST_BIAS_VERY_HARD_LEVEL""]",value,"{""description"": ""(In-game) CAI Budgeting bias, very hard difficulty, levels to apply at."", ""key"": ""CAI_VARIABLE_FINANCE_CONST_BIAS_VERY_HARD_LEVEL"", ""value"": 1}","{""description"": ""(In-game) CAI Budgeting bias, very hard difficulty, levels to apply at."", ""key"": ""CAI_VARIABLE_FINANCE_CONST_BIAS_VERY_HARD_LEVEL"", ""value"": 0}"
cai_variables_tables,deepwar,OVERRIDE_SAME_AS_VANILLA,"[""CAI_VARIABLE_FORTIFIED_SETTLEMENT_FORTIFICATION_BONUS""]",,"{""description"": ""(In-game) AI strength bonus for fortified settlements."", ""key"": ""CAI_VARIABLE_FORTIFIED_SETTLEMENT_FORTIFICATION_BONUS"", ""value"": 300000}",null
cai_variables_tables,deepwar,OVERRIDE_CHANGED,"[""CAI_VARIABLE_FORTIFIED_SETTLEMENT_FORTIFICATION_MULTIPLIER""]",value,"{""description"": ""(In-game) AI strength multiplier for fortified settlements, modified by Siege engines."", ""key"": ""CAI_VARIABLE_FORTIFIED_SETTLEMENT_FORTIFICATION_MULTIPLIER"", ""value"": 1.29999995}","{""description"": ""(In-game) AI strength multiplier for fortified settlements, modified by Siege engines."", ""key"": ""CAI_VARIABLE_FORTIFIED_SETTLEMENT_FORTIFICATION_MULTIPLIER"", ""value"": 4}"
cai_variables_tables,deepwar,OVERRIDE_SAME_AS_VANILLA,"[""CAI_VARIABLE_FORTIFIED_SETTLEMENT_FORTIFICATION_MULTIPLIER_PRE_ASSAULT""]",,"{""description"": ""(In-game) AI strength multiplier for fortified settlements, pre-assault."", ""key"": ""CAI_VARIABLE_FORTIFIED_SETTLEMENT_FORTIFICATION_MULTIPLIER_PRE_ASSAULT"", ""value"": 1.20000005}",null
cai_variables_tables,deepwar,OVERRIDE_CHANGED,"[""CAI_VARIABLE_FORTIFIED_SETTLEMENT_FORTIFICATION_MULTIPLIER_SIEGE_ENGINE_DECREASE""]",value,"{""description"": ""(In-game) Reduction of fortification bonus for each siege engine present."", ""key"": ""CAI_VARIABLE_FORTIFIED_SETTLEMENT_FORTIFICATION_MULTIPLIER_SIEGE_ENGINE_DECREASE"", ""value"": 0.1}","{""description"": ""(In-game) Reduction of fortification bonus for each siege engine present."", ""key"": ""CAI_VARIABLE_FORTIFIED_SETTLEMENT_FORTIFICATION_MULTIPLIER_SIEGE_ENGINE_DECREASE"", ""value"": 2}"
cai_variables_tables,deepwar,OVERRIDE_CHANGED,"[""CAI_VARIABLE_FORTIFIED_SETTLEMENT_FORTIFICATION_MULTIPLIER_THREAT""]",description,"{""description"": ""(In-game) AI strength multiplier for fortified settlements used for threat detection."", ""key"": ""CAI_VARIABLE_FORTIFIED_SETTLEMENT_FORTIFICATION_MULTIPLIER_THREAT"", ""value"": 1}","{""description"": ""(In-game) AI strength multiplier for fortified settlements  used for threat detection."", ""key"": ""CAI_VARIABLE_FORTIFIED_SETTLEMENT_FORTIFICATION_MULTIPLIER_THREAT"", ""value"": 1}"
cai_variables_tables,deepwar,OVERRIDE_SAME_AS_VANILLA,"[""CAI_VARIABLE_GLOBAL_ENEMY_THREAT_MODIFIER""]",,"{""description"": ""(In-game) Modifier for enemy strength in threat calculations. Cannot be 0."", ""key"": ""CAI_VARIABLE_GLOBAL_ENEMY_THREAT_MODIFIER"", ""value"": 1}",null
cai_variables_tables,deepwar,OVERRIDE_CHANGED,"[""CAI_VARIABLE_MAX_GOAL_EVALUATIONS_PER_ROUND""]",value,"{""description"": ""(In-game) Maximum number of goals evaluated by all factions per round."", ""key"": ""CAI_VARIABLE_MAX_GOAL_EVALUATIONS_PER_ROUND"", ""value"": 3000}","{""description"": ""(In-game) Maximum number of goals evaluated by all factions per round."", ""key"": ""CAI_VARIABLE_MAX_GOAL_EVALUATIONS_PER_ROUND"", ""value"": 10000}"
cai_variables_tables,deepwar,OVERRIDE_CHANGED,"[""CAI_VARIABLE_PLAYER_AP_ADJUSTMENT_DEADZONE_MAX""]",value,"{""description"": ""(In-game) Upper bound for player AP deadzone adjustment for threat detection purposes."", ""key"": ""CAI_VARIABLE_PLAYER_AP_ADJUSTMENT_DEADZONE_MAX"", ""value"": 1.04999995}","{""description"": ""(In-game) Upper bound for player AP deadzone adjustment for threat detection purposes."", ""key"": ""CAI_VARIABLE_PLAYER_AP_ADJUSTMENT_DEADZONE_MAX"", ""value"": 1.20000005}"
cai_variables_tables,deepwar,OVERRIDE_CHANGED,"[""CAI_VARIABLE_PLAYER_AP_ADJUSTMENT_DEADZONE_MIN""]",value,"{""description"": ""(In-game) Lower bound for player AP deadzone adjustment for threat detection purposes. The AI will not consider the players movement range to be within the range of this and ...DEADZONE_MAX"", ""key"": ""CAI_VARIABLE_PLAYER_AP_ADJUSTMENT_DEADZONE_MIN"", ""value"": 0.95000005}","{""description"": ""(In-game) Lower bound for player AP deadzone adjustment for threat detection purposes. The AI will not consider the players movement range to be within the range of this and ...DEADZONE_MAX"", ""key"": ""CAI_VARIABLE_PLAYER_AP_ADJUSTMENT_DEADZONE_MIN"", ""value"": 0.94999999}"
cai_variables_tables,deepwar,OVERRIDE_CHANGED,"[""CAI_VARIABLE_PLAYER_AP_ADJUSTMENT_MAX""]",value,"{""description"": ""(In-game) Upper bound for player AP adjustment for threat detection purposes."", ""key"": ""CAI_VARIABLE_PLAYER_AP_ADJUSTMENT_MAX"", ""value"": 1.10000002}","{""description"": ""(In-game) Upper bound for player AP adjustment for threat detection purposes."", ""key"": ""CAI_VARIABLE_PLAYER_AP_ADJUSTMENT_MAX"", ""value"": 1.04999995}"
cai_variables_tables,deepwar,OVERRIDE_CHANGED,"[""CAI_VARIABLE_PLAYER_AP_ADJUSTMENT_MIN""]",value,"{""description"": ""(In-game) Lower bound for player AP adjustment for threat detection purposes. The AI will scale the players movement range by a random value between this and ...ADJUSTMENT_MAX when calculating its movement."", ""key"": ""CAI_VARIABLE_PLAYER_AP_ADJUSTMENT_MIN"", ""value"": 0.90000004}","{""description"": ""(In-game) Lower bound for player AP adjustment for threat detection purposes. The AI will scale the players movement range by a random value between this and ...ADJUSTMENT_MAX when calculating its movement."", ""key"": ""CAI_VARIABLE_PLAYER_AP_ADJUSTMENT_MIN"", ""value"": 1}"
cai_variables_tables,deepwar,OVERRIDE_SAME_AS_VANILLA,"[""CAI_VARIABLE_SETTLEMENT_STRENGTH_MODIFIER_ASSAULT""]",,"{""description"": ""(In-game) Personality-based modifier for assaulting settlements."", ""key"": ""CAI_VARIABLE_SETTLEMENT_STRENGTH_MODIFIER_ASSAULT"", ""value"": 1}",null
cai_variables_tables,deepwar,OVERRIDE_CHANGED,"[""CAI_VARIABLE_SETTLEMENT_STRENGTH_MODIFIER_DEFEND""]",value,"{""description"": ""(In-game) Personality-based modifier for defending settlements."", ""key"": ""CAI_VARIABLE_SETTLEMENT_STRENGTH_MODIFIER_DEFEND"", ""value"": 1}","{""description"": ""(In-game) Personality-based modifier for defending settlements."", ""key"": ""CAI_VARIABLE_SETTLEMENT_STRENGTH_MODIFIER_DEFEND"", ""value"": 0.75}"
cai_variables_tables,deepwar,OVERRIDE_CHANGED,"[""CAI_VARIABLE_UNFORTIFIED_SETTLEMENT_FORTIFICATION_BONUS""]",description,"{""description"": ""(In-game) AI strength bonus for unfortified settlements (Includes both ones which will load minor settlement battle maps, and ones which will load land battle maps)"", ""key"": ""CAI_VARIABLE_UNFORTIFIED_SETTLEMENT_FORTIFICATION_BONUS"", ""value"": 100000}","{""description"": ""(In-game) AI strength bonus for unfortified settlements."", ""key"": ""CAI_VARIABLE_UNFORTIFIED_SETTLEMENT_FORTIFICATION_BONUS"", ""value"": 100000}"
cai_variables_tables,deepwar,OVERRIDE_CHANGED,"[""CAI_VARIABLE_UNFORTIFIED_SETTLEMENT_FORTIFICATION_MULTIPLIER""]","description,value","{""description"": ""(In-game) AI strength multiplier for unfortified settlements (Includes both ones which will load minor settlement battle maps, and ones which will load land battle maps)."", ""key"": ""CAI_VARIABLE_UNFORTIFIED_SETTLEMENT_FORTIFICATION_MULTIPLIER"", ""value"": 1.20000005}","{""description"": ""(In-game) AI strength multiplier for unfortified settlements."", ""key"": ""CAI_VARIABLE_UNFORTIFIED_SETTLEMENT_FORTIFICATION_MULTIPLIER"", ""value"": 1.10000002}"
cai_variables_tables,deepwar,OVERRIDE_CHANGED,"[""CAI_VARIABLE_UNFORTIFIED_SETTLEMENT_FORTIFICATION_MULTIPLIER_PRE_ASSAULT""]",description,"{""description"": ""(In-game) AI strength multiplier for unfortified settlements, pre-assault. (Includes both ones which will load minor settlement battle maps, and ones which will load land battle maps)"", ""key"": ""CAI_VARIABLE_UNFORTIFIED_SETTLEMENT_FORTIFICATION_MULTIPLIER_PRE_ASSAULT"", ""value"": 1.10000002}","{""description"": ""(In-game) AI strength multiplier for unfortified settlements, pre-assault."", ""key"": ""CAI_VARIABLE_UNFORTIFIED_SETTLEMENT_FORTIFICATION_MULTIPLIER_PRE_ASSAULT"", ""value"": 1.10000002}"
cai_variables_tables,deepwar,OVERRIDE_CHANGED,"[""CAI_VARIABLE_UNFORTIFIED_SETTLEMENT_FORTIFICATION_MULTIPLIER_THREAT""]",description,"{""description"": ""(In-game) AI strength multiplier for unfortified settlements used for threat detection. (Includes both ones which will load minor settlement battle maps, and ones which will load land battle maps)"", ""key"": ""CAI_VARIABLE_UNFORTIFIED_SETTLEMENT_FORTIFICATION_MULTIPLIER_THREAT"", ""value"": 1}","{""description"": ""(In-game) AI strength multiplier for fortified settlements used for threat detection."", ""key"": ""CAI_VARIABLE_UNFORTIFIED_SETTLEMENT_FORTIFICATION_MULTIPLIER_THREAT"", ""value"": 1}"
cai_variables_tables,hecleas,OVERRIDE_CHANGED,"[""CAI_VARIABLE_AGGR_RAMP_CHANCE_BASE""]",value,"{""description"": ""(In-game) Base chance per round that an eligible faction will be selected for aggression increase. Base Chance + (Rounds Played * Per Round Chance). The Aggression rank mechanic is mostly depractated, its sole remaining purpose is a small impact on strategic stance, but even this is mostly disabled through data"", ""key"": ""CAI_VARIABLE_AGGR_RAMP_CHANCE_BASE"", ""value"": 10}","{""description"": ""(In-game) Base chance per round that an eligible faction will be selected for aggression increase. Base Chance + (Rounds Played * Per Round Chance). The Aggression rank mechanic is mostly depractated, its sole remaining purpose is a small impact on strategic stance, but even this is mostly disabled through data"", ""key"": ""CAI_VARIABLE_AGGR_RAMP_CHANCE_BASE"", ""value"": 100}"
cai_variables_tables,hecleas,OVERRIDE_CHANGED,"[""CAI_VARIABLE_AGGR_RAMP_CHANCE_PER_ROUND""]",value,"{""description"": ""(In-game) Additional per round chance that an eligible faction will be selected for aggression increase. Base Chance + (Rounds Played * Per Round Chance). The Aggression rank mechanic is mostly depractated, its sole remaining purpose is a small impact on strategic stance, but even this is mostly disabled through data"", ""key"": ""CAI_VARIABLE_AGGR_RAMP_CHANCE_PER_ROUND"", ""value"": 0}","{""description"": ""(In-game) Additional per round chance that an eligible faction will be selected for aggression increase. Base Chance + (Rounds Played * Per Round Chance). The Aggression rank mechanic is mostly depractated, its sole remaining purpose is a small impact on strategic stance, but even this is mostly disabled through data"", ""key"": ""CAI_VARIABLE_AGGR_RAMP_CHANCE_PER_ROUND"", ""value"": 10}"
cai_variables_tables,hecleas,OVERRIDE_CHANGED,"[""CAI_VARIABLE_AGGR_RAMP_ENABLED""]",value,"{""description"": ""(In-game) Whether the aggression ramp is enable. 0=no, 1=yes. The Aggression rank mechanic is mostly depractated, its sole remaining purpose is a small impact on strategic stance, but even this is mostly disabled through data"", ""key"": ""CAI_VARIABLE_AGGR_RAMP_ENABLED"", ""value"": 0}","{""description"": ""(In-game) Whether the aggression ramp is enable. 0=no, 1=yes. The Aggression rank mechanic is mostly depractated, its sole remaining purpose is a small impact on strategic stance, but even this is mostly disabled through data"", ""key"": ""CAI_VARIABLE_AGGR_RAMP_ENABLED"", ""value"": 1}"
cai_variables_tables,hecleas,OVERRIDE_CHANGED,"[""CAI_VARIABLE_AGGR_RAMP_FAME_MAX""]",value,"{""description"": ""(In-game) Player fame level at which the ramp ends and the maximum level of aggression will be applied. The Aggression rank mechanic is mostly depractated, its sole remaining purpose is a small impact on strategic stance, but even this is mostly disabled through data"", ""key"": ""CAI_VARIABLE_AGGR_RAMP_FAME_MAX"", ""value"": 100}","{""description"": ""(In-game) Player fame level at which the ramp ends and the maximum level of aggression will be applied. The Aggression rank mechanic is mostly depractated, its sole remaining purpose is a small impact on strategic stance, but even this is mostly disabled through data"", ""key"": ""CAI_VARIABLE_AGGR_RAMP_FAME_MAX"", ""value"": 1}"
cai_variables_tables,hecleas,OVERRIDE_CHANGED,"[""CAI_VARIABLE_AGGR_RAMP_FAME_MIN""]",value,"{""description"": ""(In-game) Player fame level beyond which the aggression ramp will start to apply. The Aggression rank mechanic is mostly depractated, its sole remaining purpose is a small impact on strategic stance, but even this is mostly disabled through data"", ""key"": ""CAI_VARIABLE_AGGR_RAMP_FAME_MIN"", ""value"": 20}","{""description"": ""(In-game) Player fame level beyond which the aggression ramp will start to apply. The Aggression rank mechanic is mostly depractated, its sole remaining purpose is a small impact on strategic stance, but even this is mostly disabled through data"", ""key"": ""CAI_VARIABLE_AGGR_RAMP_FAME_MIN"", ""value"": 1}"
cai_variables_tables,hecleas,OVERRIDE_CHANGED,"[""CAI_VARIABLE_AGGR_RAMP_LEVEL_MAX""]",value,"{""description"": ""(In-game) The ending level for the aggression ramp to use. 1-6. Should be equal to or greater than the minimum level selected. 1=LOW, 2=LOW_TO_MEDIUM, 3=MEDIUM, 4=MEDIUM_TO_HIGH, 5=HIGH, 6=VERY HIGH. The Aggression rank mechanic is mostly depractated, its sole remaining purpose is a small impact on strategic context, but even this is mostly disabled through data"", ""key"": ""CAI_VARIABLE_AGGR_RAMP_LEVEL_MAX"", ""value"": 5}","{""description"": ""(In-game) The ending level for the aggression ramp to use. 1-6. Should be equal to or greater than the minimum level selected. 1=LOW, 2=LOW_TO_MEDIUM, 3=MEDIUM, 4=MEDIUM_TO_HIGH, 5=HIGH, 6=VERY HIGH. The Aggression rank mechanic is mostly depractated, its sole remaining purpose is a small impact on strategic context, but even this is mostly disabled through data"", ""key"": ""CAI_VARIABLE_AGGR_RAMP_LEVEL_MAX"", ""value"": 6}"
cai_variables_tables,hecleas,OVERRIDE_CHANGED,"[""CAI_VARIABLE_AGGR_RAMP_LEVEL_MIN""]",value,"{""description"": ""(In-game) The starting level for the aggression ramp to use. 1-6. 1=LOW, 2=LOW_TO_MEDIUM, 3=MEDIUM, 4=MEDIUM_TO_HIGH, 5=HIGH, 6=VERY HIGH. The Aggression rank mechanic is mostly depractated, its sole remaining purpose is a small impact on strategic stance, but even this is mostly disabled through data"", ""key"": ""CAI_VARIABLE_AGGR_RAMP_LEVEL_MIN"", ""value"": 1}","{""description"": ""(In-game) The starting level for the aggression ramp to use. 1-6. 1=LOW, 2=LOW_TO_MEDIUM, 3=MEDIUM, 4=MEDIUM_TO_HIGH, 5=HIGH, 6=VERY HIGH. The Aggression rank mechanic is mostly depractated, its sole remaining purpose is a small impact on strategic stance, but even this is mostly disabled through data"", ""key"": ""CAI_VARIABLE_AGGR_RAMP_LEVEL_MIN"", ""value"": 6}"
cai_variables_tables,hecleas,OVERRIDE_CHANGED,"[""CAI_VARIABLE_AGGR_RAMP_ROUNDS_MAX""]",value,"{""description"": ""(In-game) Round at which the ramp should finish (and max level be used for aggression increases). The Aggression rank mechanic is mostly depractated, its sole remaining purpose is a small impact on strategic stance, but even this is mostly disabled through data"", ""key"": ""CAI_VARIABLE_AGGR_RAMP_ROUNDS_MAX"", ""value"": 100}","{""description"": ""(In-game) Round at which the ramp should finish (and max level be used for aggression increases). The Aggression rank mechanic is mostly depractated, its sole remaining purpose is a small impact on strategic stance, but even this is mostly disabled through data"", ""key"": ""CAI_VARIABLE_AGGR_RAMP_ROUNDS_MAX"", ""value"": 1}"
cai_variables_tables,hecleas,OVERRIDE_CHANGED,"[""CAI_VARIABLE_AGGR_RAMP_ROUNDS_MIN""]",value,"{""description"": ""(In-game) Round beyond which the aggression ramp will start (beginning with the minimum aggression level). The Aggression rank mechanic is mostly depractated, its sole remaining purpose is a small impact on strategic stance, but even this is mostly disabled through data"", ""key"": ""CAI_VARIABLE_AGGR_RAMP_ROUNDS_MIN"", ""value"": 20}","{""description"": ""(In-game) Round beyond which the aggression ramp will start (beginning with the minimum aggression level). The Aggression rank mechanic is mostly depractated, its sole remaining purpose is a small impact on strategic stance, but even this is mostly disabled through data"", ""key"": ""CAI_VARIABLE_AGGR_RAMP_ROUNDS_MIN"", ""value"": 1}"
cai_variables_tables,hecleas,OVERRIDE_SAME_AS_VANILLA,"[""CAI_VARIABLE_AMBUSH_AVOIDANCE_DURATION""]",,"{""description"": ""(In-game) Used for the CAI to determine how long to avoid ambush locations."", ""key"": ""CAI_VARIABLE_AMBUSH_AVOIDANCE_DURATION"", ""value"": 10}",null
cai_variables_tables,hecleas,OVERRIDE_SAME_AS_VANILLA,"[""CAI_VARIABLE_ARMORY_ITEM_BASE_SCORE""]",,"{""description"": ""(In-game) Used for the CA armory item scoring: this is the base score for any unremarkable item."", ""key"": ""CAI_VARIABLE_ARMORY_ITEM_BASE_SCORE"", ""value"": 1}",null
cai_variables_tables,hecleas,OVERRIDE_SAME_AS_VANILLA,"[""CAI_VARIABLE_ARMORY_ITEM_GOD_SPECIFIC_SCORE""]",,"{""description"": ""(In-game) Used for the CA armory item scoring: this is the score an item will have if it's god-specific."", ""key"": ""CAI_VARIABLE_ARMORY_ITEM_GOD_SPECIFIC_SCORE"", ""value"": 2}",null
cai_variables_tables,hecleas,OVERRIDE_SAME_AS_VANILLA,"[""CAI_VARIABLE_ARMORY_ITEM_IN_SET_SCORE""]",,"{""description"": ""(In-game) Used for the CA armory item scoring: this is the score an item will have if it belongs to an item set."", ""key"": ""CAI_VARIABLE_ARMORY_ITEM_IN_SET_SCORE"", ""value"": 4}",null
cai_variables_tables,hecleas,OVERRIDE_CHANGED,"[""CAI_VARIABLE_ATTACK_ALL_ENEMY_SETTLEMENTS_IF_FACTION_HASNT_EXPANDED_FOR_ROUNDS""]",value,"{""description"": ""(In-game) If faction has not gained any region for this many rounds, attack tasks for all settlements is generated."", ""key"": ""CAI_VARIABLE_ATTACK_ALL_ENEMY_SETTLEMENTS_IF_FACTION_HASNT_EXPANDED_FOR_ROUNDS"", ""value"": 5}","{""description"": ""(In-game) If faction has not gained any region for this many rounds, attack tasks for all settlements is generated."", ""key"": ""CAI_VARIABLE_ATTACK_ALL_ENEMY_SETTLEMENTS_IF_FACTION_HASNT_EXPANDED_FOR_ROUNDS"", ""value"": 2}"
cai_variables_tables,hecleas,OVERRIDE_CHANGED,"[""CAI_VARIABLE_ATTACK_ALL_ENEMY_SETTLEMENTS_IF_FACTION_HASNT_EXPANDED_MAX_PRIORITY_IN_ROUNDS""]",value,"{""description"": ""(In-game) The priority of the attack if havent expanded task goes to maximum if we havent captured territory for CAI_VARIABLE_ATTACK_ALL_ENEMY_SETTLEMENTS_IF_FACTION_HASNT_EXPANDED_FOR_ROUNDS+CAI_VARIABLE_ATTACK_ALL_ENEMY_SETTLEMENTS_IF_FACTION_HASNT_EXPANDED_MAX_PRIORITY_IN_ROUNDS"", ""key"": ""CAI_VARIABLE_ATTACK_ALL_ENEMY_SETTLEMENTS_IF_FACTION_HASNT_EXPANDED_MAX_PRIORITY_IN_ROUNDS"", ""value"": 20}","{""description"": ""(In-game) The priority of the attack if havent expanded task goes to maximum if we havent captured territory for CAI_VARIABLE_ATTACK_ALL_ENEMY_SETTLEMENTS_IF_FACTION_HASNT_EXPANDED_FOR_ROUNDS+CAI_VARIABLE_ATTACK_ALL_ENEMY_SETTLEMENTS_IF_FACTION_HASNT_EXPANDED_MAX_PRIORITY_IN_ROUNDS"", ""key"": ""CAI_VARIABLE_ATTACK_ALL_ENEMY_SETTLEMENTS_IF_FACTION_HASNT_EXPANDED_MAX_PRIORITY_IN_ROUNDS"", ""value"": 5}"
cai_variables_tables,hecleas,OVERRIDE_SAME_AS_VANILLA,"[""CAI_VARIABLE_ATTACK_HUMAN_HORDE_CONTROL_BEGIN_AND_BEFORE_MULTIPLIER""]",,"{""description"": ""(In-game) In generating tasks versus human horde armies the starting priority used."", ""key"": ""CAI_VARIABLE_ATTACK_HUMAN_HORDE_CONTROL_BEGIN_AND_BEFORE_MULTIPLIER"", ""value"": 0}",null
cai_variables_tables,hecleas,OVERRIDE_CHANGED,"[""CAI_VARIABLE_ATTACK_HUMAN_HORDE_CONTROL_BEGIN_ROUND""]",value,"{""description"": ""(In-game) In generating tasks versus human horde armies the round at which to start applying a priority variation."", ""key"": ""CAI_VARIABLE_ATTACK_HUMAN_HORDE_CONTROL_BEGIN_ROUND"", ""value"": 1}","{""description"": ""(In-game) In generating tasks versus human horde armies the round at which to start applying a priority variation."", ""key"": ""CAI_VARIABLE_ATTACK_HUMAN_HORDE_CONTROL_BEGIN_ROUND"", ""value"": 0}"
cai_variables_tables,hecleas,OVERRIDE_SAME_AS_VANILLA,"[""CAI_VARIABLE_ATTACK_HUMAN_HORDE_CONTROL_CLOSEST_ROUNDS_DISTANCE""]",,"{""description"": ""(In-game) Multiplier applied to attack human horde armies tasks based on distance to nearest asset, lower distance bound."", ""key"": ""CAI_VARIABLE_ATTACK_HUMAN_HORDE_CONTROL_CLOSEST_ROUNDS_DISTANCE"", ""value"": 1}",null
cai_variables_tables,hecleas,OVERRIDE_SAME_AS_VANILLA,"[""CAI_VARIABLE_ATTACK_HUMAN_HORDE_CONTROL_CLOSEST_ROUNDS_DISTANCE_AND_NEARER_MULTIPLIER""]",,"{""description"": ""(In-game) Multiplier applied to attack human horde armies tasks based on distance to nearest asset, lower distance priority multiplier."", ""key"": ""CAI_VARIABLE_ATTACK_HUMAN_HORDE_CONTROL_CLOSEST_ROUNDS_DISTANCE_AND_NEARER_MULTIPLIER"", ""value"": 1.25}",null
cai_variables_tables,hecleas,OVERRIDE_SAME_AS_VANILLA,"[""CAI_VARIABLE_ATTACK_HUMAN_HORDE_CONTROL_END_AND_AFTER_MULTIPLIER""]",,"{""description"": ""(In-game) In generating tasks versus human horde armies the ending priority used."", ""key"": ""CAI_VARIABLE_ATTACK_HUMAN_HORDE_CONTROL_END_AND_AFTER_MULTIPLIER"", ""value"": 1.75}",null
cai_variables_tables,hecleas,OVERRIDE_SAME_AS_VANILLA,"[""CAI_VARIABLE_ATTACK_HUMAN_HORDE_CONTROL_END_ROUND""]",,"{""description"": ""(In-game) In generating tasks versus human horde armies the round at which to end applying a priority variation."", ""key"": ""CAI_VARIABLE_ATTACK_HUMAN_HORDE_CONTROL_END_ROUND"", ""value"": 100}",null
cai_variables_tables,hecleas,OVERRIDE_SAME_AS_VANILLA,"[""CAI_VARIABLE_ATTACK_HUMAN_HORDE_CONTROL_FURTHEST_ROUNDS_DISTANCE""]",,"{""description"": ""(In-game) Multiplier applied to attack human horde armies tasks based on distance to nearest asset, upper distance bound."", ""key"": ""CAI_VARIABLE_ATTACK_HUMAN_HORDE_CONTROL_FURTHEST_ROUNDS_DISTANCE"", ""value"": 4}",null
cai_variables_tables,hecleas,OVERRIDE_SAME_AS_VANILLA,"[""CAI_VARIABLE_ATTACK_HUMAN_HORDE_CONTROL_FURTHEST_ROUNDS_DISTANCE_AND_FURTHER_MULTIPLIER""]",,"{""description"": ""(In-game) Multiplier applied to attack human horde armies tasks based on distance to nearest asset, upper distance priority multiplier."", ""key"": ""CAI_VARIABLE_ATTACK_HUMAN_HORDE_CONTROL_FURTHEST_ROUNDS_DISTANCE_AND_FURTHER_MULTIPLIER"", ""value"": 0}",null
cai_variables_tables,hecleas,OVERRIDE_SAME_AS_VANILLA,"[""CAI_VARIABLE_ATTACK_NONHUMAN_HORDE_CONTROL_CLOSEST_ROUNDS_DISTANCE""]",,"{""description"": ""(In-game) Multiplier applied to attack non-human horde armies tasks based on distance to nearest asset, lower distance bound."", ""key"": ""CAI_VARIABLE_ATTACK_NONHUMAN_HORDE_CONTROL_CLOSEST_ROUNDS_DISTANCE"", ""value"": 1}",null
cai_variables_tables,hecleas,OVERRIDE_SAME_AS_VANILLA,"[""CAI_VARIABLE_ATTACK_NONHUMAN_HORDE_CONTROL_CLOSEST_ROUNDS_DISTANCE_AND_NEARER_MULTIPLIER""]",,"{""description"": ""(In-game) Multiplier applied to attack non- human horde armies tasks based on distance to nearest asset, lower distance priority multiplier."", ""key"": ""CAI_VARIABLE_ATTACK_NONHUMAN_HORDE_CONTROL_CLOSEST_ROUNDS_DISTANCE_AND_NEARER_MULTIPLIER"", ""value"": 1.25}",null
cai_variables_tables,hecleas,OVERRIDE_SAME_AS_VANILLA,"[""CAI_VARIABLE_ATTACK_NONHUMAN_HORDE_CONTROL_FURTHEST_ROUNDS_DISTANCE""]",,"{""description"": ""(In-game) Multiplier applied to attack non-human horde armies tasks based on distance to nearest asset, upper distance bound."", ""key"": ""CAI_VARIABLE_ATTACK_NONHUMAN_HORDE_CONTROL_FURTHEST_ROUNDS_DISTANCE"", ""value"": 4}",null
cai_variables_tables,hecleas,OVERRIDE_SAME_AS_VANILLA,"[""CAI_VARIABLE_ATTACK_NONHUMAN_HORDE_CONTROL_FURTHEST_ROUNDS_DISTANCE_AND_FURTHER_MULTIPLIER""]",,"{""description"": ""(In-game) Multiplier applied to attack non-human horde armies tasks based on distance to nearest asset, upper distance priority multiplier."", ""key"": ""CAI_VARIABLE_ATTACK_NONHUMAN_HORDE_CONTROL_FURTHEST_ROUNDS_DISTANCE_AND_FURTHER_MULTIPLIER"", ""value"": 0}",null
cai_variables_tables,hecleas,OVERRIDE_SAME_AS_VANILLA,"[""CAI_VARIABLE_BARTER_SUPPLY_PERCENT_MAX""]",,"{""description"": ""(In-game) AIs won't exceed this percent of the current supply of a particular resource when proposing single barters for that resource."", ""key"": ""CAI_VARIABLE_BARTER_SUPPLY_PERCENT_MAX"", ""value"": 70}",null
cai_variables_tables,hecleas,OVERRIDE_CHANGED,"[""CAI_VARIABLE_BASIC_CTRL_BUILDING_CONVERSION_BONUS""]",value,"{""description"": ""(In-game) Bonus applied to scoring of cultural conversion options in the construction system."", ""key"": ""CAI_VARIABLE_BASIC_CTRL_BUILDING_CONVERSION_BONUS"", ""value"": 20}","{""description"": ""(In-game) Bonus applied to scoring of cultural conversion options in the construction system."", ""key"": ""CAI_VARIABLE_BASIC_CTRL_BUILDING_CONVERSION_BONUS"", ""value"": 100}"
cai_variables_tables,hecleas,OVERRIDE_SAME_AS_VANILLA,"[""CAI_VARIABLE_BASIC_CTRL_BUILDING_DEMOLITION_BONUS""]",,"{""description"": ""(In-game) Bonus applied to scoring of demolition options in the construction system."", ""key"": ""CAI_VARIABLE_BASIC_CTRL_BUILDING_DEMOLITION_BONUS"", ""value"": 60}",null
cai_variables_tables,hecleas,OVERRIDE_CHANGED,"[""CAI_VARIABLE_BASIC_CTRL_BUILDING_REPAIR_BONUS""]",value,"{""description"": ""(In-game) Bonus applied to scoring of repair options in the construction system."", ""key"": ""CAI_VARIABLE_BASIC_CTRL_BUILDING_REPAIR_BONUS"", ""value"": 60}","{""description"": ""(In-game) Bonus applied to scoring of repair options in the construction system."", ""key"": ""CAI_VARIABLE_BASIC_CTRL_BUILDING_REPAIR_BONUS"", ""value"": 100}"
cai_variables_tables,hecleas,OVERRIDE_CHANGED,"[""CAI_VARIABLE_BLACK_ARK_SUPPORT_STRENGTH""]",value,"{""description"": ""(In-game) Strenght bonus from black ark support"", ""key"": ""CAI_VARIABLE_BLACK_ARK_SUPPORT_STRENGTH"", ""value"": 1000000}","{""description"": ""(In-game) Strenght bonus from black ark support"", ""key"": ""CAI_VARIABLE_BLACK_ARK_SUPPORT_STRENGTH"", ""value"": 1}"
cai_variables_tables,hecleas,OVERRIDE_SAME_AS_VANILLA,"[""CAI_VARIABLE_CLIMATE_CHANGE_IMMINENT_CONSTRUCTION_SYSTEM_FOOD_CONTROL_MULTIPLIER""]",,"{""description"": ""(In-game) Multiplier applied to region count values if climate change mitigation is in effect (CAI_VARIABLE_FOOD_CTRL_BUILDING_APPLY_BONUS_AT_OR_BELOW_REGION_ADJUSTMENT, CAI_VARIABLE_FOOD_CTRL_BUILDING_APPLY_PENALTY_BELOW_REGION_ADJUSTMENT)."", ""key"": ""CAI_VARIABLE_CLIMATE_CHANGE_IMMINENT_CONSTRUCTION_SYSTEM_FOOD_CONTROL_MULTIPLIER"", ""value"": 2}",null
cai_variables_tables,hecleas,OVERRIDE_CHANGED,"[""CAI_VARIABLE_CLIMATE_CHANGE_IMMINENT_WITHIN""]",value,"{""description"": ""(In-game) Rounds from expected climate change that AI's will start to take mitigating action."", ""key"": ""CAI_VARIABLE_CLIMATE_CHANGE_IMMINENT_WITHIN"", ""value"": 10}","{""description"": ""(In-game) Rounds from expected climate change that AI's will start to take mitigating action."", ""key"": ""CAI_VARIABLE_CLIMATE_CHANGE_IMMINENT_WITHIN"", ""value"": 4}"
cai_variables_tables,hecleas,OVERRIDE_CHANGED,"[""CAI_VARIABLE_CNSTR_PRIORITY_OVER_COST_MODIFICATION""]",value,"{""description"": ""(In-game) When considering the importance of buildings for a specific context how much should value for money count versus raw priority (0.0, not a bit to 1.0, entirely)."", ""key"": ""CAI_VARIABLE_CNSTR_PRIORITY_OVER_COST_MODIFICATION"", ""value"": 0.1}","{""description"": ""(In-game) When considering the importance of buildings for a specific context how much should value for money count versus raw priority (0.0, not a bit to 1.0, entirely)."", ""key"": ""CAI_VARIABLE_CNSTR_PRIORITY_OVER_COST_MODIFICATION"", ""value"": 0.40000001}"
cai_variables_tables,hecleas,OVERRIDE_SAME_AS_VANILLA,"[""CAI_VARIABLE_CONSIDER_MAJOR_OVER_REGIONS""]",,"{""description"": ""DEPRECATED"", ""key"": ""CAI_VARIABLE_CONSIDER_MAJOR_OVER_REGIONS"", ""value"": 3}",null
cai_variables_tables,hecleas,OVERRIDE_SAME_AS_VANILLA,"[""CAI_VARIABLE_CONSTRUCTION_SYSTEM_VALUE_FOR_MONEY_CONSIDERATION_MULTIPLIER""]",,"{""description"": ""(In-game) Within the AI construction system the proportion of value for money evaluation that should be applied."", ""key"": ""CAI_VARIABLE_CONSTRUCTION_SYSTEM_VALUE_FOR_MONEY_CONSIDERATION_MULTIPLIER"", ""value"": 1}",null
cai_variables_tables,hecleas,OVERRIDE_SAME_AS_VANILLA,"[""CAI_VARIABLE_CONSTRUCTION_SYSTEM_VALUE_FOR_MONEY_CONSIDERATION_TARGET""]",,"{""description"": ""(In-game) In the construction system the target value used when adjusting a buildings evaluation due to value of money effects."", ""key"": ""CAI_VARIABLE_CONSTRUCTION_SYSTEM_VALUE_FOR_MONEY_CONSIDERATION_TARGET"", ""value"": 1000}",null
cai_variables_tables,hecleas,OVERRIDE_CHANGED,"[""CAI_VARIABLE_DEFEND_LOCATION_RITUAL_CURRENCY_THRESHOLD""]",value,"{""description"": ""(In-game) "", ""key"": ""CAI_VARIABLE_DEFEND_LOCATION_RITUAL_CURRENCY_THRESHOLD"", ""value"": 0.95000005}","{""description"": ""(In-game) "", ""key"": ""CAI_VARIABLE_DEFEND_LOCATION_RITUAL_CURRENCY_THRESHOLD"", ""value"": 0.94999999}"
cai_variables_tables,hecleas,OVERRIDE_SAME_AS_VANILLA,"[""CAI_VARIABLE_DEPLOY_OGRE_CAMP_WEIGHT_ALLIED_TERRITORY""]",,"{""description"": ""(In-game) Weight for camp deplyment when in allied territory"", ""key"": ""CAI_VARIABLE_DEPLOY_OGRE_CAMP_WEIGHT_ALLIED_TERRITORY"", ""value"": 0}",null
cai_variables_tables,hecleas,OVERRIDE_SAME_AS_VANILLA,"[""CAI_VARIABLE_DEPLOY_OGRE_CAMP_WEIGHT_ENEMY_TERRITORY""]",,"{""description"": ""(In-game) Weight for camp deployment when in enemy territory"", ""key"": ""CAI_VARIABLE_DEPLOY_OGRE_CAMP_WEIGHT_ENEMY_TERRITORY"", ""value"": 0}",null
cai_variables_tables,hecleas,OVERRIDE_SAME_AS_VANILLA,"[""CAI_VARIABLE_DEPLOY_OGRE_CAMP_WEIGHT_ENEMY_TERRITORY_NEAR""]",,"{""description"": ""(In-game) Weight for camp deplyment when enemy territory in an adjacent region"", ""key"": ""CAI_VARIABLE_DEPLOY_OGRE_CAMP_WEIGHT_ENEMY_TERRITORY_NEAR"", ""value"": 0}",null
cai_variables_tables,hecleas,OVERRIDE_SAME_AS_VANILLA,"[""CAI_VARIABLE_DEPLOY_OGRE_CAMP_WEIGHT_EXISTING_CAMP_HERE""]",,"{""description"": ""(In-game) Weight for camp deployment when there is an existing camp at the foreces region"", ""key"": ""CAI_VARIABLE_DEPLOY_OGRE_CAMP_WEIGHT_EXISTING_CAMP_HERE"", ""value"": 0}",null
cai_variables_tables,hecleas,OVERRIDE_SAME_AS_VANILLA,"[""CAI_VARIABLE_DEPLOY_OGRE_CAMP_WEIGHT_EXISTING_CAMP_NEAR""]",,"{""description"": ""(In-game) Weight for camp deplyment when there is a camp in an adjecent region"", ""key"": ""CAI_VARIABLE_DEPLOY_OGRE_CAMP_WEIGHT_EXISTING_CAMP_NEAR"", ""value"": 0}",null
cai_variables_tables,hecleas,OVERRIDE_SAME_AS_VANILLA,"[""CAI_VARIABLE_DEPLOY_OGRE_CAMP_WEIGHT_HIGH_MEAT""]",,"{""description"": ""(In-game) Weight for camp deployment when force at high meat"", ""key"": ""CAI_VARIABLE_DEPLOY_OGRE_CAMP_WEIGHT_HIGH_MEAT"", ""value"": 0}",null
cai_variables_tables,hecleas,OVERRIDE_SAME_AS_VANILLA,"[""CAI_VARIABLE_DEPLOY_OGRE_CAMP_WEIGHT_HOME_TERRITORY""]",,"{""description"": ""(In-game) Weight for camp deployment when in home territory"", ""key"": ""CAI_VARIABLE_DEPLOY_OGRE_CAMP_WEIGHT_HOME_TERRITORY"", ""value"": 0}",null
cai_variables_tables,hecleas,OVERRIDE_SAME_AS_VANILLA,"[""CAI_VARIABLE_DEPLOY_OGRE_CAMP_WEIGHT_LOW_MEAT""]",,"{""description"": ""(In-game) Weight for camp deployment based on a force having low meat"", ""key"": ""CAI_VARIABLE_DEPLOY_OGRE_CAMP_WEIGHT_LOW_MEAT"", ""value"": 0}",null
cai_variables_tables,hecleas,OVERRIDE_SAME_AS_VANILLA,"[""CAI_VARIABLE_DEPLOY_OGRE_CAMP_WEIGHT_MODERATE_MEAT""]",,"{""description"": ""(In-game) Weight for camp deployment when a force is at moderate meat"", ""key"": ""CAI_VARIABLE_DEPLOY_OGRE_CAMP_WEIGHT_MODERATE_MEAT"", ""value"": 0}",null
cai_variables_tables,hecleas,OVERRIDE_SAME_AS_VANILLA,"[""CAI_VARIABLE_DILEMMA_BONUS_LARGE""]",,"{""description"": ""3 - (In-game) Controls for diplomatic effects of some dilemmas."", ""key"": ""CAI_VARIABLE_DILEMMA_BONUS_LARGE"", ""value"": 20}",null
cai_variables_tables,hecleas,OVERRIDE_SAME_AS_VANILLA,"[""CAI_VARIABLE_DILEMMA_BONUS_LARGE_FALLOFF""]",,"{""description"": ""(In-game) Controls for diplomatic effects of some dilemmas."", ""key"": ""CAI_VARIABLE_DILEMMA_BONUS_LARGE_FALLOFF"", ""value"": 25}",null
cai_variables_tables,hecleas,OVERRIDE_SAME_AS_VANILLA,"[""CAI_VARIABLE_DILEMMA_BONUS_MEDIUM""]",,"{""description"": ""2 - (In-game) Controls for diplomatic effects of some dilemmas."", ""key"": ""CAI_VARIABLE_DILEMMA_BONUS_MEDIUM"", ""value"": 10}",null
cai_variables_tables,hecleas,OVERRIDE_SAME_AS_VANILLA,"[""CAI_VARIABLE_DILEMMA_BONUS_MEDIUM_FALLOFF""]",,"{""description"": ""(In-game) Controls for diplomatic effects of some dilemmas."", ""key"": ""CAI_VARIABLE_DILEMMA_BONUS_MEDIUM_FALLOFF"", ""value"": 25}",null
cai_variables_tables,hecleas,OVERRIDE_SAME_AS_VANILLA,"[""CAI_VARIABLE_DILEMMA_BONUS_SMALL""]",,"{""description"": ""1 - (In-game) Controls for diplomatic effects of some dilemmas."", ""key"": ""CAI_VARIABLE_DILEMMA_BONUS_SMALL"", ""value"": 5}",null
cai_variables_tables,hecleas,OVERRIDE_SAME_AS_VANILLA,"[""CAI_VARIABLE_DILEMMA_BONUS_SMALL_FALLOFF""]",,"{""description"": ""(In-game) Controls for diplomatic effects of some dilemmas."", ""key"": ""CAI_VARIABLE_DILEMMA_BONUS_SMALL_FALLOFF"", ""value"": 25}",null
cai_variables_tables,hecleas,OVERRIDE_SAME_AS_VANILLA,"[""CAI_VARIABLE_DILEMMA_BONUS_XLARGE""]",,"{""description"": ""4 - (In-game) Controls for diplomatic effects of some dilemmas."", ""key"": ""CAI_VARIABLE_DILEMMA_BONUS_XLARGE"", ""value"": 20}",null
cai_variables_tables,hecleas,OVERRIDE_SAME_AS_VANILLA,"[""CAI_VARIABLE_DILEMMA_BONUS_XLARGE_FALLOFF""]",,"{""description"": ""(In-game) Controls for diplomatic effects of some dilemmas."", ""key"": ""CAI_VARIABLE_DILEMMA_BONUS_XLARGE_FALLOFF"", ""value"": 40}",null
cai_variables_tables,hecleas,OVERRIDE_SAME_AS_VANILLA,"[""CAI_VARIABLE_DILEMMA_BONUS_XXLARGE""]",,"{""description"": ""5 - (In-game) Controls for diplomatic effects of some dilemmas."", ""key"": ""CAI_VARIABLE_DILEMMA_BONUS_XXLARGE"", ""value"": 20}",null
cai_variables_tables,hecleas,OVERRIDE_SAME_AS_VANILLA,"[""CAI_VARIABLE_DILEMMA_BONUS_XXLARGE_FALLOFF""]",,"{""description"": ""(In-game) Controls for diplomatic effects of some dilemmas."", ""key"": ""CAI_VARIABLE_DILEMMA_BONUS_XXLARGE_FALLOFF"", ""value"": 50}",null
cai_variables_tables,hecleas,OVERRIDE_SAME_AS_VANILLA,"[""CAI_VARIABLE_DILEMMA_BONUS_XXXLARGE""]",,"{""description"": ""6 - (In-game) Controls for diplomatic effects of some dilemmas."", ""key"": ""CAI_VARIABLE_DILEMMA_BONUS_XXXLARGE"", ""value"": 40}",null
cai_variables_tables,hecleas,OVERRIDE_SAME_AS_VANILLA,"[""CAI_VARIABLE_DILEMMA_BONUS_XXXLARGE_FALLOFF""]",,"{""description"": ""(In-game) Controls for diplomatic effects of some dilemmas."", ""key"": ""CAI_VARIABLE_DILEMMA_BONUS_XXXLARGE_FALLOFF"", ""value"": 60}",null
cai_variables_tables,hecleas,OVERRIDE_SAME_AS_VANILLA,"[""CAI_VARIABLE_DILEMMA_PENALTY_LARGE""]",,"{""description"": ""-3 - (In-game) Controls for diplomatic effects of some dilemmas."", ""key"": ""CAI_VARIABLE_DILEMMA_PENALTY_LARGE"", ""value"": -20}",null
cai_variables_tables,hecleas,OVERRIDE_SAME_AS_VANILLA,"[""CAI_VARIABLE_DILEMMA_PENALTY_LARGE_FALLOFF""]",,"{""description"": ""(In-game) Controls for diplomatic effects of some dilemmas."", ""key"": ""CAI_VARIABLE_DILEMMA_PENALTY_LARGE_FALLOFF"", ""value"": 10}",null
cai_variables_tables,hecleas,OVERRIDE_SAME_AS_VANILLA,"[""CAI_VARIABLE_DILEMMA_PENALTY_MEDIUM""]",,"{""description"": ""-2 - (In-game) Controls for diplomatic effects of some dilemmas."", ""key"": ""CAI_VARIABLE_DILEMMA_PENALTY_MEDIUM"", ""value"": -10}",null
cai_variables_tables,hecleas,OVERRIDE_SAME_AS_VANILLA,"[""CAI_VARIABLE_DILEMMA_PENALTY_MEDIUM_FALLOFF""]",,"{""description"": ""(In-game) Controls for diplomatic effects of some dilemmas."", ""key"": ""CAI_VARIABLE_DILEMMA_PENALTY_MEDIUM_FALLOFF"", ""value"": 10}",null
cai_variables_tables,hecleas,OVERRIDE_SAME_AS_VANILLA,"[""CAI_VARIABLE_DILEMMA_PENALTY_SMALL""]",,"{""description"": ""-1 - (In-game) Controls for diplomatic effects of some dilemmas."", ""key"": ""CAI_VARIABLE_DILEMMA_PENALTY_SMALL"", ""value"": -5}",null
cai_variables_tables,hecleas,OVERRIDE_SAME_AS_VANILLA,"[""CAI_VARIABLE_DILEMMA_PENALTY_SMALL_FALLOFF""]",,"{""description"": ""(In-game) Controls for diplomatic effects of some dilemmas."", ""key"": ""CAI_VARIABLE_DILEMMA_PENALTY_SMALL_FALLOFF"", ""value"": 10}",null
cai_variables_tables,hecleas,OVERRIDE_SAME_AS_VANILLA,"[""CAI_VARIABLE_DILEMMA_PENALTY_XLARGE""]",,"{""description"": ""-4 - (In-game) Controls for diplomatic effects of some dilemmas."", ""key"": ""CAI_VARIABLE_DILEMMA_PENALTY_XLARGE"", ""value"": -30}",null
cai_variables_tables,hecleas,OVERRIDE_SAME_AS_VANILLA,"[""CAI_VARIABLE_DILEMMA_PENALTY_XLARGE_FALLOFF""]",,"{""description"": ""(In-game) Controls for diplomatic effects of some dilemmas."", ""key"": ""CAI_VARIABLE_DILEMMA_PENALTY_XLARGE_FALLOFF"", ""value"": 10}",null
cai_variables_tables,hecleas,OVERRIDE_SAME_AS_VANILLA,"[""CAI_VARIABLE_DILEMMA_PENALTY_XXLARGE""]",,"{""description"": ""-5 - (In-game) Controls for diplomatic effects of some dilemmas."", ""key"": ""CAI_VARIABLE_DILEMMA_PENALTY_XXLARGE"", ""value"": -40}",null
cai_variables_tables,hecleas,OVERRIDE_SAME_AS_VANILLA,"[""CAI_VARIABLE_DILEMMA_PENALTY_XXLARGE_FALLOFF""]",,"{""description"": ""(In-game) Controls for diplomatic effects of some dilemmas."", ""key"": ""CAI_VARIABLE_DILEMMA_PENALTY_XXLARGE_FALLOFF"", ""value"": 10}",null
cai_variables_tables,hecleas,OVERRIDE_SAME_AS_VANILLA,"[""CAI_VARIABLE_DILEMMA_PENALTY_XXXLARGE""]",,"{""description"": ""-6 - (In-game) Controls for diplomatic effects of some dilemmas."", ""key"": ""CAI_VARIABLE_DILEMMA_PENALTY_XXXLARGE"", ""value"": -50}",null
cai_variables_tables,hecleas,OVERRIDE_SAME_AS_VANILLA,"[""CAI_VARIABLE_DILEMMA_PENALTY_XXXLARGE_FALLOFF""]",,"{""description"": ""(In-game) Controls for diplomatic effects of some dilemmas."", ""key"": ""CAI_VARIABLE_DILEMMA_PENALTY_XXXLARGE_FALLOFF"", ""value"": 10}",null
cai_variables_tables,hecleas,OVERRIDE_SAME_AS_VANILLA,"[""CAI_VARIABLE_DISBAND_OGRE_CAMP_SUPPORTABLE_FORCE_IS_CLOSE_AT_OR_LESS_THAN_ROUNDS_AWAY""]",,"{""description"": ""((n-game) When considering ogre camp disband a supportable force is close at this or less rounds away"", ""key"": ""CAI_VARIABLE_DISBAND_OGRE_CAMP_SUPPORTABLE_FORCE_IS_CLOSE_AT_OR_LESS_THAN_ROUNDS_AWAY"", ""value"": 1}",null
cai_variables_tables,hecleas,OVERRIDE_SAME_AS_VANILLA,"[""CAI_VARIABLE_DISBAND_OGRE_CAMP_SUPPORTABLE_FORCE_IS_NEAR_BUT_NOT_CLOSE_AT_OR_LESS_THAN_ROUNDS_AWAY""]",,"{""description"": ""((n-game) When considering ogre camp disband a supportable force is near at this or less rounds away"", ""key"": ""CAI_VARIABLE_DISBAND_OGRE_CAMP_SUPPORTABLE_FORCE_IS_NEAR_BUT_NOT_CLOSE_AT_OR_LESS_THAN_ROUNDS_AWAY"", ""value"": 2}",null
cai_variables_tables,hecleas,OVERRIDE_SAME_AS_VANILLA,"[""CAI_VARIABLE_DISBAND_OGRE_CAMP_WEIGHT_AT_CAMP_LIMIT""]",,"{""description"": ""(In-game) When considering ogre camp disband, base weight for disband if at the camp limit"", ""key"": ""CAI_VARIABLE_DISBAND_OGRE_CAMP_WEIGHT_AT_CAMP_LIMIT"", ""value"": 0.02}",null
cai_variables_tables,hecleas,OVERRIDE_SAME_AS_VANILLA,"[""CAI_VARIABLE_DISBAND_OGRE_CAMP_WEIGHT_ENEMY_FORCE_FAR_FROM_CAMP""]",,"{""description"": ""(In-game) When considering camp disband, enemy forces are not so near but still present"", ""key"": ""CAI_VARIABLE_DISBAND_OGRE_CAMP_WEIGHT_ENEMY_FORCE_FAR_FROM_CAMP"", ""value"": -0.05}",null
cai_variables_tables,hecleas,OVERRIDE_SAME_AS_VANILLA,"[""CAI_VARIABLE_DISBAND_OGRE_CAMP_WEIGHT_ENEMY_FORCE_NEAR_CAMP""]",,"{""description"": ""(In-game) When considering camp disband enemy forces are nearby"", ""key"": ""CAI_VARIABLE_DISBAND_OGRE_CAMP_WEIGHT_ENEMY_FORCE_NEAR_CAMP"", ""value"": -0.2}",null
cai_variables_tables,hecleas,OVERRIDE_SAME_AS_VANILLA,"[""CAI_VARIABLE_DISBAND_OGRE_CAMP_WEIGHT_ENEMY_TERRITORY_FAR_FROM_CAMP""]",,"{""description"": ""(In-game) When considering camp disband enemy territory is not that nearby but present"", ""key"": ""CAI_VARIABLE_DISBAND_OGRE_CAMP_WEIGHT_ENEMY_TERRITORY_FAR_FROM_CAMP"", ""value"": -0.01}",null
cai_variables_tables,hecleas,OVERRIDE_SAME_AS_VANILLA,"[""CAI_VARIABLE_DISBAND_OGRE_CAMP_WEIGHT_ENEMY_TERRITORY_NEAR_CAMP""]",,"{""description"": ""(In-game) When considering camp disband, enemy territory is adjacent to camp but not in this region"", ""key"": ""CAI_VARIABLE_DISBAND_OGRE_CAMP_WEIGHT_ENEMY_TERRITORY_NEAR_CAMP"", ""value"": -0.1}",null
cai_variables_tables,hecleas,OVERRIDE_SAME_AS_VANILLA,"[""CAI_VARIABLE_DISBAND_OGRE_CAMP_WEIGHT_LOCAL_REGION_ALLIED_TERRITORY""]",,"{""description"": ""(In-game) When considering camp disband, camp region is allied owned"", ""key"": ""CAI_VARIABLE_DISBAND_OGRE_CAMP_WEIGHT_LOCAL_REGION_ALLIED_TERRITORY"", ""value"": 0.02}",null
cai_variables_tables,hecleas,OVERRIDE_SAME_AS_VANILLA,"[""CAI_VARIABLE_DISBAND_OGRE_CAMP_WEIGHT_LOCAL_REGION_ENEMY_TERRITORY""]",,"{""description"": ""(In-game) When considering camp disband, camp region is enemy owned"", ""key"": ""CAI_VARIABLE_DISBAND_OGRE_CAMP_WEIGHT_LOCAL_REGION_ENEMY_TERRITORY"", ""value"": -0.5}",null
cai_variables_tables,hecleas,OVERRIDE_SAME_AS_VANILLA,"[""CAI_VARIABLE_DISBAND_OGRE_CAMP_WEIGHT_LOCAL_REGION_OWN_TERRITORY""]",,"{""description"": ""(In-game) When considering camp disband, camp region is self owned"", ""key"": ""CAI_VARIABLE_DISBAND_OGRE_CAMP_WEIGHT_LOCAL_REGION_OWN_TERRITORY"", ""value"": 0.1}",null
cai_variables_tables,hecleas,OVERRIDE_SAME_AS_VANILLA,"[""CAI_VARIABLE_DISBAND_OGRE_CAMP_WEIGHT_PER_BUILDING_LEVEL""]",,"{""description"": ""(In-game) When considering ogre camp disband, wieght per building level record in existing camp"", ""key"": ""CAI_VARIABLE_DISBAND_OGRE_CAMP_WEIGHT_PER_BUILDING_LEVEL"", ""value"": -0.005}",null
cai_variables_tables,hecleas,OVERRIDE_SAME_AS_VANILLA,"[""CAI_VARIABLE_DISBAND_OGRE_CAMP_WEIGHT_SUPPORTABLE_FORCES_CLOSE""]",,"{""description"": ""(In-game) When considering camp disband, supportable forces a close"", ""key"": ""CAI_VARIABLE_DISBAND_OGRE_CAMP_WEIGHT_SUPPORTABLE_FORCES_CLOSE"", ""value"": -0.5}",null
cai_variables_tables,hecleas,OVERRIDE_SAME_AS_VANILLA,"[""CAI_VARIABLE_DISBAND_OGRE_CAMP_WEIGHT_SUPPORTABLE_FORCES_NEAR_BUT_NOT_CLOSE""]",,"{""description"": ""(In-game) When considering camp disband, supportable forces are near but not very close"", ""key"": ""CAI_VARIABLE_DISBAND_OGRE_CAMP_WEIGHT_SUPPORTABLE_FORCES_NEAR_BUT_NOT_CLOSE"", ""value"": -0.05}",null
cai_variables_tables,hecleas,OVERRIDE_SAME_AS_VANILLA,"[""CAI_VARIABLE_DO_NOT_ENABLE""]",,"{""description"": ""(In-game) Set it to 1 if you dare. DO NOT SET IT ANY HIGHER!!!"", ""key"": ""CAI_VARIABLE_DO_NOT_ENABLE"", ""value"": 0}",null
cai_variables_tables,hecleas,OVERRIDE_SAME_AS_VANILLA,"[""CAI_VARIABLE_EMERGENCY_UNIT_CULL_COST_WEIGHT""]",,"{""description"": ""(In-game) Weight of cost in the emergency unit culling mechanics."", ""key"": ""CAI_VARIABLE_EMERGENCY_UNIT_CULL_COST_WEIGHT"", ""value"": 2}",null
cai_variables_tables,hecleas,OVERRIDE_SAME_AS_VANILLA,"[""CAI_VARIABLE_EMERGENCY_UNIT_CULL_FORCE_PERCENTAGE_TO_CULL""]",,"{""description"": ""(In-game) In using the emergency unit culling mechanics what percentage of elligable units should be disbanded to mitigate the problem."", ""key"": ""CAI_VARIABLE_EMERGENCY_UNIT_CULL_FORCE_PERCENTAGE_TO_CULL"", ""value"": 20}",null
cai_variables_tables,hecleas,OVERRIDE_SAME_AS_VANILLA,"[""CAI_VARIABLE_EMERGENCY_UNIT_CULL_PRIORITY_WEIGHT""]",,"{""description"": ""(In-game) Weight of task priority in the emergency unit culling mechanics."", ""key"": ""CAI_VARIABLE_EMERGENCY_UNIT_CULL_PRIORITY_WEIGHT"", ""value"": 1}",null
cai_variables_tables,hecleas,OVERRIDE_SAME_AS_VANILLA,"[""CAI_VARIABLE_EMERGENCY_UNIT_CULL_REPLENISHMENT_WEIGHT""]",,"{""description"": ""(In-game) Weight of current replenishment in the emergency unit culling mechanics."", ""key"": ""CAI_VARIABLE_EMERGENCY_UNIT_CULL_REPLENISHMENT_WEIGHT"", ""value"": 2}",null
cai_variables_tables,hecleas,OVERRIDE_SAME_AS_VANILLA,"[""CAI_VARIABLE_EMERGENCY_UNIT_CULL_TIME_WINDOW_MULTIPLIER""]",,"{""description"": ""(In-game) In making use of the emergency unit culling mechanics what multiplier should be allied to the factions corresponding zero_or_negative_net_income_survival_rounds value."", ""key"": ""CAI_VARIABLE_EMERGENCY_UNIT_CULL_TIME_WINDOW_MULTIPLIER"", ""value"": 1}",null
cai_variables_tables,hecleas,OVERRIDE_SAME_AS_VANILLA,"[""CAI_VARIABLE_FACTION_MANAGEMENT""]",,"{""description"": ""(In-game) Enables CAI faction controller management."", ""key"": ""CAI_VARIABLE_FACTION_MANAGEMENT"", ""value"": 0}",null
cai_variables_tables,hecleas,OVERRIDE_SAME_AS_VANILLA,"[""CAI_VARIABLE_FACTION_MANAGEMENT_BASE_PROBABILITY""]",,"{""description"": ""(In-game) For valid factions the base faction management probability."", ""key"": ""CAI_VARIABLE_FACTION_MANAGEMENT_BASE_PROBABILITY"", ""value"": 0.1}",null
cai_variables_tables,hecleas,OVERRIDE_SAME_AS_VANILLA,"[""CAI_VARIABLE_FACTION_MANAGEMENT_CONSIDER_CULTURE_SECONDARY_FACTIONS""]",,"{""description"": ""(In-game) Should factions that aren't their primary culture member be considered for minimisation"", ""key"": ""CAI_VARIABLE_FACTION_MANAGEMENT_CONSIDER_CULTURE_SECONDARY_FACTIONS"", ""value"": 1}",null
cai_variables_tables,hecleas,OVERRIDE_SAME_AS_VANILLA,"[""CAI_VARIABLE_FACTION_MANAGEMENT_CONSIDER_MINOR_FACTIONS""]",,"{""description"": ""(In-game) Should minor factions be considered for minimisation."", ""key"": ""CAI_VARIABLE_FACTION_MANAGEMENT_CONSIDER_MINOR_FACTIONS"", ""value"": 1}",null
cai_variables_tables,hecleas,OVERRIDE_SAME_AS_VANILLA,"[""CAI_VARIABLE_FACTION_MANAGEMENT_LOWER_THRESHOLD""]",,"{""description"": ""(In-game) For faction management, the lower threshold below which it will automatically be enabled if possible."", ""key"": ""CAI_VARIABLE_FACTION_MANAGEMENT_LOWER_THRESHOLD"", ""value"": 2}",null
cai_variables_tables,hecleas,OVERRIDE_CHANGED,"[""CAI_VARIABLE_FACTION_MANAGEMENT_MAX_PROBABILITY""]",value,"{""description"": ""(In-game) For faction management, the maximum probability whn below the threshold."", ""key"": ""CAI_VARIABLE_FACTION_MANAGEMENT_MAX_PROBABILITY"", ""value"": 0.90000004}","{""description"": ""(In-game) For faction management, the maximum probability whn below the threshold."", ""key"": ""CAI_VARIABLE_FACTION_MANAGEMENT_MAX_PROBABILITY"", ""value"": 0.89999998}"
cai_variables_tables,hecleas,OVERRIDE_SAME_AS_VANILLA,"[""CAI_VARIABLE_FACTION_MANAGEMENT_MINIMISE_IF_UNKNOWN""]",,"{""description"": ""(In-game) Should factions considered for minimisation automatically be minimised if unknown by the player."", ""key"": ""CAI_VARIABLE_FACTION_MANAGEMENT_MINIMISE_IF_UNKNOWN"", ""value"": 0}",null
cai_variables_tables,hecleas,OVERRIDE_SAME_AS_VANILLA,"[""CAI_VARIABLE_FACTION_MANAGEMENT_SCALING_EXPONENT""]",,"{""description"": ""(In-game) For valid factions the scaling exponent on the management probability."", ""key"": ""CAI_VARIABLE_FACTION_MANAGEMENT_SCALING_EXPONENT"", ""value"": 2}",null
cai_variables_tables,hecleas,OVERRIDE_SAME_AS_VANILLA,"[""CAI_VARIABLE_FACTION_MANAGEMENT_THRESHOLD""]",,"{""description"": ""(In-game) Specifies the CAI faction controller management threshold."", ""key"": ""CAI_VARIABLE_FACTION_MANAGEMENT_THRESHOLD"", ""value"": 5}",null
cai_variables_tables,hecleas,OVERRIDE_CHANGED,"[""CAI_VARIABLE_FINANCE_CONST_BIAS_EASY_LEVEL""]",value,"{""description"": ""(In-game) CAI Budgeting bias, easy difficulty, levels to apply at."", ""key"": ""CAI_VARIABLE_FINANCE_CONST_BIAS_EASY_LEVEL"", ""value"": 4}","{""description"": ""(In-game) CAI Budgeting bias, easy difficulty, levels to apply at."", ""key"": ""CAI_VARIABLE_FINANCE_CONST_BIAS_EASY_LEVEL"", ""value"": 1}"
cai_variables_tables,hecleas,OVERRIDE_CHANGED,"[""CAI_VARIABLE_FINANCE_CONST_BIAS_EASY_TURNS""]",value,"{""description"": ""(In-game) CAI Budgeting bias,easy difficulty, rounds to apply for."", ""key"": ""CAI_VARIABLE_FINANCE_CONST_BIAS_EASY_TURNS"", ""value"": 12}","{""description"": ""(In-game) CAI Budgeting bias,easy difficulty, rounds to apply for."", ""key"": ""CAI_VARIABLE_FINANCE_CONST_BIAS_EASY_TURNS"", ""value"": 0}"
cai_variables_tables,hecleas,OVERRIDE_CHANGED,"[""CAI_VARIABLE_FINANCE_CONST_BIAS_HARD_LEVEL""]",value,"{""description"": ""(In-game) CAI Budgeting bias, hard difficulty, levels to apply at."", ""key"": ""CAI_VARIABLE_FINANCE_CONST_BIAS_HARD_LEVEL"", ""value"": 2}","{""description"": ""(In-game) CAI Budgeting bias, hard difficulty, levels to apply at."", ""key"": ""CAI_VARIABLE_FINANCE_CONST_BIAS_HARD_LEVEL"", ""value"": 1}"
cai_variables_tables,hecleas,OVERRIDE_CHANGED,"[""CAI_VARIABLE_FINANCE_CONST_BIAS_HARD_TURNS""]",value,"{""description"": ""(In-game) CAI Budgeting bias, hard difficulty, rounds to apply for."", ""key"": ""CAI_VARIABLE_FINANCE_CONST_BIAS_HARD_TURNS"", ""value"": 3}","{""description"": ""(In-game) CAI Budgeting bias, hard difficulty, rounds to apply for."", ""key"": ""CAI_VARIABLE_FINANCE_CONST_BIAS_HARD_TURNS"", ""value"": 0}"
cai_variables_tables,hecleas,OVERRIDE_SAME_AS_VANILLA,"[""CAI_VARIABLE_FINANCE_CONST_BIAS_LEGENDARY_LEVEL""]",,"{""description"": ""(In-game) CAI Budgeting bias, legendary difficulty, levels to apply at."", ""key"": ""CAI_VARIABLE_FINANCE_CONST_BIAS_LEGENDARY_LEVEL"", ""value"": 1}",null
cai_variables_tables,hecleas,OVERRIDE_SAME_AS_VANILLA,"[""CAI_VARIABLE_FINANCE_CONST_BIAS_LEGENDARY_TURNS""]",,"{""description"": ""(In-game) CAI Budgeting bias, legendary difficulty, rounds to apply for."", ""key"": ""CAI_VARIABLE_FINANCE_CONST_BIAS_LEGENDARY_TURNS"", ""value"": 0}",null
cai_variables_tables,hecleas,OVERRIDE_CHANGED,"[""CAI_VARIABLE_FINANCE_CONST_BIAS_NORMAL_LEVEL""]",value,"{""description"": ""(In-game) CAI Budgeting bias, normal difficulty, levels to apply at."", ""key"": ""CAI_VARIABLE_FINANCE_CONST_BIAS_NORMAL_LEVEL"", ""value"": 2}","{""description"": ""(In-game) CAI Budgeting bias, normal difficulty, levels to apply at."", ""key"": ""CAI_VARIABLE_FINANCE_CONST_BIAS_NORMAL_LEVEL"", ""value"": 1}"
cai_variables_tables,hecleas,OVERRIDE_CHANGED,"[""CAI_VARIABLE_FINANCE_CONST_BIAS_NORMAL_TURNS""]",value,"{""description"": ""(In-game) CAI Budgeting bias, normal difficulty, rounds to apply for."", ""key"": ""CAI_VARIABLE_FINANCE_CONST_BIAS_NORMAL_TURNS"", ""value"": 6}","{""description"": ""(In-game) CAI Budgeting bias, normal difficulty, rounds to apply for."", ""key"": ""CAI_VARIABLE_FINANCE_CONST_BIAS_NORMAL_TURNS"", ""value"": 0}"
cai_variables_tables,hecleas,OVERRIDE_SAME_AS_VANILLA,"[""CAI_VARIABLE_FINANCE_CONST_BIAS_VERY_HARD_LEVEL""]",,"{""description"": ""(In-game) CAI Budgeting bias, very hard difficulty, levels to apply at."", ""key"": ""CAI_VARIABLE_FINANCE_CONST_BIAS_VERY_HARD_LEVEL"", ""value"": 1}",null
cai_variables_tables,hecleas,OVERRIDE_SAME_AS_VANILLA,"[""CAI_VARIABLE_FINANCE_CONST_BIAS_VERY_HARD_TURNS""]",,"{""description"": ""(In-game) CAI Budgeting bias, very hard difficulty, rounds to apply for."", ""key"": ""CAI_VARIABLE_FINANCE_CONST_BIAS_VERY_HARD_TURNS"", ""value"": 0}",null
cai_variables_tables,hecleas,OVERRIDE_SAME_AS_VANILLA,"[""CAI_VARIABLE_FNCA_AID_MINOR_ALLY_PADJ""]",,"{""description"": ""DEPRECATED"", ""key"": ""CAI_VARIABLE_FNCA_AID_MINOR_ALLY_PADJ"", ""value"": 0.25}",null
cai_variables_tables,hecleas,OVERRIDE_SAME_AS_VANILLA,"[""CAI_VARIABLE_FNCA_ALLY_MINOR_PADJ""]",,"{""description"": ""DEPRECATED"", ""key"": ""CAI_VARIABLE_FNCA_ALLY_MINOR_PADJ"", ""value"": 0.25}",null
cai_variables_tables,hecleas,OVERRIDE_SAME_AS_VANILLA,"[""CAI_VARIABLE_FNCA_JOIN_MINOR_ALLY_WADJ""]",,"{""description"": ""DEPRECATED"", ""key"": ""CAI_VARIABLE_FNCA_JOIN_MINOR_ALLY_WADJ"", ""value"": 0.75}",null
cai_variables_tables,hecleas,OVERRIDE_SAME_AS_VANILLA,"[""CAI_VARIABLE_FOOD_CTRL_BUILDING_APPLY_BONUS_AT_OR_BELOW""]",,"{""description"": ""(In-game) The point at or below which bonus will be provided to food producgin buildings."", ""key"": ""CAI_VARIABLE_FOOD_CTRL_BUILDING_APPLY_BONUS_AT_OR_BELOW"", ""value"": 50}",null
cai_variables_tables,hecleas,OVERRIDE_SAME_AS_VANILLA,"[""CAI_VARIABLE_FOOD_CTRL_BUILDING_APPLY_BONUS_AT_OR_BELOW_REGION_ADJUSTMENT""]",,"{""description"": ""(In-game) Adjustment to the food penalty thresholds based on number of regions owned by a faction."", ""key"": ""CAI_VARIABLE_FOOD_CTRL_BUILDING_APPLY_BONUS_AT_OR_BELOW_REGION_ADJUSTMENT"", ""value"": 1}",null
cai_variables_tables,hecleas,OVERRIDE_SAME_AS_VANILLA,"[""CAI_VARIABLE_FOOD_CTRL_BUILDING_APPLY_PENALTY_BELOW""]",,"{""description"": ""(In-game) The point below which a food penalty will be applied to a building option."", ""key"": ""CAI_VARIABLE_FOOD_CTRL_BUILDING_APPLY_PENALTY_BELOW"", ""value"": 0}",null
cai_variables_tables,hecleas,OVERRIDE_SAME_AS_VANILLA,"[""CAI_VARIABLE_FOOD_CTRL_BUILDING_APPLY_PENALTY_BELOW_REGION_ADJUSTMENT""]",,"{""description"": ""(In-game) Adjustment to the food penalty thresholds based on number of regions owned by a faction."", ""key"": ""CAI_VARIABLE_FOOD_CTRL_BUILDING_APPLY_PENALTY_BELOW_REGION_ADJUSTMENT"", ""value"": 2}",null
cai_variables_tables,hecleas,OVERRIDE_CHANGED,"[""CAI_VARIABLE_FOOD_CTRL_BUILDING_BONUS""]",value,"{""description"": ""(In-game) Bonus applied (per food point) for buildings that increase food up to the specified level."", ""key"": ""CAI_VARIABLE_FOOD_CTRL_BUILDING_BONUS"", ""value"": 0.90000004}","{""description"": ""(In-game) Bonus applied (per food point) for buildings that increase food up to the specified level."", ""key"": ""CAI_VARIABLE_FOOD_CTRL_BUILDING_BONUS"", ""value"": 0.89999998}"
cai_variables_tables,hecleas,OVERRIDE_SAME_AS_VANILLA,"[""CAI_VARIABLE_FOOD_CTRL_BUILDING_NEW_BUILDING_BONUS_SCALING""]",,"{""description"": ""(In-game) When calculating food based building score adjustements, the discount applied for being a new building."", ""key"": ""CAI_VARIABLE_FOOD_CTRL_BUILDING_NEW_BUILDING_BONUS_SCALING"", ""value"": 0.5}",null
cai_variables_tables,hecleas,OVERRIDE_SAME_AS_VANILLA,"[""CAI_VARIABLE_FOOD_CTRL_BUILDING_PENALTY""]",,"{""description"": ""(In-game) Penalty applied (per food point) for buildings that use food beyond the specified level."", ""key"": ""CAI_VARIABLE_FOOD_CTRL_BUILDING_PENALTY"", ""value"": 3}",null
cai_variables_tables,hecleas,OVERRIDE_SAME_AS_VANILLA,"[""CAI_VARIABLE_FOOD_CTRL_ONGOING_PROBLEM_CONVERSION_THRESHOLD_BASIC""]",,"{""description"": ""(In-game) Score at or above which the ongoing food detection system will start allowing building conversion to solve the problem."", ""key"": ""CAI_VARIABLE_FOOD_CTRL_ONGOING_PROBLEM_CONVERSION_THRESHOLD_BASIC"", ""value"": 160}",null
cai_variables_tables,hecleas,OVERRIDE_SAME_AS_VANILLA,"[""CAI_VARIABLE_FOOD_CTRL_ONGOING_PROBLEM_CONVERSION_THRESHOLD_REGION_ADJUSTMENT""]",,"{""description"": ""(In-game) Per region based adjustment to CAI_VARIABLE_FOOD_CTRL_ONGOING_PROBLEM_CONVERSION_THRESHOLD_BASIC."", ""key"": ""CAI_VARIABLE_FOOD_CTRL_ONGOING_PROBLEM_CONVERSION_THRESHOLD_REGION_ADJUSTMENT"", ""value"": 0}",null
cai_variables_tables,hecleas,OVERRIDE_SAME_AS_VANILLA,"[""CAI_VARIABLE_FOOD_CTRL_ONGOING_PROBLEM_DEMOLITION_THRESHOLD_BASIC""]",,"{""description"": ""(In-game) Score at or above which the ongoing food detection system will start allowing building demolition to solve the problem."", ""key"": ""CAI_VARIABLE_FOOD_CTRL_ONGOING_PROBLEM_DEMOLITION_THRESHOLD_BASIC"", ""value"": 310}",null
cai_variables_tables,hecleas,OVERRIDE_SAME_AS_VANILLA,"[""CAI_VARIABLE_FOOD_CTRL_ONGOING_PROBLEM_DEMOLITION_THRESHOLD_REGION_ADJUSTMENT""]",,"{""description"": ""(In-game) Per region based adjustment to CAI_VARIABLE_FOOD_CTRL_ONGOING_PROBLEM_DEMOLITION_THRESHOLD_BASIC."", ""key"": ""CAI_VARIABLE_FOOD_CTRL_ONGOING_PROBLEM_DEMOLITION_THRESHOLD_REGION_ADJUSTMENT"", ""value"": 0}",null
cai_variables_tables,hecleas,OVERRIDE_SAME_AS_VANILLA,"[""CAI_VARIABLE_FOOD_CTRL_ONGOING_PROBLEM_SCORE_PER_TURN_ACCUMULATION_CAP""]",,"{""description"": ""(In-game) When accruing score for the ongoing food problem detection system the cap applied to the amount being added to the score."", ""key"": ""CAI_VARIABLE_FOOD_CTRL_ONGOING_PROBLEM_SCORE_PER_TURN_ACCUMULATION_CAP"", ""value"": 50}",null
cai_variables_tables,hecleas,OVERRIDE_CHANGED,"[""CAI_VARIABLE_FOREIGN_SLOT_REMOVAL_BASE_CHANCE""]",value,"{""description"": ""(In-game) Base probability for demoliting discovered foreign slots."", ""key"": ""CAI_VARIABLE_FOREIGN_SLOT_REMOVAL_BASE_CHANCE"", ""value"": 10}","{""description"": ""(In-game) Base probability for demoliting discovered foreign slots."", ""key"": ""CAI_VARIABLE_FOREIGN_SLOT_REMOVAL_BASE_CHANCE"", ""value"": 75}"
cai_variables_tables,hecleas,OVERRIDE_SAME_AS_VANILLA,"[""CAI_VARIABLE_FOREIGN_SLOT_REMOVAL_DISCOVERABILITY_CAP""]",,"{""description"": ""(In-game) Discoverability cap level for helping determine if the AI should demolished discovered foreign slots."", ""key"": ""CAI_VARIABLE_FOREIGN_SLOT_REMOVAL_DISCOVERABILITY_CAP"", ""value"": 100}",null
cai_variables_tables,hecleas,OVERRIDE_SAME_AS_VANILLA,"[""CAI_VARIABLE_FOREIGN_SLOT_REMOVAL_DISCOVERABILITY_MULTIPLIER""]",,"{""description"": ""(In-game) Cap adjusted discoverability multiplier for converting that value in to a demolition chance percentage for knocking down discovered foreign slots."", ""key"": ""CAI_VARIABLE_FOREIGN_SLOT_REMOVAL_DISCOVERABILITY_MULTIPLIER"", ""value"": 1}",null
cai_variables_tables,hecleas,OVERRIDE_CHANGED,"[""CAI_VARIABLE_FORTIFIED_SETTLEMENT_FORTIFICATION_BONUS""]",value,"{""description"": ""(In-game) AI strength bonus for fortified settlements."", ""key"": ""CAI_VARIABLE_FORTIFIED_SETTLEMENT_FORTIFICATION_BONUS"", ""value"": 300000}","{""description"": ""(In-game) AI strength bonus for fortified settlements."", ""key"": ""CAI_VARIABLE_FORTIFIED_SETTLEMENT_FORTIFICATION_BONUS"", ""value"": 0}"
cai_variables_tables,hecleas,OVERRIDE_CHANGED,"[""CAI_VARIABLE_FORTIFIED_SETTLEMENT_FORTIFICATION_MULTIPLIER""]",value,"{""description"": ""(In-game) AI strength multiplier for fortified settlements, modified by Siege engines."", ""key"": ""CAI_VARIABLE_FORTIFIED_SETTLEMENT_FORTIFICATION_MULTIPLIER"", ""value"": 1.29999995}","{""description"": ""(In-game) AI strength multiplier for fortified settlements, modified by Siege engines."", ""key"": ""CAI_VARIABLE_FORTIFIED_SETTLEMENT_FORTIFICATION_MULTIPLIER"", ""value"": 1}"
cai_variables_tables,hecleas,OVERRIDE_CHANGED,"[""CAI_VARIABLE_FORTIFIED_SETTLEMENT_FORTIFICATION_MULTIPLIER_PRE_ASSAULT""]",value,"{""description"": ""(In-game) AI strength multiplier for fortified settlements, pre-assault."", ""key"": ""CAI_VARIABLE_FORTIFIED_SETTLEMENT_FORTIFICATION_MULTIPLIER_PRE_ASSAULT"", ""value"": 1.20000005}","{""description"": ""(In-game) AI strength multiplier for fortified settlements, pre-assault."", ""key"": ""CAI_VARIABLE_FORTIFIED_SETTLEMENT_FORTIFICATION_MULTIPLIER_PRE_ASSAULT"", ""value"": 1}"
cai_variables_tables,hecleas,OVERRIDE_CHANGED,"[""CAI_VARIABLE_FORTIFIED_SETTLEMENT_FORTIFICATION_MULTIPLIER_SIEGE_ENGINE_DECREASE""]",value,"{""description"": ""(In-game) Reduction of fortification bonus for each siege engine present."", ""key"": ""CAI_VARIABLE_FORTIFIED_SETTLEMENT_FORTIFICATION_MULTIPLIER_SIEGE_ENGINE_DECREASE"", ""value"": 0.1}","{""description"": ""(In-game) Reduction of fortification bonus for each siege engine present."", ""key"": ""CAI_VARIABLE_FORTIFIED_SETTLEMENT_FORTIFICATION_MULTIPLIER_SIEGE_ENGINE_DECREASE"", ""value"": 0.5}"
cai_variables_tables,hecleas,OVERRIDE_SAME_AS_VANILLA,"[""CAI_VARIABLE_FORTIFIED_SETTLEMENT_FORTIFICATION_MULTIPLIER_THREAT""]",,"{""description"": ""(In-game) AI strength multiplier for fortified settlements used for threat detection."", ""key"": ""CAI_VARIABLE_FORTIFIED_SETTLEMENT_FORTIFICATION_MULTIPLIER_THREAT"", ""value"": 1}",null
cai_variables_tables,hecleas,OVERRIDE_SAME_AS_VANILLA,"[""CAI_VARIABLE_GLOBAL_ENEMY_THREAT_MODIFIER""]",,"{""description"": ""(In-game) Modifier for enemy strength in threat calculations. Cannot be 0."", ""key"": ""CAI_VARIABLE_GLOBAL_ENEMY_THREAT_MODIFIER"", ""value"": 1}",null
cai_variables_tables,hecleas,OVERRIDE_SAME_AS_VANILLA,"[""CAI_VARIABLE_GLOBAL_ULTIMATUM_COOLDOWN""]",,"{""description"": ""(In-game) Used to limit the frequency of ultimatums issued by AIs to human players."", ""key"": ""CAI_VARIABLE_GLOBAL_ULTIMATUM_COOLDOWN"", ""value"": 2}",null
cai_variables_tables,hecleas,OVERRIDE_CHANGED,"[""CAI_VARIABLE_HORDE_GROUPING_HORDES_TO_SPLIT_FROM_GROUP_ON_OVERSIZE""]",value,"{""description"": ""(In-game) When adding a horde to an existing group the number of hordes to split from the group (excluding the new horde) to use in forming a new horde group."", ""key"": ""CAI_VARIABLE_HORDE_GROUPING_HORDES_TO_SPLIT_FROM_GROUP_ON_OVERSIZE"", ""value"": 1}","{""description"": ""(In-game) When adding a horde to an existing group the number of hordes to split from the group (excluding the new horde) to use in forming a new horde group."", ""key"": ""CAI_VARIABLE_HORDE_GROUPING_HORDES_TO_SPLIT_FROM_GROUP_ON_OVERSIZE"", ""value"": 0}"
cai_variables_tables,hecleas,OVERRIDE_CHANGED,"[""CAI_VARIABLE_HORDE_GROUPING_MAXIMUM_GROUP_SIZE""]",value,"{""description"": ""(In-game) Maximum size of a horde group."", ""key"": ""CAI_VARIABLE_HORDE_GROUPING_MAXIMUM_GROUP_SIZE"", ""value"": 3}","{""description"": ""(In-game) Maximum size of a horde group."", ""key"": ""CAI_VARIABLE_HORDE_GROUPING_MAXIMUM_GROUP_SIZE"", ""value"": 5}"
cai_variables_tables,hecleas,OVERRIDE_CHANGED,"[""CAI_VARIABLE_HORDE_GROUPING_MAXIMUM_NEW_GROUP_MEMBERSHIP_DISTANCE""]",value,"{""description"": ""(In-game) Maximum acceptable distance from a horde to consider membership - multiplier on the median bordering inter-region distance."", ""key"": ""CAI_VARIABLE_HORDE_GROUPING_MAXIMUM_NEW_GROUP_MEMBERSHIP_DISTANCE"", ""value"": 20}","{""description"": ""(In-game) Maximum acceptable distance from a horde to consider membership - multiplier on the median bordering inter-region distance."", ""key"": ""CAI_VARIABLE_HORDE_GROUPING_MAXIMUM_NEW_GROUP_MEMBERSHIP_DISTANCE"", ""value"": 30}"
cai_variables_tables,hecleas,OVERRIDE_SAME_AS_VANILLA,"[""CAI_VARIABLE_IMPERIUM_ATTITUDE_BONUS_MODIFIER_AI""]",,"{""description"": ""(In-game) Modifier to imperium attitude bonus towards the AI. Global multiplier to cai_personality_empire_rivalry_components "", ""key"": ""CAI_VARIABLE_IMPERIUM_ATTITUDE_BONUS_MODIFIER_AI"", ""value"": 1}",null
cai_variables_tables,hecleas,OVERRIDE_SAME_AS_VANILLA,"[""CAI_VARIABLE_IMPERIUM_ATTITUDE_BONUS_MODIFIER_PLAYER""]",,"{""description"": ""(In-game) Modifier to imperium attitude bonus towards the player. Global multiplier to cai_personality_empire_rivalry_components "", ""key"": ""CAI_VARIABLE_IMPERIUM_ATTITUDE_BONUS_MODIFIER_PLAYER"", ""value"": 1}",null
cai_variables_tables,hecleas,OVERRIDE_SAME_AS_VANILLA,"[""CAI_VARIABLE_IMPERIUM_ATTITUDE_PENALTY_MODIFIER_AI""]",,"{""description"": ""(In-game) Modifier to imperium attitude penalty towards the AI. Global multiplier to cai_personality_empire_rivalry_components "", ""key"": ""CAI_VARIABLE_IMPERIUM_ATTITUDE_PENALTY_MODIFIER_AI"", ""value"": 1}",null
cai_variables_tables,hecleas,OVERRIDE_SAME_AS_VANILLA,"[""CAI_VARIABLE_IMPERIUM_ATTITUDE_PENALTY_MODIFIER_PLAYER""]",,"{""description"": ""(In-game) Modifier to imperium attitude penalty towards the player. Global multiplier to cai_personality_empire_rivalry_components "", ""key"": ""CAI_VARIABLE_IMPERIUM_ATTITUDE_PENALTY_MODIFIER_PLAYER"", ""value"": 1}",null
cai_variables_tables,hecleas,OVERRIDE_SAME_AS_VANILLA,"[""CAI_VARIABLE_INVERT_INTERVENTION_CHANCES_THRESHOLD""]",,"{""description"": ""(In-game) If the vortex ritual we're interrupting is lower than this level, we weight the different intervention ritual levels based on the INVERSE of their casting cost (so low level intervention will have higher chance). Note: ritual index starts from 0, so if it's set to 2 it means we'll use inverted weights at vortex ritual level 1 and 2. THE END"", ""key"": ""CAI_VARIABLE_INVERT_INTERVENTION_CHANCES_THRESHOLD"", ""value"": 2}",null
cai_variables_tables,hecleas,OVERRIDE_SAME_AS_VANILLA,"[""CAI_VARIABLE_MAKE_THIS_WORK_PAYMENT_PRECISION""]",,"{""description"": ""(In-game) An absolute monetary value; specifies the maximum allowed difference between the actual minimum payment required to make a deal acceptable and the one proposed by Make this Work."", ""key"": ""CAI_VARIABLE_MAKE_THIS_WORK_PAYMENT_PRECISION"", ""value"": 20}",null
cai_variables_tables,hecleas,OVERRIDE_SAME_AS_VANILLA,"[""CAI_VARIABLE_MAX_CONFEDERATION_STRENGTH""]",,"{""description"": ""(In-game) AI will receive a bonus to confederating when the resulting faction would be under this proportion of human strength."", ""key"": ""CAI_VARIABLE_MAX_CONFEDERATION_STRENGTH"", ""value"": 1}",null
cai_variables_tables,hecleas,OVERRIDE_SAME_AS_VANILLA,"[""CAI_VARIABLE_MAX_GOAL_EVALUATIONS_PER_ROUND""]",,"{""description"": ""(In-game) Maximum number of goals evaluated by all factions per round."", ""key"": ""CAI_VARIABLE_MAX_GOAL_EVALUATIONS_PER_ROUND"", ""value"": 3000}",null
cai_variables_tables,hecleas,OVERRIDE_SAME_AS_VANILLA,"[""CAI_VARIABLE_MAX_NONCRUCIAL_OFFERS_TO_PLAYER_PER_TURN""]",,"{""description"": ""(In-game) Maximum number of non crucial offers a human player can receive per round."", ""key"": ""CAI_VARIABLE_MAX_NONCRUCIAL_OFFERS_TO_PLAYER_PER_TURN"", ""value"": 1}",null
cai_variables_tables,hecleas,OVERRIDE_CHANGED,"[""CAI_VARIABLE_MAX_REBEL_SIEGE_EQUIP""]",value,"{""description"": ""(In-game) Number of siege engines required before rebels assault a highest level fortified settlement."", ""key"": ""CAI_VARIABLE_MAX_REBEL_SIEGE_EQUIP"", ""value"": 4}","{""description"": ""(In-game) Number of siege engines required before rebels assault a highest level fortified settlement."", ""key"": ""CAI_VARIABLE_MAX_REBEL_SIEGE_EQUIP"", ""value"": 2}"
cai_variables_tables,hecleas,OVERRIDE_SAME_AS_VANILLA,"[""CAI_VARIABLE_MIGRATION_ENEMY_STRENGTH_PROBABILITY_LOWER""]",,"{""description"": ""(In-game) Probability of migration at the lower threshold."", ""key"": ""CAI_VARIABLE_MIGRATION_ENEMY_STRENGTH_PROBABILITY_LOWER"", ""value"": 0.01}",null
cai_variables_tables,hecleas,OVERRIDE_SAME_AS_VANILLA,"[""CAI_VARIABLE_MIGRATION_ENEMY_STRENGTH_PROBABILITY_UPPER""]",,"{""description"": ""(In-game) Probability of migration at and beyond the upper threshold."", ""key"": ""CAI_VARIABLE_MIGRATION_ENEMY_STRENGTH_PROBABILITY_UPPER"", ""value"": 0.15000001}",null
cai_variables_tables,hecleas,OVERRIDE_SAME_AS_VANILLA,"[""CAI_VARIABLE_MIGRATION_ENEMY_STRENGTH_THRESHOLD_LOWER""]",,"{""description"": ""(In-game) Lower threshold for enemy strength for migration. Expressed as a multiple of our strength."", ""key"": ""CAI_VARIABLE_MIGRATION_ENEMY_STRENGTH_THRESHOLD_LOWER"", ""value"": 2}",null
cai_variables_tables,hecleas,OVERRIDE_SAME_AS_VANILLA,"[""CAI_VARIABLE_MIGRATION_ENEMY_STRENGTH_THRESHOLD_UPPER""]",,"{""description"": ""(In-game) Upper threshold for enemy strength for migration. Expressed as a multiple of our strength."", ""key"": ""CAI_VARIABLE_MIGRATION_ENEMY_STRENGTH_THRESHOLD_UPPER"", ""value"": 5}",null
cai_variables_tables,hecleas,OVERRIDE_SAME_AS_VANILLA,"[""CAI_VARIABLE_MIGRATION_THREATENING_HORDE_ATTITUDE_THRESHOLD""]",,"{""description"": ""(In-game) Hordes below that attitude will be considered a threat when deciding whether to migrate."", ""key"": ""CAI_VARIABLE_MIGRATION_THREATENING_HORDE_ATTITUDE_THRESHOLD"", ""value"": -25}",null
cai_variables_tables,hecleas,OVERRIDE_SAME_AS_VANILLA,"[""CAI_VARIABLE_MINIMUM_WAIT_FOR_NON_CRUCIAL_OFFERS_AFTER_CAMPAIGN_START""]",,"{""description"": ""(In-game) Minimum wait of rounds before AIs can make non crucial offers to a human player after the campaign start."", ""key"": ""CAI_VARIABLE_MINIMUM_WAIT_FOR_NON_CRUCIAL_OFFERS_AFTER_CAMPAIGN_START"", ""value"": 5}",null
cai_variables_tables,hecleas,OVERRIDE_SAME_AS_VANILLA,"[""CAI_VARIABLE_MINOR_SETTLEMENT_FIELD_BATTLE_PERCENT""]",,"{""description"": ""(In-game) Percentage chance that the AI will choose to fight you on the field for non-port, minor settlement battles. DOES NOTHING IN WH3"", ""key"": ""CAI_VARIABLE_MINOR_SETTLEMENT_FIELD_BATTLE_PERCENT"", ""value"": 0}",null
cai_variables_tables,hecleas,OVERRIDE_SAME_AS_VANILLA,"[""CAI_VARIABLE_MINUMUM_LAND_HEX_AP_COST""]",,"{""description"": ""(In-game) Smallest AP cost for a traversible non-settlement land hex. Used to get a worst-(i.e largest-)case bounds for the region a mobile could move to."", ""key"": ""CAI_VARIABLE_MINUMUM_LAND_HEX_AP_COST"", ""value"": 80}",null
cai_variables_tables,hecleas,OVERRIDE_CHANGED,"[""CAI_VARIABLE_MIN_REBEL_SIEGE_EQUIP""]",value,"{""description"": ""(In-game) Number of siege engines required before rebels assault a lowest level fortified settlement."", ""key"": ""CAI_VARIABLE_MIN_REBEL_SIEGE_EQUIP"", ""value"": 2}","{""description"": ""(In-game) Number of siege engines required before rebels assault a lowest level fortified settlement."", ""key"": ""CAI_VARIABLE_MIN_REBEL_SIEGE_EQUIP"", ""value"": 1}"
cai_variables_tables,hecleas,OVERRIDE_SAME_AS_VANILLA,"[""CAI_VARIABLE_MOBILE_STRENGTH_ARMY_WEIGHT""]",,"{""description"": ""(In-game) Weight of army strength when analyzing strength on sea."", ""key"": ""CAI_VARIABLE_MOBILE_STRENGTH_ARMY_WEIGHT"", ""value"": 1}",null
cai_variables_tables,hecleas,OVERRIDE_SAME_AS_VANILLA,"[""CAI_VARIABLE_MOBILE_STRENGTH_NAVY_WEIGHT""]",,"{""description"": ""(In-game) Weight of navy strength when analyzing strength on sea."", ""key"": ""CAI_VARIABLE_MOBILE_STRENGTH_NAVY_WEIGHT"", ""value"": 3}",null
cai_variables_tables,hecleas,OVERRIDE_CHANGED,"[""CAI_VARIABLE_NIGHT_BATTLE_PERCENT""]",value,"{""description"": ""(In-game) Percentage chance that the AI will choose to fight you at night."", ""key"": ""CAI_VARIABLE_NIGHT_BATTLE_PERCENT"", ""value"": 5}","{""description"": ""(In-game) Percentage chance that the AI will choose to fight you at night."", ""key"": ""CAI_VARIABLE_NIGHT_BATTLE_PERCENT"", ""value"": 35}"
cai_variables_tables,hecleas,OVERRIDE_CHANGED,"[""CAI_VARIABLE_OCCUPATION_DECISION_TIME_HORIZON""]",value,"{""description"": ""(In-game) Time in rounds beyond which specific occupation decisions information against a settlement will be forgotten."", ""key"": ""CAI_VARIABLE_OCCUPATION_DECISION_TIME_HORIZON"", ""value"": 20}","{""description"": ""(In-game) Time in rounds beyond which specific occupation decisions information against a settlement will be forgotten."", ""key"": ""CAI_VARIABLE_OCCUPATION_DECISION_TIME_HORIZON"", ""value"": 4}"
cai_variables_tables,hecleas,OVERRIDE_SAME_AS_VANILLA,"[""CAI_VARIABLE_OGRE_MEAT_LEVEL_HIGH_AT_OR_ABOVE""]",,"{""description"": ""(In-game) Used to determine what the CAI consideres a high level of ogre meat at an army"", ""key"": ""CAI_VARIABLE_OGRE_MEAT_LEVEL_HIGH_AT_OR_ABOVE"", ""value"": 100}",null
cai_variables_tables,hecleas,OVERRIDE_SAME_AS_VANILLA,"[""CAI_VARIABLE_OGRE_MEAT_LEVEL_MODERATE_AT_OR_ABOVE""]",,"{""description"": ""(In-game) Used to determine what the CAI consideres a moderate level of ogre meat at an army"", ""key"": ""CAI_VARIABLE_OGRE_MEAT_LEVEL_MODERATE_AT_OR_ABOVE"", ""value"": 40}",null
cai_variables_tables,hecleas,OVERRIDE_SAME_AS_VANILLA,"[""CAI_VARIABLE_OGRE_MEAT_PREBATTLE_MEAT_LEVEL_STRENGTH_RATIO_MAX""]",,"{""description"": ""(In-game) If the Ogre AI's alliance's strength ratio to the enemy alliance equals this value (or higher), the AI uses the lowest level Meat effect. I.e. if I'm strong, I'm use the weakest Meat level (if I can afford it)."", ""key"": ""CAI_VARIABLE_OGRE_MEAT_PREBATTLE_MEAT_LEVEL_STRENGTH_RATIO_MAX"", ""value"": 0.69999999}",null
cai_variables_tables,hecleas,OVERRIDE_SAME_AS_VANILLA,"[""CAI_VARIABLE_OGRE_MEAT_PREBATTLE_MEAT_LEVEL_STRENGTH_RATIO_MIN""]",,"{""description"": ""(In-game) If the Ogre AI's alliance's strength ratio to the enemy alliance equals this value (or lower), the AI uses the highest level Meat effect. I.e. if I'm weak, I'll use the strongest Meat level. This is independent of cost, so if this ratio allows a meat level that the army cannot afford, then we'll use the highest that we can afford instead."", ""key"": ""CAI_VARIABLE_OGRE_MEAT_PREBATTLE_MEAT_LEVEL_STRENGTH_RATIO_MIN"", ""value"": 0.5}",null
cai_variables_tables,hecleas,OVERRIDE_SAME_AS_VANILLA,"[""CAI_VARIABLE_OGRE_MEAT_PREBATTLE_USAGE_CHANCE_AT_MAX_RATIO""]",,"{""description"": ""(In-game) On the prebattle screen, the percentage change that the Ogre AI will use meat at strength ratio of cai_variable_ogre_meat_prebattle_usage_chance_strength_ratio_max or higher"", ""key"": ""CAI_VARIABLE_OGRE_MEAT_PREBATTLE_USAGE_CHANCE_AT_MAX_RATIO"", ""value"": 1}",null
cai_variables_tables,hecleas,OVERRIDE_SAME_AS_VANILLA,"[""CAI_VARIABLE_OGRE_MEAT_PREBATTLE_USAGE_CHANCE_AT_MAX_RATIO_PLAYER""]",,"{""description"": ""(In-game) On the prebattle screen, the percentage change that the Ogre AI will use meat in battles that are specifically against the player at strength ratio of cai_variable_ogre_meat_prebattle_usage_chance_strength_ratio_max or higher"", ""key"": ""CAI_VARIABLE_OGRE_MEAT_PREBATTLE_USAGE_CHANCE_AT_MAX_RATIO_PLAYER"", ""value"": 1}",null
cai_variables_tables,hecleas,OVERRIDE_SAME_AS_VANILLA,"[""CAI_VARIABLE_OGRE_MEAT_PREBATTLE_USAGE_CHANCE_AT_MIN_RATIO""]",,"{""description"": ""(In-game) On the prebattle screen, the percentage change that the Ogre AI will use meat at strength ratio of cai_variable_ogre_meat_prebattle_usage_chance_strength_ratio_min or lower"", ""key"": ""CAI_VARIABLE_OGRE_MEAT_PREBATTLE_USAGE_CHANCE_AT_MIN_RATIO"", ""value"": 50}",null
cai_variables_tables,hecleas,OVERRIDE_SAME_AS_VANILLA,"[""CAI_VARIABLE_OGRE_MEAT_PREBATTLE_USAGE_CHANCE_AT_MIN_RATIO_PLAYER""]",,"{""description"": ""(In-game) On the prebattle screen, the percentage change that the Ogre AI will use meat in battles that are specifically against the player at strength ratio of cai_variable_ogre_meat_prebattle_usage_chance_strength_ratio_min or lower"", ""key"": ""CAI_VARIABLE_OGRE_MEAT_PREBATTLE_USAGE_CHANCE_AT_MIN_RATIO_PLAYER"", ""value"": 50}",null
cai_variables_tables,hecleas,OVERRIDE_SAME_AS_VANILLA,"[""CAI_VARIABLE_OGRE_MEAT_PREBATTLE_USAGE_CHANCE_STRENGTH_RATIO_MAX""]",,"{""description"": ""(In-game) On the prebattle screen, if the Ogre AI's alliance's strength ratio to the enemy alliance equals this value (or higher), we'll use the cai_variable_ogre_meat_prebattle_usage_chance_at_max_ratio chance (or the player variant) when we do a random roll on using this feature."", ""key"": ""CAI_VARIABLE_OGRE_MEAT_PREBATTLE_USAGE_CHANCE_STRENGTH_RATIO_MAX"", ""value"": 0.69999999}",null
cai_variables_tables,hecleas,OVERRIDE_SAME_AS_VANILLA,"[""CAI_VARIABLE_OGRE_MEAT_PREBATTLE_USAGE_CHANCE_STRENGTH_RATIO_MIN""]",,"{""description"": ""(In-game) On the prebattle screen, if the Ogre AI's alliance's strength ratio to the enemy alliance equals this value (or lower), we'll use the cai_variable_ogre_meat_prebattle_usage_chance_at_min_ratio chance (or the player variant) when we do a random roll on using this feature."", ""key"": ""CAI_VARIABLE_OGRE_MEAT_PREBATTLE_USAGE_CHANCE_STRENGTH_RATIO_MIN"", ""value"": 0.30000001}",null
cai_variables_tables,hecleas,OVERRIDE_CHANGED,"[""CAI_VARIABLE_PLAYER_AP_ADJUSTMENT_DEADZONE_MAX""]",value,"{""description"": ""(In-game) Upper bound for player AP deadzone adjustment for threat detection purposes."", ""key"": ""CAI_VARIABLE_PLAYER_AP_ADJUSTMENT_DEADZONE_MAX"", ""value"": 1.04999995}","{""description"": ""(In-game) Upper bound for player AP deadzone adjustment for threat detection purposes."", ""key"": ""CAI_VARIABLE_PLAYER_AP_ADJUSTMENT_DEADZONE_MAX"", ""value"": 1}"
cai_variables_tables,hecleas,OVERRIDE_CHANGED,"[""CAI_VARIABLE_PLAYER_AP_ADJUSTMENT_DEADZONE_MIN""]",value,"{""description"": ""(In-game) Lower bound for player AP deadzone adjustment for threat detection purposes. The AI will not consider the players movement range to be within the range of this and ...DEADZONE_MAX"", ""key"": ""CAI_VARIABLE_PLAYER_AP_ADJUSTMENT_DEADZONE_MIN"", ""value"": 0.95000005}","{""description"": ""(In-game) Lower bound for player AP deadzone adjustment for threat detection purposes. The AI will not consider the players movement range to be within the range of this and ...DEADZONE_MAX"", ""key"": ""CAI_VARIABLE_PLAYER_AP_ADJUSTMENT_DEADZONE_MIN"", ""value"": 1}"
cai_variables_tables,hecleas,OVERRIDE_CHANGED,"[""CAI_VARIABLE_PLAYER_AP_ADJUSTMENT_MAX""]",value,"{""description"": ""(In-game) Upper bound for player AP adjustment for threat detection purposes."", ""key"": ""CAI_VARIABLE_PLAYER_AP_ADJUSTMENT_MAX"", ""value"": 1.10000002}","{""description"": ""(In-game) Upper bound for player AP adjustment for threat detection purposes."", ""key"": ""CAI_VARIABLE_PLAYER_AP_ADJUSTMENT_MAX"", ""value"": 1}"
cai_variables_tables,hecleas,OVERRIDE_CHANGED,"[""CAI_VARIABLE_PLAYER_AP_ADJUSTMENT_MIN""]",value,"{""description"": ""(In-game) Lower bound for player AP adjustment for threat detection purposes. The AI will scale the players movement range by a random value between this and ...ADJUSTMENT_MAX when calculating its movement."", ""key"": ""CAI_VARIABLE_PLAYER_AP_ADJUSTMENT_MIN"", ""value"": 0.90000004}","{""description"": ""(In-game) Lower bound for player AP adjustment for threat detection purposes. The AI will scale the players movement range by a random value between this and ...ADJUSTMENT_MAX when calculating its movement."", ""key"": ""CAI_VARIABLE_PLAYER_AP_ADJUSTMENT_MIN"", ""value"": 1}"
cai_variables_tables,hecleas,OVERRIDE_SAME_AS_VANILLA,"[""CAI_VARIABLE_PUBLIC_ORDER_CTRL_BUILDING_APPLY_BONUS_AT_OR_BELOW""]",,"{""description"": ""(In-game) The point at or below which bonus will be provided to public order improvement buildings."", ""key"": ""CAI_VARIABLE_PUBLIC_ORDER_CTRL_BUILDING_APPLY_BONUS_AT_OR_BELOW"", ""value"": 2}",null
cai_variables_tables,hecleas,OVERRIDE_SAME_AS_VANILLA,"[""CAI_VARIABLE_PUBLIC_ORDER_CTRL_BUILDING_APPLY_PENALTY_BELOW""]",,"{""description"": ""(In-game) The point below which a public order penalty will be applied to a building option."", ""key"": ""CAI_VARIABLE_PUBLIC_ORDER_CTRL_BUILDING_APPLY_PENALTY_BELOW"", ""value"": 0}",null
cai_variables_tables,hecleas,OVERRIDE_SAME_AS_VANILLA,"[""CAI_VARIABLE_PUBLIC_ORDER_CTRL_BUILDING_BONUS""]",,"{""description"": ""(In-game) Bonus applied (per public order point) for buildings that increae public order up to the specified level."", ""key"": ""CAI_VARIABLE_PUBLIC_ORDER_CTRL_BUILDING_BONUS"", ""value"": 10}",null
cai_variables_tables,hecleas,OVERRIDE_SAME_AS_VANILLA,"[""CAI_VARIABLE_PUBLIC_ORDER_CTRL_BUILDING_NEW_BUILDING_BONUS_SCALING""]",,"{""description"": ""(In-game) When calculating public order based building score adjustements, the discount applied for being a new building."", ""key"": ""CAI_VARIABLE_PUBLIC_ORDER_CTRL_BUILDING_NEW_BUILDING_BONUS_SCALING"", ""value"": 0.5}",null
cai_variables_tables,hecleas,OVERRIDE_SAME_AS_VANILLA,"[""CAI_VARIABLE_PUBLIC_ORDER_CTRL_BUILDING_PENALTY""]",,"{""description"": ""(In-game) Penalty applied (per public order point) for buildings that use public order beyond the specified level."", ""key"": ""CAI_VARIABLE_PUBLIC_ORDER_CTRL_BUILDING_PENALTY"", ""value"": 50}",null
cai_variables_tables,hecleas,OVERRIDE_SAME_AS_VANILLA,"[""CAI_VARIABLE_PUBLIC_ORDER_CTRL_ONGOING_PROBLEM_CONVERSION_THRESHOLD_BASIC""]",,"{""description"": ""(In-game) The public order problem score for a province beyond which conversion is considered as a solution."", ""key"": ""CAI_VARIABLE_PUBLIC_ORDER_CTRL_ONGOING_PROBLEM_CONVERSION_THRESHOLD_BASIC"", ""value"": 50}",null
cai_variables_tables,hecleas,OVERRIDE_SAME_AS_VANILLA,"[""CAI_VARIABLE_PUBLIC_ORDER_CTRL_ONGOING_PROBLEM_DEMOLITION_THRESHOLD_BASIC""]",,"{""description"": ""(In-game) The public order problem score for a province beyond which demolition is considered as a solution."", ""key"": ""CAI_VARIABLE_PUBLIC_ORDER_CTRL_ONGOING_PROBLEM_DEMOLITION_THRESHOLD_BASIC"", ""value"": 200}",null
cai_variables_tables,hecleas,OVERRIDE_SAME_AS_VANILLA,"[""CAI_VARIABLE_PUBLIC_ORDER_CTRL_ONGOING_PROBLEM_SCORE_PER_TURN_ACCUMULATION_CAP""]",,"{""description"": ""(In-game) The maximum public order problem score that can be accumulated in one round for a given province."", ""key"": ""CAI_VARIABLE_PUBLIC_ORDER_CTRL_ONGOING_PROBLEM_SCORE_PER_TURN_ACCUMULATION_CAP"", ""value"": 10}",null
cai_variables_tables,hecleas,OVERRIDE_CHANGED,"[""CAI_VARIABLE_REBEL_QUALITY_MULTIPLIER""]",value,"{""description"": ""(In-game) Limits the rebel unit quality to (([sum of building levels in region] * multiplier) + offset) * [quality of best recruitable unit in faction province]."", ""key"": ""CAI_VARIABLE_REBEL_QUALITY_MULTIPLIER"", ""value"": 0.15000001}","{""description"": ""(In-game) Limits the rebel unit quality to (([sum of building levels in region] * multiplier) + offset) * [quality of best recruitable unit in faction province]."", ""key"": ""CAI_VARIABLE_REBEL_QUALITY_MULTIPLIER"", ""value"": 1}"
cai_variables_tables,hecleas,OVERRIDE_CHANGED,"[""CAI_VARIABLE_REBEL_QUALITY_OFFSET""]",value,"{""description"": ""(In-game) Limits the rebel unit quality to (([sum of building levels in region] * multiplier) + offset) * [quality of best recruitable unit in faction province]."", ""key"": ""CAI_VARIABLE_REBEL_QUALITY_OFFSET"", ""value"": 0.75}","{""description"": ""(In-game) Limits the rebel unit quality to (([sum of building levels in region] * multiplier) + offset) * [quality of best recruitable unit in faction province]."", ""key"": ""CAI_VARIABLE_REBEL_QUALITY_OFFSET"", ""value"": 1}"
cai_variables_tables,hecleas,OVERRIDE_SAME_AS_VANILLA,"[""CAI_VARIABLE_REBEL_WAIT_TIMEOUT_ADJUSTMENT_ON_FURTHER_REBELLION_MAX""]",,"{""description"": ""(In-game) In the case that an additional rebellion would trigger in a region with an existing rebellion, by how much should that existing rebellions attack time out be adjusted. Maximum adjustment."", ""key"": ""CAI_VARIABLE_REBEL_WAIT_TIMEOUT_ADJUSTMENT_ON_FURTHER_REBELLION_MAX"", ""value"": -1}",null
cai_variables_tables,hecleas,OVERRIDE_SAME_AS_VANILLA,"[""CAI_VARIABLE_REBEL_WAIT_TIMEOUT_ADJUSTMENT_ON_FURTHER_REBELLION_MIN""]",,"{""description"": ""(In-game) In the case that an additional rebellion would trigger in a region with an existing rebellion, by how much should that existing rebellions attack time out be adjusted. Minimum adjustment."", ""key"": ""CAI_VARIABLE_REBEL_WAIT_TIMEOUT_ADJUSTMENT_ON_FURTHER_REBELLION_MIN"", ""value"": -1}",null
cai_variables_tables,hecleas,OVERRIDE_CHANGED,"[""CAI_VARIABLE_REBEL_WAIT_TIMEOUT_MAXIMUM""]",value,"{""description"": ""(In-game) Maximum timeout used for a rebel faction before it should consider an arbitrary attack."", ""key"": ""CAI_VARIABLE_REBEL_WAIT_TIMEOUT_MAXIMUM"", ""value"": 7}","{""description"": ""(In-game) Maximum timeout used for a rebel faction before it should consider an arbitrary attack."", ""key"": ""CAI_VARIABLE_REBEL_WAIT_TIMEOUT_MAXIMUM"", ""value"": 0}"
cai_variables_tables,hecleas,OVERRIDE_CHANGED,"[""CAI_VARIABLE_REBEL_WAIT_TIMEOUT_MINIMUM""]",value,"{""description"": ""(In-game) Minimum timeout used for a rebel faction before it should consider an arbitrary attack."", ""key"": ""CAI_VARIABLE_REBEL_WAIT_TIMEOUT_MINIMUM"", ""value"": 2}","{""description"": ""(In-game) Minimum timeout used for a rebel faction before it should consider an arbitrary attack."", ""key"": ""CAI_VARIABLE_REBEL_WAIT_TIMEOUT_MINIMUM"", ""value"": 0}"
cai_variables_tables,hecleas,OVERRIDE_SAME_AS_VANILLA,"[""CAI_VARIABLE_REGION_TRADING_BREAK_PROVINCE_PENALTY""]",,"{""description"": ""(In-game) Penalty for giving away regions from provinces owned entirely by us."", ""key"": ""CAI_VARIABLE_REGION_TRADING_BREAK_PROVINCE_PENALTY"", ""value"": 50}",null
cai_variables_tables,hecleas,OVERRIDE_CHANGED,"[""CAI_VARIABLE_REGION_TRADING_BUILDING_VALUE_MULTIPLIER""]",value,"{""description"": ""(In-game) Used to multiply the building evaluation given by the construction system behaviour desire."", ""key"": ""CAI_VARIABLE_REGION_TRADING_BUILDING_VALUE_MULTIPLIER"", ""value"": 0.02}","{""description"": ""(In-game) Used to multiply the building evaluation given by the construction system behaviour desire."", ""key"": ""CAI_VARIABLE_REGION_TRADING_BUILDING_VALUE_MULTIPLIER"", ""value"": 0.002}"
cai_variables_tables,hecleas,OVERRIDE_SAME_AS_VANILLA,"[""CAI_VARIABLE_REGION_TRADING_COMPLETE_PROVINCE_BONUS""]",,"{""description"": ""(In-game) Bonus for obtaining regions which complete our partially owned provinces."", ""key"": ""CAI_VARIABLE_REGION_TRADING_COMPLETE_PROVINCE_BONUS"", ""value"": 10}",null
cai_variables_tables,hecleas,OVERRIDE_CHANGED,"[""CAI_VARIABLE_REGION_TRADING_GAINED_RESOURCES_MULTIPLIER""]",value,"{""description"": ""(In-game) Multiplied by the number of resources we would gain by obtaining the region."", ""key"": ""CAI_VARIABLE_REGION_TRADING_GAINED_RESOURCES_MULTIPLIER"", ""value"": 0}","{""description"": ""(In-game) Multiplied by the number of resources we would gain by obtaining the region."", ""key"": ""CAI_VARIABLE_REGION_TRADING_GAINED_RESOURCES_MULTIPLIER"", ""value"": 1}"
cai_variables_tables,hecleas,OVERRIDE_SAME_AS_VANILLA,"[""CAI_VARIABLE_REGION_TRADING_GAIN_UNSTABLE_REGION_PENALTY""]",,"{""description"": ""(In-game) Penalty for obtaining regions with bad public order."", ""key"": ""CAI_VARIABLE_REGION_TRADING_GAIN_UNSTABLE_REGION_PENALTY"", ""value"": 0}",null
cai_variables_tables,hecleas,OVERRIDE_SAME_AS_VANILLA,"[""CAI_VARIABLE_REGION_TRADING_GAIN_VICTORY_REGION_BONUS""]",,"{""description"": ""(In-game) Bonus for obtaining a region for which this faction has a region hint for a victory condition."", ""key"": ""CAI_VARIABLE_REGION_TRADING_GAIN_VICTORY_REGION_BONUS"", ""value"": 20}",null
cai_variables_tables,hecleas,OVERRIDE_SAME_AS_VANILLA,"[""CAI_VARIABLE_REGION_TRADING_LOSE_STABLE_REGION_PENALTY""]",,"{""description"": ""(In-game) Penalty for giving away regions with stable public order."", ""key"": ""CAI_VARIABLE_REGION_TRADING_LOSE_STABLE_REGION_PENALTY"", ""value"": 0}",null
cai_variables_tables,hecleas,OVERRIDE_SAME_AS_VANILLA,"[""CAI_VARIABLE_REGION_TRADING_LOSE_VICTORY_REGION_PENALTY""]",,"{""description"": ""(In-game) Penalty for giving away a region for which this faction has a region hint for a victory condition."", ""key"": ""CAI_VARIABLE_REGION_TRADING_LOSE_VICTORY_REGION_PENALTY"", ""value"": 100}",null
cai_variables_tables,hecleas,OVERRIDE_CHANGED,"[""CAI_VARIABLE_REGION_TRADING_LOST_RESOURCES_MULTIPLIER""]",value,"{""description"": ""(In-game) Multiplied by the number of resources we would lose by giving the region away."", ""key"": ""CAI_VARIABLE_REGION_TRADING_LOST_RESOURCES_MULTIPLIER"", ""value"": 0}","{""description"": ""(In-game) Multiplied by the number of resources we would lose by giving the region away."", ""key"": ""CAI_VARIABLE_REGION_TRADING_LOST_RESOURCES_MULTIPLIER"", ""value"": 1.5}"
cai_variables_tables,hecleas,OVERRIDE_SAME_AS_VANILLA,"[""CAI_VARIABLE_REGION_TRADING_LOST_UNITS_MULTIPLIER""]",,"{""description"": ""(In-game) Multiplied by the sum of the tiers of the unit types we would lose by giving the region away."", ""key"": ""CAI_VARIABLE_REGION_TRADING_LOST_UNITS_MULTIPLIER"", ""value"": 0}",null
cai_variables_tables,hecleas,OVERRIDE_SAME_AS_VANILLA,"[""CAI_VARIABLE_REGION_TRADING_PARTIAL_PROVINCE_BONUS""]",,"{""description"": ""(In-game) Bonus for obtaining regions in provinces partially owned by us."", ""key"": ""CAI_VARIABLE_REGION_TRADING_PARTIAL_PROVINCE_BONUS"", ""value"": 5}",null
cai_variables_tables,hecleas,OVERRIDE_SAME_AS_VANILLA,"[""CAI_VARIABLE_REGION_TRADING_RECENTLY_ACQUIRED_PENALTY""]",,"{""description"": ""(In-game) Penalty for giving away recently acquired regions of ours."", ""key"": ""CAI_VARIABLE_REGION_TRADING_RECENTLY_ACQUIRED_PENALTY"", ""value"": 10}",null
cai_variables_tables,hecleas,OVERRIDE_SAME_AS_VANILLA,"[""CAI_VARIABLE_REGION_WINDS_OF_MAGIC_LEVEL_HIGH_AT_OR_ABOVE""]",,"{""description"": ""(In-game) Used for the CAI to determine what is considered a high winds of magic amount for a region; NOTE: as regions use a winds of magic strength record, with a level between 0 and 5, this is not comparable with the above winds of magic variables!"", ""key"": ""CAI_VARIABLE_REGION_WINDS_OF_MAGIC_LEVEL_HIGH_AT_OR_ABOVE"", ""value"": 3}",null
cai_variables_tables,hecleas,OVERRIDE_CHANGED,"[""CAI_VARIABLE_RFB_EASY_NO_BELOW_MIN_UNITS""]",value,"{""description"": ""(In-game) Below this number of defending units don't allow retreat (easy difficulty)."", ""key"": ""CAI_VARIABLE_RFB_EASY_NO_BELOW_MIN_UNITS"", ""value"": 5}","{""description"": ""(In-game) Below this number of defending units don't allow retreat (easy difficulty)."", ""key"": ""CAI_VARIABLE_RFB_EASY_NO_BELOW_MIN_UNITS"", ""value"": 0}"
cai_variables_tables,hecleas,OVERRIDE_CHANGED,"[""CAI_VARIABLE_RFB_EASY_YES_BELOW_RATIO_NO_SETT_RETREAT""]",value,"{""description"": ""DEPRECATED"", ""key"": ""CAI_VARIABLE_RFB_EASY_YES_BELOW_RATIO_NO_SETT_RETREAT"", ""value"": 0.2}","{""description"": ""DEPRECATED"", ""key"": ""CAI_VARIABLE_RFB_EASY_YES_BELOW_RATIO_NO_SETT_RETREAT"", ""value"": 0.55000001}"
cai_variables_tables,hecleas,OVERRIDE_CHANGED,"[""CAI_VARIABLE_RFB_EASY_YES_BELOW_RATIO_SETT_RETREAT""]",value,"{""description"": ""DEPRECATED"", ""key"": ""CAI_VARIABLE_RFB_EASY_YES_BELOW_RATIO_SETT_RETREAT"", ""value"": 0.40000001}","{""description"": ""DEPRECATED"", ""key"": ""CAI_VARIABLE_RFB_EASY_YES_BELOW_RATIO_SETT_RETREAT"", ""value"": 0.55000001}"
cai_variables_tables,hecleas,OVERRIDE_CHANGED,"[""CAI_VARIABLE_RFB_HARD_NO_BELOW_MIN_UNITS""]",value,"{""description"": ""(In-game) Below this number of defending units don't allow retreat (hard difficulty)."", ""key"": ""CAI_VARIABLE_RFB_HARD_NO_BELOW_MIN_UNITS"", ""value"": 4}","{""description"": ""(In-game) Below this number of defending units don't allow retreat (hard difficulty)."", ""key"": ""CAI_VARIABLE_RFB_HARD_NO_BELOW_MIN_UNITS"", ""value"": 0}"
cai_variables_tables,hecleas,OVERRIDE_CHANGED,"[""CAI_VARIABLE_RFB_HARD_YES_BELOW_RATIO_NO_SETT_RETREAT""]",value,"{""description"": ""DEPRECATED"", ""key"": ""CAI_VARIABLE_RFB_HARD_YES_BELOW_RATIO_NO_SETT_RETREAT"", ""value"": 0.40000001}","{""description"": ""DEPRECATED"", ""key"": ""CAI_VARIABLE_RFB_HARD_YES_BELOW_RATIO_NO_SETT_RETREAT"", ""value"": 0.55000001}"
cai_variables_tables,hecleas,OVERRIDE_CHANGED,"[""CAI_VARIABLE_RFB_HARD_YES_BELOW_RATIO_SETT_RETREAT""]",value,"{""description"": ""DEPRECATED"", ""key"": ""CAI_VARIABLE_RFB_HARD_YES_BELOW_RATIO_SETT_RETREAT"", ""value"": 0.60000002}","{""description"": ""DEPRECATED"", ""key"": ""CAI_VARIABLE_RFB_HARD_YES_BELOW_RATIO_SETT_RETREAT"", ""value"": 0.55000001}"
cai_variables_tables,hecleas,OVERRIDE_CHANGED,"[""CAI_VARIABLE_RFB_NORMAL_NO_BELOW_MIN_UNITS""]",value,"{""description"": ""(In-game) Below this number of defending units don't allow retreat (normal difficulty)."", ""key"": ""CAI_VARIABLE_RFB_NORMAL_NO_BELOW_MIN_UNITS"", ""value"": 4}","{""description"": ""(In-game) Below this number of defending units don't allow retreat (normal difficulty)."", ""key"": ""CAI_VARIABLE_RFB_NORMAL_NO_BELOW_MIN_UNITS"", ""value"": 0}"
cai_variables_tables,hecleas,OVERRIDE_CHANGED,"[""CAI_VARIABLE_RFB_NORMAL_YES_BELOW_RATIO_NO_SETT_RETREAT""]",value,"{""description"": ""DEPRECATED"", ""key"": ""CAI_VARIABLE_RFB_NORMAL_YES_BELOW_RATIO_NO_SETT_RETREAT"", ""value"": 0.30000001}","{""description"": ""DEPRECATED"", ""key"": ""CAI_VARIABLE_RFB_NORMAL_YES_BELOW_RATIO_NO_SETT_RETREAT"", ""value"": 0.55000001}"
cai_variables_tables,hecleas,OVERRIDE_CHANGED,"[""CAI_VARIABLE_RFB_NORMAL_YES_BELOW_RATIO_SETT_RETREAT""]",value,"{""description"": ""DEPRECATED"", ""key"": ""CAI_VARIABLE_RFB_NORMAL_YES_BELOW_RATIO_SETT_RETREAT"", ""value"": 0.5}","{""description"": ""DEPRECATED"", ""key"": ""CAI_VARIABLE_RFB_NORMAL_YES_BELOW_RATIO_SETT_RETREAT"", ""value"": 0.55000001}"
cai_variables_tables,hecleas,OVERRIDE_SAME_AS_VANILLA,"[""CAI_VARIABLE_RFB_TEST_VERSUS_AI""]",,"{""description"": ""DEPRECATED"", ""key"": ""CAI_VARIABLE_RFB_TEST_VERSUS_AI"", ""value"": 1}",null
cai_variables_tables,hecleas,OVERRIDE_CHANGED,"[""CAI_VARIABLE_RFB_VHARD_NO_BELOW_MIN_UNITS""]",value,"{""description"": ""(In-game) Below this number of defending units don't allow retreat (Legendary difficulty (despite the name)) (Very Hard is hardcoded to be 4)."", ""key"": ""CAI_VARIABLE_RFB_VHARD_NO_BELOW_MIN_UNITS"", ""value"": 4}","{""description"": ""(In-game) Below this number of defending units don't allow retreat (Legendary difficulty (despite the name)) (Very Hard is hardcoded to be 4)."", ""key"": ""CAI_VARIABLE_RFB_VHARD_NO_BELOW_MIN_UNITS"", ""value"": 0}"
cai_variables_tables,hecleas,OVERRIDE_CHANGED,"[""CAI_VARIABLE_RFB_VHARD_YES_BELOW_RATIO_NO_SETT_RETREAT""]",value,"{""description"": ""DEPRECATED"", ""key"": ""CAI_VARIABLE_RFB_VHARD_YES_BELOW_RATIO_NO_SETT_RETREAT"", ""value"": 0.45000002}","{""description"": ""DEPRECATED"", ""key"": ""CAI_VARIABLE_RFB_VHARD_YES_BELOW_RATIO_NO_SETT_RETREAT"", ""value"": 0.55000001}"
cai_variables_tables,hecleas,OVERRIDE_CHANGED,"[""CAI_VARIABLE_RFB_VHARD_YES_BELOW_RATIO_SETT_RETREAT""]",value,"{""description"": ""DEPRECATED"", ""key"": ""CAI_VARIABLE_RFB_VHARD_YES_BELOW_RATIO_SETT_RETREAT"", ""value"": 0.65000004}","{""description"": ""DEPRECATED"", ""key"": ""CAI_VARIABLE_RFB_VHARD_YES_BELOW_RATIO_SETT_RETREAT"", ""value"": 0.55000001}"
cai_variables_tables,hecleas,OVERRIDE_SAME_AS_VANILLA,"[""CAI_VARIABLE_SAFE_PATH_STRENGTH_MODIFIER""]",,"{""description"": ""(In-game) Modifier for own strength in safe path calculations."", ""key"": ""CAI_VARIABLE_SAFE_PATH_STRENGTH_MODIFIER"", ""value"": 1}",null
cai_variables_tables,hecleas,OVERRIDE_SAME_AS_VANILLA,"[""CAI_VARIABLE_SETTLEMENT_LOST_STRENGTH_PENALTY_COORDINATOR""]",,"{""description"": ""(In-game) Used for the CAI coordinator while scoring to apply a penalty to strength losses when losing settlements."", ""key"": ""CAI_VARIABLE_SETTLEMENT_LOST_STRENGTH_PENALTY_COORDINATOR"", ""value"": 100000}",null
cai_variables_tables,hecleas,OVERRIDE_CHANGED,"[""CAI_VARIABLE_SETTLEMENT_NIGHT_BATTLE_PERCENT""]",value,"{""description"": ""(In-game) Percentage chance that the AI will choose to fight you at night for settlement battles."", ""key"": ""CAI_VARIABLE_SETTLEMENT_NIGHT_BATTLE_PERCENT"", ""value"": 5}","{""description"": ""(In-game) Percentage chance that the AI will choose to fight you at night for settlement battles."", ""key"": ""CAI_VARIABLE_SETTLEMENT_NIGHT_BATTLE_PERCENT"", ""value"": 35}"
cai_variables_tables,hecleas,OVERRIDE_SAME_AS_VANILLA,"[""CAI_VARIABLE_SETTLEMENT_STRENGTH_MODIFIER_ASSAULT""]",,"{""description"": ""(In-game) Personality-based modifier for assaulting settlements."", ""key"": ""CAI_VARIABLE_SETTLEMENT_STRENGTH_MODIFIER_ASSAULT"", ""value"": 1}",null
cai_variables_tables,hecleas,OVERRIDE_CHANGED,"[""CAI_VARIABLE_SETTLEMENT_STRENGTH_MODIFIER_DEFEND""]",value,"{""description"": ""(In-game) Personality-based modifier for defending settlements."", ""key"": ""CAI_VARIABLE_SETTLEMENT_STRENGTH_MODIFIER_DEFEND"", ""value"": 1}","{""description"": ""(In-game) Personality-based modifier for defending settlements."", ""key"": ""CAI_VARIABLE_SETTLEMENT_STRENGTH_MODIFIER_DEFEND"", ""value"": 2}"
cai_variables_tables,hecleas,OVERRIDE_SAME_AS_VANILLA,"[""CAI_VARIABLE_SQUALOR_CTRL_BUILDING_APPLY_BONUS_AT_OR_BELOW""]",,"{""description"": ""DEPRECATED"", ""key"": ""CAI_VARIABLE_SQUALOR_CTRL_BUILDING_APPLY_BONUS_AT_OR_BELOW"", ""value"": 0}",null
cai_variables_tables,hecleas,OVERRIDE_SAME_AS_VANILLA,"[""CAI_VARIABLE_SQUALOR_CTRL_BUILDING_APPLY_PENALTY_BELOW""]",,"{""description"": ""DEPRECATED"", ""key"": ""CAI_VARIABLE_SQUALOR_CTRL_BUILDING_APPLY_PENALTY_BELOW"", ""value"": 0}",null
cai_variables_tables,hecleas,OVERRIDE_SAME_AS_VANILLA,"[""CAI_VARIABLE_SQUALOR_CTRL_BUILDING_BONUS""]",,"{""description"": ""DEPRECATED"", ""key"": ""CAI_VARIABLE_SQUALOR_CTRL_BUILDING_BONUS"", ""value"": 2}",null
cai_variables_tables,hecleas,OVERRIDE_SAME_AS_VANILLA,"[""CAI_VARIABLE_SQUALOR_CTRL_BUILDING_NEW_BUILDING_BONUS_SCALING""]",,"{""description"": ""DEPRECATED"", ""key"": ""CAI_VARIABLE_SQUALOR_CTRL_BUILDING_NEW_BUILDING_BONUS_SCALING"", ""value"": 0.5}",null
cai_variables_tables,hecleas,OVERRIDE_SAME_AS_VANILLA,"[""CAI_VARIABLE_SQUALOR_CTRL_BUILDING_PENALTY""]",,"{""description"": ""DEPRECATED"", ""key"": ""CAI_VARIABLE_SQUALOR_CTRL_BUILDING_PENALTY"", ""value"": 10}",null
cai_variables_tables,hecleas,OVERRIDE_SAME_AS_VANILLA,"[""CAI_VARIABLE_SQUALOR_CTRL_ONGOING_PROBLEM_CONVERSION_THRESHOLD_BASIC""]",,"{""description"": ""DEPRECATED"", ""key"": ""CAI_VARIABLE_SQUALOR_CTRL_ONGOING_PROBLEM_CONVERSION_THRESHOLD_BASIC"", ""value"": 31}",null
cai_variables_tables,hecleas,OVERRIDE_SAME_AS_VANILLA,"[""CAI_VARIABLE_SQUALOR_CTRL_ONGOING_PROBLEM_DEMOLITION_THRESHOLD_BASIC""]",,"{""description"": ""DEPRECATED"", ""key"": ""CAI_VARIABLE_SQUALOR_CTRL_ONGOING_PROBLEM_DEMOLITION_THRESHOLD_BASIC"", ""value"": 61}",null
cai_variables_tables,hecleas,OVERRIDE_SAME_AS_VANILLA,"[""CAI_VARIABLE_SQUALOR_CTRL_ONGOING_PROBLEM_SCORE_PER_TURN_ACCUMULATION_CAP""]",,"{""description"": ""DEPRECATED"", ""key"": ""CAI_VARIABLE_SQUALOR_CTRL_ONGOING_PROBLEM_SCORE_PER_TURN_ACCUMULATION_CAP"", ""value"": 5}",null
cai_variables_tables,hecleas,OVERRIDE_SAME_AS_VANILLA,"[""CAI_VARIABLE_STRATEGIC_BALANCE_BASE_HEX_VALUE""]",,"{""description"": ""(In-game) Parameter for strategic balance calculation."", ""key"": ""CAI_VARIABLE_STRATEGIC_BALANCE_BASE_HEX_VALUE"", ""value"": 0.1}",null
cai_variables_tables,hecleas,OVERRIDE_SAME_AS_VANILLA,"[""CAI_VARIABLE_STRATEGIC_BALANCE_BASE_VALUE""]",,"{""description"": ""(In-game) Parameter for strategic balance calculation."", ""key"": ""CAI_VARIABLE_STRATEGIC_BALANCE_BASE_VALUE"", ""value"": 300}",null
cai_variables_tables,hecleas,OVERRIDE_SAME_AS_VANILLA,"[""CAI_VARIABLE_STRATEGIC_BALANCE_HEX_VALUE_CAP""]",,"{""description"": ""(In-game) Parameter for strategic balance calculation."", ""key"": ""CAI_VARIABLE_STRATEGIC_BALANCE_HEX_VALUE_CAP"", ""value"": 5}",null
cai_variables_tables,hecleas,OVERRIDE_CHANGED,"[""CAI_VARIABLE_STRATEGIC_BALANCE_HEX_VALUE_MULTIPLIER""]",value,"{""description"": ""(In-game) Parameter for strategic balance calculation."", ""key"": ""CAI_VARIABLE_STRATEGIC_BALANCE_HEX_VALUE_MULTIPLIER"", ""value"": 1e-06}","{""description"": ""(In-game) Parameter for strategic balance calculation."", ""key"": ""CAI_VARIABLE_STRATEGIC_BALANCE_HEX_VALUE_MULTIPLIER"", ""value"": 0}"
cai_variables_tables,hecleas,OVERRIDE_SAME_AS_VANILLA,"[""CAI_VARIABLE_STRATEGIC_CONTEXT_ADJUSTMENT_PER_NUM_ENEMIES""]",,"{""description"": ""(In-game) Adjustment to strategic balance is applied for every X enemies."", ""key"": ""CAI_VARIABLE_STRATEGIC_CONTEXT_ADJUSTMENT_PER_NUM_ENEMIES"", ""value"": 1}",null
cai_variables_tables,hecleas,OVERRIDE_SAME_AS_VANILLA,"[""CAI_VARIABLE_STRATEGIC_CONTEXT_ADJUSTMENT_VALUE""]",,"{""description"": ""(In-game) Adjustment to strategic balance applied for the purpose of strategic context calculations. (Currently applied for CAI_VARIABLE_STRATEGIC_CONTEXT_ADJUSTMENT_PER_NUM_ENEMIES number of wars)."", ""key"": ""CAI_VARIABLE_STRATEGIC_CONTEXT_ADJUSTMENT_VALUE"", ""value"": -0.2}",null
cai_variables_tables,hecleas,OVERRIDE_CHANGED,"[""CAI_VARIABLE_STRATEGIC_STANCE_CONTROL_EXISTING_STANCE_GROUP_SCORE_BONUS_CAP""]",value,"{""description"": ""(In-game) Strategic stance system control, provides the limit on the 'existing stances' bonus to a given stance group."", ""key"": ""CAI_VARIABLE_STRATEGIC_STANCE_CONTROL_EXISTING_STANCE_GROUP_SCORE_BONUS_CAP"", ""value"": 0.5}","{""description"": ""(In-game) Strategic stance system control, provides the limit on the 'existing stances' bonus to a given stance group."", ""key"": ""CAI_VARIABLE_STRATEGIC_STANCE_CONTROL_EXISTING_STANCE_GROUP_SCORE_BONUS_CAP"", ""value"": 1}"
cai_variables_tables,hecleas,OVERRIDE_SAME_AS_VANILLA,"[""CAI_VARIABLE_STRATEGIC_STANCE_CONTROL_SUBJUGATION_CURRENT_ATTITUDE_ADJUSTMENT_MULTIPLIER""]",,"{""description"": ""(In-game) Strategic stance system control, current attitude adjustment factor reliability multipler."", ""key"": ""CAI_VARIABLE_STRATEGIC_STANCE_CONTROL_SUBJUGATION_CURRENT_ATTITUDE_ADJUSTMENT_MULTIPLIER"", ""value"": 1}",null
cai_variables_tables,hecleas,OVERRIDE_SAME_AS_VANILLA,"[""CAI_VARIABLE_STRATEGIC_STANCE_CONTROL_SUBJUGATION_FRIENDLY_BIAS""]",,"{""description"": ""(In-game) Strategic stance system control, the bias provided towards the friendly stance in the subjugation case."", ""key"": ""CAI_VARIABLE_STRATEGIC_STANCE_CONTROL_SUBJUGATION_FRIENDLY_BIAS"", ""value"": 6}",null
cai_variables_tables,hecleas,OVERRIDE_SAME_AS_VANILLA,"[""CAI_VARIABLE_STRATEGIC_STANCE_CONTROL_SUBJUGATION_PER_STANCE_DROP_RATE""]",,"{""description"": ""(In-game) Strategic stance system control, the drop rate from friendly."", ""key"": ""CAI_VARIABLE_STRATEGIC_STANCE_CONTROL_SUBJUGATION_PER_STANCE_DROP_RATE"", ""value"": 4}",null
cai_variables_tables,hecleas,OVERRIDE_CHANGED,"[""CAI_VARIABLE_STRATEGIC_STANCE_CONTROL_WEIGHT_FOR_BEING_HUMAN""]",value,"{""description"": ""(In-game) Strategic stance system score weighting, impact of being human."", ""key"": ""CAI_VARIABLE_STRATEGIC_STANCE_CONTROL_WEIGHT_FOR_BEING_HUMAN"", ""value"": 0}","{""description"": ""(In-game) Strategic stance system score weighting, impact of being human."", ""key"": ""CAI_VARIABLE_STRATEGIC_STANCE_CONTROL_WEIGHT_FOR_BEING_HUMAN"", ""value"": 1}"
cai_variables_tables,hecleas,OVERRIDE_SAME_AS_VANILLA,"[""CAI_VARIABLE_STRATEGIC_STANCE_CONTROL_WEIGHT_FOR_CURRENT_ATTITUDE""]",,"{""description"": ""(In-game) Strategic stance system score weighting, impact of current and historical attitude."", ""key"": ""CAI_VARIABLE_STRATEGIC_STANCE_CONTROL_WEIGHT_FOR_CURRENT_ATTITUDE"", ""value"": 3}",null
cai_variables_tables,hecleas,OVERRIDE_SAME_AS_VANILLA,"[""CAI_VARIABLE_STRATEGIC_STANCE_CONTROL_WEIGHT_FOR_DIPLOMATIC_TREATIES_CORE""]",,"{""description"": ""(In-game) Strategic stance system score weighting, impact of basic treaties."", ""key"": ""CAI_VARIABLE_STRATEGIC_STANCE_CONTROL_WEIGHT_FOR_DIPLOMATIC_TREATIES_CORE"", ""value"": 0.5}",null
cai_variables_tables,hecleas,OVERRIDE_CHANGED,"[""CAI_VARIABLE_STRATEGIC_STANCE_CONTROL_WEIGHT_FOR_DIPLOMATIC_TREATIES_TRANSITIVE""]",value,"{""description"": ""(In-game) Strategic stance system score weighting, impact of transitive effects between factions based on basic treaties."", ""key"": ""CAI_VARIABLE_STRATEGIC_STANCE_CONTROL_WEIGHT_FOR_DIPLOMATIC_TREATIES_TRANSITIVE"", ""value"": 0.5}","{""description"": ""(In-game) Strategic stance system score weighting, impact of transitive effects between factions based on basic treaties."", ""key"": ""CAI_VARIABLE_STRATEGIC_STANCE_CONTROL_WEIGHT_FOR_DIPLOMATIC_TREATIES_TRANSITIVE"", ""value"": 1}"
cai_variables_tables,hecleas,OVERRIDE_CHANGED,"[""CAI_VARIABLE_STRATEGIC_STANCE_CONTROL_WEIGHT_FOR_EXISTING_STANCE""]",value,"{""description"": ""(In-game) Strategic stance system score weighting, impact of existing faction stance."", ""key"": ""CAI_VARIABLE_STRATEGIC_STANCE_CONTROL_WEIGHT_FOR_EXISTING_STANCE"", ""value"": 0.5}","{""description"": ""(In-game) Strategic stance system score weighting, impact of existing faction stance."", ""key"": ""CAI_VARIABLE_STRATEGIC_STANCE_CONTROL_WEIGHT_FOR_EXISTING_STANCE"", ""value"": 1}"
cai_variables_tables,hecleas,OVERRIDE_SAME_AS_VANILLA,"[""CAI_VARIABLE_STRATEGIC_STANCE_CONTROL_WEIGHT_FOR_IMPORTANCE""]",,"{""description"": ""(In-game) Strategic stance system score weighting, impact of 'importance'."", ""key"": ""CAI_VARIABLE_STRATEGIC_STANCE_CONTROL_WEIGHT_FOR_IMPORTANCE"", ""value"": 0}",null
cai_variables_tables,hecleas,OVERRIDE_CHANGED,"[""CAI_VARIABLE_STRATEGIC_STANCE_CONTROL_WEIGHT_FOR_SUBJUGATION""]",value,"{""description"": ""(In-game) Strategic stance system score weighting, impact of subjugation."", ""key"": ""CAI_VARIABLE_STRATEGIC_STANCE_CONTROL_WEIGHT_FOR_SUBJUGATION"", ""value"": 0}","{""description"": ""(In-game) Strategic stance system score weighting, impact of subjugation."", ""key"": ""CAI_VARIABLE_STRATEGIC_STANCE_CONTROL_WEIGHT_FOR_SUBJUGATION"", ""value"": 1}"
cai_variables_tables,hecleas,OVERRIDE_CHANGED,"[""CAI_VARIABLE_STRATEGIC_STANCE_CONTROL_WEIGHT_FOR_TASKS""]",value,"{""description"": ""(In-game) Strategic stance system score weighting, impact of task generation (types and targets)."", ""key"": ""CAI_VARIABLE_STRATEGIC_STANCE_CONTROL_WEIGHT_FOR_TASKS"", ""value"": 0}","{""description"": ""(In-game) Strategic stance system score weighting, impact of task generation (types and targets)."", ""key"": ""CAI_VARIABLE_STRATEGIC_STANCE_CONTROL_WEIGHT_FOR_TASKS"", ""value"": 1}"
cai_variables_tables,hecleas,OVERRIDE_SAME_AS_VANILLA,"[""CAI_VARIABLE_STRATEGIC_STANCE_CONTROL_WEIGHT_FOR_TREACHERY""]",,"{""description"": ""(In-game) Strategic stance system score weighting, impact of treacheries."", ""key"": ""CAI_VARIABLE_STRATEGIC_STANCE_CONTROL_WEIGHT_FOR_TREACHERY"", ""value"": 1}",null
cai_variables_tables,hecleas,OVERRIDE_SAME_AS_VANILLA,"[""CAI_VARIABLE_STRATEGIC_WAR_LOSSES_DETECTION_HORIZON_IN_ROUNDS""]",,"{""description"": ""(In-game) Time horizon in rounds of war losses considereded in diplomacy."", ""key"": ""CAI_VARIABLE_STRATEGIC_WAR_LOSSES_DETECTION_HORIZON_IN_ROUNDS"", ""value"": 10}",null
cai_variables_tables,hecleas,OVERRIDE_SAME_AS_VANILLA,"[""CAI_VARIABLE_TREACHERY_COMPLEX_EVENT_DETECTION_HORIZON_IN_ROUNDS""]",,"{""description"": ""(In-game) Time horizon in rounds beyond which a 'complex' treachery won't be detected."", ""key"": ""CAI_VARIABLE_TREACHERY_COMPLEX_EVENT_DETECTION_HORIZON_IN_ROUNDS"", ""value"": 10}",null
cai_variables_tables,hecleas,OVERRIDE_SAME_AS_VANILLA,"[""CAI_VARIABLE_TREACHERY_EVENT_FALLOFF_BASE""]",,"{""description"": ""(In-game) Maximum rate of per event drop of for treachery events. Actually drop of moderated by number of current treachery events."", ""key"": ""CAI_VARIABLE_TREACHERY_EVENT_FALLOFF_BASE"", ""value"": 1}",null
cai_variables_tables,hecleas,OVERRIDE_SAME_AS_VANILLA,"[""CAI_VARIABLE_TRESPASS_WARNING_DURATION""]",,"{""description"": ""(In-game) How long until a trespass warning expires, for the purposes of the TRESPASS_AFTER_WARNING event."", ""key"": ""CAI_VARIABLE_TRESPASS_WARNING_DURATION"", ""value"": 10}",null
cai_variables_tables,hecleas,OVERRIDE_SAME_AS_VANILLA,"[""CAI_VARIABLE_TRESPASS_WARNING_GRACE_PERIOD""]",,"{""description"": ""(In-game) How long a faction has to get out of a faction's lands they've been trespassed-warned by until the TRESPASS_AFTER_WARNING diplomatic event starts kicking in"", ""key"": ""CAI_VARIABLE_TRESPASS_WARNING_GRACE_PERIOD"", ""value"": 2}",null
cai_variables_tables,hecleas,OVERRIDE_CHANGED,"[""CAI_VARIABLE_TURNS_TO_IGNORE_SETTLEMENT_AFTER_RAZING""]",value,"{""description"": ""(In-game) Number of turns task generation will ignore settlements after it's been razed. 0 = ignore for the current turn only."", ""key"": ""CAI_VARIABLE_TURNS_TO_IGNORE_SETTLEMENT_AFTER_RAZING"", ""value"": 5}","{""description"": ""(In-game) Number of turns task generation will ignore settlements after it's been razed. 0 = ignore for the current turn only."", ""key"": ""CAI_VARIABLE_TURNS_TO_IGNORE_SETTLEMENT_AFTER_RAZING"", ""value"": 0}"
cai_variables_tables,hecleas,OVERRIDE_CHANGED,"[""CAI_VARIABLE_TURNS_TO_IGNORE_SETTLEMENT_AFTER_SACKING""]",value,"{""description"": ""(In-game) Number of turns task generation will ignore settlements after sacking it. 0 = ignore for the current turn only."", ""key"": ""CAI_VARIABLE_TURNS_TO_IGNORE_SETTLEMENT_AFTER_SACKING"", ""value"": 2}","{""description"": ""(In-game) Number of turns task generation will ignore settlements after sacking it. 0 = ignore for the current turn only."", ""key"": ""CAI_VARIABLE_TURNS_TO_IGNORE_SETTLEMENT_AFTER_SACKING"", ""value"": 0}"
cai_variables_tables,hecleas,OVERRIDE_CHANGED,"[""CAI_VARIABLE_TURNS_TO_IGNORE_SETTLEMENT_AFTER_SACKING_CRD""]",value,"{""description"": ""(In-game) Number of turns coordinator will ignore settlements after sacking. 0 = ignore for the current turn only."", ""key"": ""CAI_VARIABLE_TURNS_TO_IGNORE_SETTLEMENT_AFTER_SACKING_CRD"", ""value"": 2}","{""description"": ""(In-game) Number of turns coordinator will ignore settlements after sacking. 0 = ignore for the current turn only."", ""key"": ""CAI_VARIABLE_TURNS_TO_IGNORE_SETTLEMENT_AFTER_SACKING_CRD"", ""value"": 0}"
cai_variables_tables,hecleas,OVERRIDE_CHANGED,"[""CAI_VARIABLE_UNFORTIFIED_SETTLEMENT_FORTIFICATION_BONUS""]",value,"{""description"": ""(In-game) AI strength bonus for unfortified settlements (Includes both ones which will load minor settlement battle maps, and ones which will load land battle maps)"", ""key"": ""CAI_VARIABLE_UNFORTIFIED_SETTLEMENT_FORTIFICATION_BONUS"", ""value"": 100000}","{""description"": ""(In-game) AI strength bonus for unfortified settlements (Includes both ones which will load minor settlement battle maps, and ones which will load land battle maps)"", ""key"": ""CAI_VARIABLE_UNFORTIFIED_SETTLEMENT_FORTIFICATION_BONUS"", ""value"": 0}"
cai_variables_tables,hecleas,OVERRIDE_CHANGED,"[""CAI_VARIABLE_UNFORTIFIED_SETTLEMENT_FORTIFICATION_MULTIPLIER""]",value,"{""description"": ""(In-game) AI strength multiplier for unfortified settlements (Includes both ones which will load minor settlement battle maps, and ones which will load land battle maps)."", ""key"": ""CAI_VARIABLE_UNFORTIFIED_SETTLEMENT_FORTIFICATION_MULTIPLIER"", ""value"": 1.20000005}","{""description"": ""(In-game) AI strength multiplier for unfortified settlements (Includes both ones which will load minor settlement battle maps, and ones which will load land battle maps)."", ""key"": ""CAI_VARIABLE_UNFORTIFIED_SETTLEMENT_FORTIFICATION_MULTIPLIER"", ""value"": 1}"
cai_variables_tables,hecleas,OVERRIDE_CHANGED,"[""CAI_VARIABLE_UNFORTIFIED_SETTLEMENT_FORTIFICATION_MULTIPLIER_PRE_ASSAULT""]",value,"{""description"": ""(In-game) AI strength multiplier for unfortified settlements, pre-assault. (Includes both ones which will load minor settlement battle maps, and ones which will load land battle maps)"", ""key"": ""CAI_VARIABLE_UNFORTIFIED_SETTLEMENT_FORTIFICATION_MULTIPLIER_PRE_ASSAULT"", ""value"": 1.10000002}","{""description"": ""(In-game) AI strength multiplier for unfortified settlements, pre-assault. (Includes both ones which will load minor settlement battle maps, and ones which will load land battle maps)"", ""key"": ""CAI_VARIABLE_UNFORTIFIED_SETTLEMENT_FORTIFICATION_MULTIPLIER_PRE_ASSAULT"", ""value"": 1}"
cai_variables_tables,hecleas,OVERRIDE_SAME_AS_VANILLA,"[""CAI_VARIABLE_UNFORTIFIED_SETTLEMENT_FORTIFICATION_MULTIPLIER_THREAT""]",,"{""description"": ""(In-game) AI strength multiplier for unfortified settlements used for threat detection. (Includes both ones which will load minor settlement battle maps, and ones which will load land battle maps)"", ""key"": ""CAI_VARIABLE_UNFORTIFIED_SETTLEMENT_FORTIFICATION_MULTIPLIER_THREAT"", ""value"": 1}",null
cai_variables_tables,hecleas,OVERRIDE_SAME_AS_VANILLA,"[""CAI_VARIABLE_VICTORY_REGION_ADD_STARTING_REGIONS""]",,"{""description"": ""DEPRECATED"", ""key"": ""CAI_VARIABLE_VICTORY_REGION_ADD_STARTING_REGIONS"", ""value"": 0}",null
cai_variables_tables,hecleas,OVERRIDE_SAME_AS_VANILLA,"[""CAI_VARIABLE_VICTORY_REGION_MINIMUM_EXTRA""]",,"{""description"": ""DEPRECATED"", ""key"": ""CAI_VARIABLE_VICTORY_REGION_MINIMUM_EXTRA"", ""value"": 0}",null
cai_variables_tables,hecleas,OVERRIDE_SAME_AS_VANILLA,"[""CAI_VARIABLE_VICTORY_REGION_MINIMUM_FERTILITY""]",,"{""description"": ""DEPRECATED"", ""key"": ""CAI_VARIABLE_VICTORY_REGION_MINIMUM_FERTILITY"", ""value"": 0}",null
cai_variables_tables,hecleas,OVERRIDE_SAME_AS_VANILLA,"[""CAI_VARIABLE_VICTORY_REGION_MINIMUM_TOTAL""]",,"{""description"": ""DEPRECATED"", ""key"": ""CAI_VARIABLE_VICTORY_REGION_MINIMUM_TOTAL"", ""value"": 0}",null
cai_variables_tables,hecleas,OVERRIDE_CHANGED,"[""CAI_VARIABLE_WAAGH_QUALITY_MULTIPLIER""]",value,"{""description"": ""(In-game) Used for the cap of waags with respect to their parents.  Between 0 and 1, 1 indicates the cap will be higher."", ""key"": ""CAI_VARIABLE_WAAGH_QUALITY_MULTIPLIER"", ""value"": 0.5}","{""description"": ""(In-game) Used for the cap of waags with respect to their parents.  Between 0 and 1, 1 indicates the cap will be higher."", ""key"": ""CAI_VARIABLE_WAAGH_QUALITY_MULTIPLIER"", ""value"": 1}"
cai_variables_tables,hecleas,OVERRIDE_SAME_AS_VANILLA,"[""CAI_VARIABLE_WINDS_OF_MAGIC_HIGH_AT_OR_ABOVE""]",,"{""description"": ""(In-game) Used for the CAI to determine what is considered a high winds of magic amount for a military force."", ""key"": ""CAI_VARIABLE_WINDS_OF_MAGIC_HIGH_AT_OR_ABOVE"", ""value"": 75}",null
cai_variables_tables,hecleas,OVERRIDE_SAME_AS_VANILLA,"[""CAI_VARIABLE_WINDS_OF_MAGIC_MODERATE_AT_OR_ABOVE""]",,"{""description"": ""(In-game) Used for the CAI to determine what is considered a moderate winds of magic amount for a military force."", ""key"": ""CAI_VARIABLE_WINDS_OF_MAGIC_MODERATE_AT_OR_ABOVE"", ""value"": 30}",null
cai_task_management_system_variables_tables,deepwar,OVERRIDE_CHANGED,"[""ALLOCATOR_PRE_SCORING_TASK_PRIORITY_DISTANCE_SCALING_NO_SCALING_WITHIN_TURNS_DISTANCE""]",value,"{""key"": ""ALLOCATOR_PRE_SCORING_TASK_PRIORITY_DISTANCE_SCALING_NO_SCALING_WITHIN_TURNS_DISTANCE"", ""value"": 2}","{""key"": ""ALLOCATOR_PRE_SCORING_TASK_PRIORITY_DISTANCE_SCALING_NO_SCALING_WITHIN_TURNS_DISTANCE"", ""value"": 3}"
cai_task_management_system_variables_tables,deepwar,OVERRIDE_SAME_AS_VANILLA,"[""ALLOCATOR_PRE_SCORING_TASK_PRIORITY_DISTANCE_SCALING_SCALE_MULTIPLES_OF_NO_SCALING_DISTANCE_BY_POWER""]",,"{""key"": ""ALLOCATOR_PRE_SCORING_TASK_PRIORITY_DISTANCE_SCALING_SCALE_MULTIPLES_OF_NO_SCALING_DISTANCE_BY_POWER"", ""value"": 1}",null
cai_task_management_system_variables_tables,deepwar,OVERRIDE_CHANGED,"[""ALLOCATOR_RECRUIT_NEW_ARMY_UNIT_THRESHOLD""]",value,"{""key"": ""ALLOCATOR_RECRUIT_NEW_ARMY_UNIT_THRESHOLD"", ""value"": 16}","{""key"": ""ALLOCATOR_RECRUIT_NEW_ARMY_UNIT_THRESHOLD"", ""value"": 12}"
cai_task_management_system_variables_tables,deepwar,OVERRIDE_SAME_AS_VANILLA,"[""ALLOCATOR_RELEASE_FORCES_TO_AGGRESSIVE_ACTION_MORALE_THRESHOLD""]",,"{""key"": ""ALLOCATOR_RELEASE_FORCES_TO_AGGRESSIVE_ACTION_MORALE_THRESHOLD"", ""value"": 0}",null
cai_task_management_system_variables_tables,deepwar,OVERRIDE_CHANGED,"[""ALLOCATOR_RELEASE_FORCES_TO_AGGRESSIVE_ACTION_UNITS_THRESHOLD""]",value,"{""key"": ""ALLOCATOR_RELEASE_FORCES_TO_AGGRESSIVE_ACTION_UNITS_THRESHOLD"", ""value"": 9}","{""key"": ""ALLOCATOR_RELEASE_FORCES_TO_AGGRESSIVE_ACTION_UNITS_THRESHOLD"", ""value"": 12}"
cai_task_management_system_variables_tables,deepwar,OVERRIDE_SAME_AS_VANILLA,"[""ALLOCATOR_REQUIRE_FORCES_TO_RETURN_ON_POST_RELEASE_MORAL_THRESHOLD""]",,"{""key"": ""ALLOCATOR_REQUIRE_FORCES_TO_RETURN_ON_POST_RELEASE_MORAL_THRESHOLD"", ""value"": 0}",null
cai_task_management_system_variables_tables,deepwar,OVERRIDE_SAME_AS_VANILLA,"[""ALLOCATOR_REQUIRE_FORCES_TO_RETURN_ON_POST_RELEASE_UNITS_THRESHOLD""]",,"{""key"": ""ALLOCATOR_REQUIRE_FORCES_TO_RETURN_ON_POST_RELEASE_UNITS_THRESHOLD"", ""value"": 8}",null
cai_task_management_system_variables_tables,deepwar,OVERRIDE_CHANGED,"[""ALLOCATOR_SCORING_DISTANCE_SCALING_RETAINED_MINIMUM_SCORE_PROPORTION_NONRECRUITING""]",value,"{""key"": ""ALLOCATOR_SCORING_DISTANCE_SCALING_RETAINED_MINIMUM_SCORE_PROPORTION_NONRECRUITING"", ""value"": 0.2}","{""key"": ""ALLOCATOR_SCORING_DISTANCE_SCALING_RETAINED_MINIMUM_SCORE_PROPORTION_NONRECRUITING"", ""value"": 0.1}"
cai_task_management_system_variables_tables,deepwar,OVERRIDE_CHANGED,"[""ALLOCATOR_SCORING_DISTANCE_SCALING_RETAINED_MINIMUM_SCORE_PROPORTION_RECRUITING""]",value,"{""key"": ""ALLOCATOR_SCORING_DISTANCE_SCALING_RETAINED_MINIMUM_SCORE_PROPORTION_RECRUITING"", ""value"": 0.1}","{""key"": ""ALLOCATOR_SCORING_DISTANCE_SCALING_RETAINED_MINIMUM_SCORE_PROPORTION_RECRUITING"", ""value"": 0.05}"
cai_task_management_system_variables_tables,deepwar,OVERRIDE_CHANGED,"[""ALLOCATOR_SCORING_DISTANCE_SCALING_TIME_TO_TARGET_IN_ROUNDS_UPPER_BOUND_NONRECRUITING""]",value,"{""key"": ""ALLOCATOR_SCORING_DISTANCE_SCALING_TIME_TO_TARGET_IN_ROUNDS_UPPER_BOUND_NONRECRUITING"", ""value"": 5}","{""key"": ""ALLOCATOR_SCORING_DISTANCE_SCALING_TIME_TO_TARGET_IN_ROUNDS_UPPER_BOUND_NONRECRUITING"", ""value"": 6}"
cai_task_management_system_variables_tables,deepwar,OVERRIDE_SAME_AS_VANILLA,"[""ALLOCATOR_SCORING_DISTANCE_SCALING_TIME_TO_TARGET_IN_ROUNDS_UPPER_BOUND_RECRUITING""]",,"{""key"": ""ALLOCATOR_SCORING_DISTANCE_SCALING_TIME_TO_TARGET_IN_ROUNDS_UPPER_BOUND_RECRUITING"", ""value"": 4}",null
cai_task_management_system_variables_tables,hecleas,OVERRIDE_CHANGED,"[""ALLOCATOR_PRE_SCORING_TASK_PRIORITY_DISTANCE_SCALING_NO_SCALING_WITHIN_TURNS_DISTANCE""]",value,"{""key"": ""ALLOCATOR_PRE_SCORING_TASK_PRIORITY_DISTANCE_SCALING_NO_SCALING_WITHIN_TURNS_DISTANCE"", ""value"": 2}","{""key"": ""ALLOCATOR_PRE_SCORING_TASK_PRIORITY_DISTANCE_SCALING_NO_SCALING_WITHIN_TURNS_DISTANCE"", ""value"": 1}"
cai_task_management_system_variables_tables,hecleas,OVERRIDE_SAME_AS_VANILLA,"[""ALLOCATOR_PRE_SCORING_TASK_PRIORITY_DISTANCE_SCALING_SCALE_MULTIPLES_OF_NO_SCALING_DISTANCE_BY_POWER""]",,"{""key"": ""ALLOCATOR_PRE_SCORING_TASK_PRIORITY_DISTANCE_SCALING_SCALE_MULTIPLES_OF_NO_SCALING_DISTANCE_BY_POWER"", ""value"": 1}",null
cai_task_management_system_variables_tables,hecleas,OVERRIDE_CHANGED,"[""ALLOCATOR_RECRUIT_NEW_ARMY_UNIT_THRESHOLD""]",value,"{""key"": ""ALLOCATOR_RECRUIT_NEW_ARMY_UNIT_THRESHOLD"", ""value"": 16}","{""key"": ""ALLOCATOR_RECRUIT_NEW_ARMY_UNIT_THRESHOLD"", ""value"": 14}"
cai_task_management_system_variables_tables,hecleas,OVERRIDE_CHANGED,"[""ALLOCATOR_RELEASE_FORCES_TO_AGGRESSIVE_ACTION_MORALE_THRESHOLD""]",value,"{""key"": ""ALLOCATOR_RELEASE_FORCES_TO_AGGRESSIVE_ACTION_MORALE_THRESHOLD"", ""value"": 0}","{""key"": ""ALLOCATOR_RELEASE_FORCES_TO_AGGRESSIVE_ACTION_MORALE_THRESHOLD"", ""value"": 0.5}"
cai_task_management_system_variables_tables,hecleas,OVERRIDE_CHANGED,"[""ALLOCATOR_RELEASE_FORCES_TO_AGGRESSIVE_ACTION_UNITS_THRESHOLD""]",value,"{""key"": ""ALLOCATOR_RELEASE_FORCES_TO_AGGRESSIVE_ACTION_UNITS_THRESHOLD"", ""value"": 9}","{""key"": ""ALLOCATOR_RELEASE_FORCES_TO_AGGRESSIVE_ACTION_UNITS_THRESHOLD"", ""value"": 12}"
cai_task_management_system_variables_tables,hecleas,OVERRIDE_CHANGED,"[""ALLOCATOR_REQUIRE_FORCES_TO_RETURN_ON_POST_RELEASE_MORAL_THRESHOLD""]",value,"{""key"": ""ALLOCATOR_REQUIRE_FORCES_TO_RETURN_ON_POST_RELEASE_MORAL_THRESHOLD"", ""value"": 0}","{""key"": ""ALLOCATOR_REQUIRE_FORCES_TO_RETURN_ON_POST_RELEASE_MORAL_THRESHOLD"", ""value"": 0.5}"
cai_task_management_system_variables_tables,hecleas,OVERRIDE_CHANGED,"[""ALLOCATOR_REQUIRE_FORCES_TO_RETURN_ON_POST_RELEASE_UNITS_THRESHOLD""]",value,"{""key"": ""ALLOCATOR_REQUIRE_FORCES_TO_RETURN_ON_POST_RELEASE_UNITS_THRESHOLD"", ""value"": 8}","{""key"": ""ALLOCATOR_REQUIRE_FORCES_TO_RETURN_ON_POST_RELEASE_UNITS_THRESHOLD"", ""value"": 7}"
cai_task_management_system_variables_tables,hecleas,OVERRIDE_CHANGED,"[""ALLOCATOR_SCORING_DISTANCE_SCALING_RETAINED_MINIMUM_SCORE_PROPORTION_NONRECRUITING""]",value,"{""key"": ""ALLOCATOR_SCORING_DISTANCE_SCALING_RETAINED_MINIMUM_SCORE_PROPORTION_NONRECRUITING"", ""value"": 0.2}","{""key"": ""ALLOCATOR_SCORING_DISTANCE_SCALING_RETAINED_MINIMUM_SCORE_PROPORTION_NONRECRUITING"", ""value"": 0.15000001}"
cai_task_management_system_variables_tables,hecleas,OVERRIDE_CHANGED,"[""ALLOCATOR_SCORING_DISTANCE_SCALING_RETAINED_MINIMUM_SCORE_PROPORTION_RECRUITING""]",value,"{""key"": ""ALLOCATOR_SCORING_DISTANCE_SCALING_RETAINED_MINIMUM_SCORE_PROPORTION_RECRUITING"", ""value"": 0.1}","{""key"": ""ALLOCATOR_SCORING_DISTANCE_SCALING_RETAINED_MINIMUM_SCORE_PROPORTION_RECRUITING"", ""value"": 0.05}"
cai_task_management_system_variables_tables,hecleas,OVERRIDE_CHANGED,"[""ALLOCATOR_SCORING_DISTANCE_SCALING_TIME_TO_TARGET_IN_ROUNDS_UPPER_BOUND_NONRECRUITING""]",value,"{""key"": ""ALLOCATOR_SCORING_DISTANCE_SCALING_TIME_TO_TARGET_IN_ROUNDS_UPPER_BOUND_NONRECRUITING"", ""value"": 5}","{""key"": ""ALLOCATOR_SCORING_DISTANCE_SCALING_TIME_TO_TARGET_IN_ROUNDS_UPPER_BOUND_NONRECRUITING"", ""value"": 6}"
cai_task_management_system_variables_tables,hecleas,OVERRIDE_CHANGED,"[""ALLOCATOR_SCORING_DISTANCE_SCALING_TIME_TO_TARGET_IN_ROUNDS_UPPER_BOUND_RECRUITING""]",value,"{""key"": ""ALLOCATOR_SCORING_DISTANCE_SCALING_TIME_TO_TARGET_IN_ROUNDS_UPPER_BOUND_RECRUITING"", ""value"": 4}","{""key"": ""ALLOCATOR_SCORING_DISTANCE_SCALING_TIME_TO_TARGET_IN_ROUNDS_UPPER_BOUND_RECRUITING"", ""value"": 3}"
cai_task_management_system_variable_group_junctions_tables,deepwar,OVERRIDE_CHANGED,"[""wh3_tms_variable_group_brutal"", ""ALLOCATOR_RELEASE_FORCES_TO_AGGRESSIVE_ACTION_UNITS_THRESHOLD""]",value,"{""group"": ""wh3_tms_variable_group_brutal"", ""value"": 14, ""variable"": ""ALLOCATOR_RELEASE_FORCES_TO_AGGRESSIVE_ACTION_UNITS_THRESHOLD""}","{""group"": ""wh3_tms_variable_group_brutal"", ""value"": 12, ""variable"": ""ALLOCATOR_RELEASE_FORCES_TO_AGGRESSIVE_ACTION_UNITS_THRESHOLD""}"
cai_task_management_system_variable_group_junctions_tables,deepwar,OVERRIDE_CHANGED,"[""wh3_tms_variable_group_brutal"", ""ALLOCATOR_REQUIRE_FORCES_TO_RETURN_ON_POST_RELEASE_UNITS_THRESHOLD""]",value,"{""group"": ""wh3_tms_variable_group_brutal"", ""value"": 6, ""variable"": ""ALLOCATOR_REQUIRE_FORCES_TO_RETURN_ON_POST_RELEASE_UNITS_THRESHOLD""}","{""group"": ""wh3_tms_variable_group_brutal"", ""value"": 7, ""variable"": ""ALLOCATOR_REQUIRE_FORCES_TO_RETURN_ON_POST_RELEASE_UNITS_THRESHOLD""}"
cai_task_management_system_variable_group_junctions_tables,deepwar,MOD_ONLY_ROW,"[""wh3_tms_variable_group_default"", ""ALLOCATOR_RELEASE_FORCES_TO_AGGRESSIVE_ACTION_UNITS_THRESHOLD""]",,null,"{""group"": ""wh3_tms_variable_group_default"", ""value"": 14, ""variable"": ""ALLOCATOR_RELEASE_FORCES_TO_AGGRESSIVE_ACTION_UNITS_THRESHOLD""}"
cai_task_management_system_variable_group_junctions_tables,deepwar,MOD_ONLY_ROW,"[""wh3_tms_variable_group_default"", ""ALLOCATOR_REQUIRE_FORCES_TO_RETURN_ON_POST_RELEASE_UNITS_THRESHOLD""]",,null,"{""group"": ""wh3_tms_variable_group_default"", ""value"": 9, ""variable"": ""ALLOCATOR_REQUIRE_FORCES_TO_RETURN_ON_POST_RELEASE_UNITS_THRESHOLD""}"
cai_task_management_system_variable_group_junctions_tables,hecleas,OVERRIDE_SAME_AS_VANILLA,"[""wh3_tms_variable_group_brutal"", ""ALLOCATOR_RELEASE_FORCES_TO_AGGRESSIVE_ACTION_UNITS_THRESHOLD""]",,"{""group"": ""wh3_tms_variable_group_brutal"", ""value"": 14, ""variable"": ""ALLOCATOR_RELEASE_FORCES_TO_AGGRESSIVE_ACTION_UNITS_THRESHOLD""}",null
cai_task_management_system_variable_group_junctions_tables,hecleas,OVERRIDE_CHANGED,"[""wh3_tms_variable_group_brutal"", ""ALLOCATOR_REQUIRE_FORCES_TO_RETURN_ON_POST_RELEASE_UNITS_THRESHOLD""]",value,"{""group"": ""wh3_tms_variable_group_brutal"", ""value"": 6, ""variable"": ""ALLOCATOR_REQUIRE_FORCES_TO_RETURN_ON_POST_RELEASE_UNITS_THRESHOLD""}","{""group"": ""wh3_tms_variable_group_brutal"", ""value"": 8, ""variable"": ""ALLOCATOR_REQUIRE_FORCES_TO_RETURN_ON_POST_RELEASE_UNITS_THRESHOLD""}"
cai_task_management_system_variable_group_junctions_tables,hecleas,OVERRIDE_CHANGED,"[""wh3_tms_variable_group_first_turn"", ""ALLOCATOR_RELEASE_FORCES_TO_AGGRESSIVE_ACTION_UNITS_THRESHOLD""]",value,"{""group"": ""wh3_tms_variable_group_first_turn"", ""value"": 6, ""variable"": ""ALLOCATOR_RELEASE_FORCES_TO_AGGRESSIVE_ACTION_UNITS_THRESHOLD""}","{""group"": ""wh3_tms_variable_group_first_turn"", ""value"": 14, ""variable"": ""ALLOCATOR_RELEASE_FORCES_TO_AGGRESSIVE_ACTION_UNITS_THRESHOLD""}"
cai_task_management_system_variable_group_junctions_tables,hecleas,OVERRIDE_CHANGED,"[""wh3_tms_variable_group_first_turn"", ""ALLOCATOR_REQUIRE_FORCES_TO_RETURN_ON_POST_RELEASE_UNITS_THRESHOLD""]",value,"{""group"": ""wh3_tms_variable_group_first_turn"", ""value"": 4, ""variable"": ""ALLOCATOR_REQUIRE_FORCES_TO_RETURN_ON_POST_RELEASE_UNITS_THRESHOLD""}","{""group"": ""wh3_tms_variable_group_first_turn"", ""value"": 8, ""variable"": ""ALLOCATOR_REQUIRE_FORCES_TO_RETURN_ON_POST_RELEASE_UNITS_THRESHOLD""}"
cai_task_management_system_task_generator_variables_tables,deepwar,OVERRIDE_CHANGED,"[""ACT_IF_NO_ACTVITY_WITHIN_ROUNDS""]",value,"{""key"": ""ACT_IF_NO_ACTVITY_WITHIN_ROUNDS"", ""value"": ""5""}","{""key"": ""ACT_IF_NO_ACTVITY_WITHIN_ROUNDS"", ""value"": ""2""}"
cai_task_management_system_task_generator_variables_tables,deepwar,OVERRIDE_CHANGED,"[""PRIORITY_SCALING_MAX_PRIORITY_AFTER_ROUNDS_ACTIVATION""]",value,"{""key"": ""PRIORITY_SCALING_MAX_PRIORITY_AFTER_ROUNDS_ACTIVATION"", ""value"": ""10""}","{""key"": ""PRIORITY_SCALING_MAX_PRIORITY_AFTER_ROUNDS_ACTIVATION"", ""value"": ""4""}"
cai_task_management_system_task_generator_variables_tables,deepwar,OVERRIDE_CHANGED,"[""TASK_GENERATION_IGNORE_PASSIVE_FACTION""]",value,"{""key"": ""TASK_GENERATION_IGNORE_PASSIVE_FACTION"", ""value"": ""1""}","{""key"": ""TASK_GENERATION_IGNORE_PASSIVE_FACTION"", ""value"": ""0""}"
cai_task_management_system_task_generator_variables_tables,deepwar,OVERRIDE_CHANGED,"[""TASK_GENERATION_IGNORE_REBEL_FACTIONS""]",value,"{""key"": ""TASK_GENERATION_IGNORE_REBEL_FACTIONS"", ""value"": ""1""}","{""key"": ""TASK_GENERATION_IGNORE_REBEL_FACTIONS"", ""value"": ""0""}"
cai_task_management_system_task_generator_variables_tables,hecleas,OVERRIDE_CHANGED,"[""ACT_IF_NO_ACTVITY_WITHIN_ROUNDS""]",value,"{""key"": ""ACT_IF_NO_ACTVITY_WITHIN_ROUNDS"", ""value"": ""5""}","{""key"": ""ACT_IF_NO_ACTVITY_WITHIN_ROUNDS"", ""value"": ""1""}"
cai_task_management_system_task_generator_variables_tables,hecleas,OVERRIDE_CHANGED,"[""PRIORITY_SCALING_MAX_PRIORITY_AFTER_ROUNDS_ACTIVATION""]",value,"{""key"": ""PRIORITY_SCALING_MAX_PRIORITY_AFTER_ROUNDS_ACTIVATION"", ""value"": ""10""}","{""key"": ""PRIORITY_SCALING_MAX_PRIORITY_AFTER_ROUNDS_ACTIVATION"", ""value"": ""5""}"
cai_task_management_system_task_generator_variables_tables,hecleas,OVERRIDE_CHANGED,"[""TARGET_CULTURE""]",value,"{""key"": ""TARGET_CULTURE"", ""value"": """"}","{""key"": ""TARGET_CULTURE"", ""value"": "" ""}"
cai_task_management_system_task_generator_variables_tables,hecleas,OVERRIDE_CHANGED,"[""TASK_GENERATION_IGNORE_PASSIVE_FACTION""]",value,"{""key"": ""TASK_GENERATION_IGNORE_PASSIVE_FACTION"", ""value"": ""1""}","{""key"": ""TASK_GENERATION_IGNORE_PASSIVE_FACTION"", ""value"": ""0""}"
cai_task_management_system_task_generator_variables_tables,hecleas,OVERRIDE_CHANGED,"[""TASK_GENERATION_IGNORE_REBEL_FACTIONS""]",value,"{""key"": ""TASK_GENERATION_IGNORE_REBEL_FACTIONS"", ""value"": ""1""}","{""key"": ""TASK_GENERATION_IGNORE_REBEL_FACTIONS"", ""value"": ""0""}"
cai_task_management_system_task_generator_variables_tables,hecleas,OVERRIDE_SAME_AS_VANILLA,"[""TASK_GENERATION_POINT_OF_INTEREST_INTERACTION_TYPE""]",,"{""key"": ""TASK_GENERATION_POINT_OF_INTEREST_INTERACTION_TYPE"", ""value"": ""DO_NOTHING""}",null
cai_task_management_system_task_generator_variables_tables,hecleas,OVERRIDE_SAME_AS_VANILLA,"[""TASK_GENERATION_PRIORITY_MINIMUM_TASK_PRIORITY_PROPORTION""]",,"{""key"": ""TASK_GENERATION_PRIORITY_MINIMUM_TASK_PRIORITY_PROPORTION"", ""value"": ""0.25""}",null
cai_task_management_system_task_generator_variables_tables,hecleas,OVERRIDE_SAME_AS_VANILLA,"[""TASK_GENERATION_PRIORITY_SCALING_BY_POWER_OF_EXPONENT""]",,"{""key"": ""TASK_GENERATION_PRIORITY_SCALING_BY_POWER_OF_EXPONENT"", ""value"": ""1""}",null
cai_task_management_system_task_generator_variables_tables,hecleas,OVERRIDE_SAME_AS_VANILLA,"[""TASK_GENERATION_TASK_BEHAVIOUR_FOR_REGION_TARGET_WITH_SETTLEMENT_AGENTS_SHOULD_QUERY_SETTLEMENT_ACTION_AVAILABILITY""]",,"{""key"": ""TASK_GENERATION_TASK_BEHAVIOUR_FOR_REGION_TARGET_WITH_SETTLEMENT_AGENTS_SHOULD_QUERY_SETTLEMENT_ACTION_AVAILABILITY"", ""value"": ""true""}",null
cai_task_management_system_task_generator_variables_tables,hecleas,OVERRIDE_CHANGED,"[""TASK_GENERATION_TIME_HORIZON_IN_ROUNDS_TO_CONSIDER""]",value,"{""key"": ""TASK_GENERATION_TIME_HORIZON_IN_ROUNDS_TO_CONSIDER"", ""value"": ""10""}","{""key"": ""TASK_GENERATION_TIME_HORIZON_IN_ROUNDS_TO_CONSIDER"", ""value"": ""1""}"
cai_task_management_system_task_generator_variable_group_junctions_tables,deepwar,OVERRIDE_CHANGED,"[""agent_deploy_to_region"", ""TASK_GENERATION_TASK_BEHAVIOUR_FOR_REGION_TARGET_WITH_SETTLEMENT_AGENTS_SHOULD_QUERY_SETTLEMENT_ACTION_AVAILABILITY""]",value,"{""group"": ""agent_deploy_to_region"", ""value"": ""false"", ""variable"": ""TASK_GENERATION_TASK_BEHAVIOUR_FOR_REGION_TARGET_WITH_SETTLEMENT_AGENTS_SHOULD_QUERY_SETTLEMENT_ACTION_AVAILABILITY""}","{""group"": ""agent_deploy_to_region"", ""value"": ""true"", ""variable"": ""TASK_GENERATION_TASK_BEHAVIOUR_FOR_REGION_TARGET_WITH_SETTLEMENT_AGENTS_SHOULD_QUERY_SETTLEMENT_ACTION_AVAILABILITY""}"
cai_task_management_system_task_generator_variable_group_junctions_tables,deepwar,OVERRIDE_SAME_AS_VANILLA,"[""time_horizon_4"", ""TASK_GENERATION_TIME_HORIZON_IN_ROUNDS_TO_CONSIDER""]",,"{""group"": ""time_horizon_4"", ""value"": ""4"", ""variable"": ""TASK_GENERATION_TIME_HORIZON_IN_ROUNDS_TO_CONSIDER""}",null
cai_task_management_system_task_generator_variable_group_junctions_tables,deepwar,OVERRIDE_SAME_AS_VANILLA,"[""time_horizon_6"", ""TASK_GENERATION_TIME_HORIZON_IN_ROUNDS_TO_CONSIDER""]",,"{""group"": ""time_horizon_6"", ""value"": ""6"", ""variable"": ""TASK_GENERATION_TIME_HORIZON_IN_ROUNDS_TO_CONSIDER""}",null
cai_task_management_system_task_generator_variable_group_junctions_tables,deepwar,OVERRIDE_SAME_AS_VANILLA,"[""timed_priority_boost_instant"", ""ACT_IF_NO_ACTVITY_WITHIN_ROUNDS""]",,"{""group"": ""timed_priority_boost_instant"", ""value"": ""0"", ""variable"": ""ACT_IF_NO_ACTVITY_WITHIN_ROUNDS""}",null
cai_task_management_system_task_generator_variable_group_junctions_tables,deepwar,OVERRIDE_SAME_AS_VANILLA,"[""timed_priority_boost_instant"", ""PRIORITY_SCALING_MAX_PRIORITY_AFTER_ROUNDS_ACTIVATION""]",,"{""group"": ""timed_priority_boost_instant"", ""value"": ""0"", ""variable"": ""PRIORITY_SCALING_MAX_PRIORITY_AFTER_ROUNDS_ACTIVATION""}",null
cai_task_management_system_task_generator_variable_group_junctions_tables,deepwar,OVERRIDE_CHANGED,"[""timed_priority_boost_quick"", ""ACT_IF_NO_ACTVITY_WITHIN_ROUNDS""]",value,"{""group"": ""timed_priority_boost_quick"", ""value"": ""3"", ""variable"": ""ACT_IF_NO_ACTVITY_WITHIN_ROUNDS""}","{""group"": ""timed_priority_boost_quick"", ""value"": ""2"", ""variable"": ""ACT_IF_NO_ACTVITY_WITHIN_ROUNDS""}"
cai_task_management_system_task_generator_variable_group_junctions_tables,deepwar,OVERRIDE_CHANGED,"[""timed_priority_boost_quick"", ""PRIORITY_SCALING_MAX_PRIORITY_AFTER_ROUNDS_ACTIVATION""]",value,"{""group"": ""timed_priority_boost_quick"", ""value"": ""5"", ""variable"": ""PRIORITY_SCALING_MAX_PRIORITY_AFTER_ROUNDS_ACTIVATION""}","{""group"": ""timed_priority_boost_quick"", ""value"": ""4"", ""variable"": ""PRIORITY_SCALING_MAX_PRIORITY_AFTER_ROUNDS_ACTIVATION""}"
cai_task_management_system_task_generator_variable_group_junctions_tables,hecleas,OVERRIDE_CHANGED,"[""agent_deploy_to_region"", ""TASK_GENERATION_TASK_BEHAVIOUR_FOR_REGION_TARGET_WITH_SETTLEMENT_AGENTS_SHOULD_QUERY_SETTLEMENT_ACTION_AVAILABILITY""]",value,"{""group"": ""agent_deploy_to_region"", ""value"": ""false"", ""variable"": ""TASK_GENERATION_TASK_BEHAVIOUR_FOR_REGION_TARGET_WITH_SETTLEMENT_AGENTS_SHOULD_QUERY_SETTLEMENT_ACTION_AVAILABILITY""}","{""group"": ""agent_deploy_to_region"", ""value"": ""true"", ""variable"": ""TASK_GENERATION_TASK_BEHAVIOUR_FOR_REGION_TARGET_WITH_SETTLEMENT_AGENTS_SHOULD_QUERY_SETTLEMENT_ACTION_AVAILABILITY""}"
cai_task_management_system_task_generator_variable_group_junctions_tables,hecleas,OVERRIDE_SAME_AS_VANILLA,"[""gds_poi_interaction_rift_close"", ""TASK_GENERATION_POINT_OF_INTEREST_INTERACTION_TYPE""]",,"{""group"": ""gds_poi_interaction_rift_close"", ""value"": ""WH3_RIFT_NETWORK_CLOSE"", ""variable"": ""TASK_GENERATION_POINT_OF_INTEREST_INTERACTION_TYPE""}",null
cai_task_management_system_task_generator_variable_group_junctions_tables,hecleas,OVERRIDE_SAME_AS_VANILLA,"[""gds_poi_interaction_rift_realm"", ""TASK_GENERATION_POINT_OF_INTEREST_INTERACTION_TYPE""]",,"{""group"": ""gds_poi_interaction_rift_realm"", ""value"": ""WH3_RIFT_NETWORK_TELEPORT_CHAOS_REALM"", ""variable"": ""TASK_GENERATION_POINT_OF_INTEREST_INTERACTION_TYPE""}",null
cai_task_management_system_task_generator_variable_group_junctions_tables,hecleas,OVERRIDE_SAME_AS_VANILLA,"[""gds_poi_interaction_rift_teleport"", ""TASK_GENERATION_POINT_OF_INTEREST_INTERACTION_TYPE""]",,"{""group"": ""gds_poi_interaction_rift_teleport"", ""value"": ""WH3_RIFT_NETWORK_TELEPORT_GENERAL"", ""variable"": ""TASK_GENERATION_POINT_OF_INTEREST_INTERACTION_TYPE""}",null
cai_task_management_system_task_generator_variable_group_junctions_tables,hecleas,OVERRIDE_SAME_AS_VANILLA,"[""time_horizon_4"", ""TASK_GENERATION_TIME_HORIZON_IN_ROUNDS_TO_CONSIDER""]",,"{""group"": ""time_horizon_4"", ""value"": ""4"", ""variable"": ""TASK_GENERATION_TIME_HORIZON_IN_ROUNDS_TO_CONSIDER""}",null
cai_task_management_system_task_generator_variable_group_junctions_tables,hecleas,OVERRIDE_SAME_AS_VANILLA,"[""time_horizon_6"", ""TASK_GENERATION_TIME_HORIZON_IN_ROUNDS_TO_CONSIDER""]",,"{""group"": ""time_horizon_6"", ""value"": ""6"", ""variable"": ""TASK_GENERATION_TIME_HORIZON_IN_ROUNDS_TO_CONSIDER""}",null
cai_task_management_system_task_generator_variable_group_junctions_tables,hecleas,OVERRIDE_SAME_AS_VANILLA,"[""timed_priority_boost_instant"", ""ACT_IF_NO_ACTVITY_WITHIN_ROUNDS""]",,"{""group"": ""timed_priority_boost_instant"", ""value"": ""0"", ""variable"": ""ACT_IF_NO_ACTVITY_WITHIN_ROUNDS""}",null
cai_task_management_system_task_generator_variable_group_junctions_tables,hecleas,OVERRIDE_SAME_AS_VANILLA,"[""timed_priority_boost_instant"", ""PRIORITY_SCALING_MAX_PRIORITY_AFTER_ROUNDS_ACTIVATION""]",,"{""group"": ""timed_priority_boost_instant"", ""value"": ""0"", ""variable"": ""PRIORITY_SCALING_MAX_PRIORITY_AFTER_ROUNDS_ACTIVATION""}",null
cai_task_management_system_task_generator_variable_group_junctions_tables,hecleas,OVERRIDE_CHANGED,"[""timed_priority_boost_quick"", ""ACT_IF_NO_ACTVITY_WITHIN_ROUNDS""]",value,"{""group"": ""timed_priority_boost_quick"", ""value"": ""3"", ""variable"": ""ACT_IF_NO_ACTVITY_WITHIN_ROUNDS""}","{""group"": ""timed_priority_boost_quick"", ""value"": ""1"", ""variable"": ""ACT_IF_NO_ACTVITY_WITHIN_ROUNDS""}"
cai_task_management_system_task_generator_variable_group_junctions_tables,hecleas,OVERRIDE_CHANGED,"[""timed_priority_boost_quick"", ""PRIORITY_SCALING_MAX_PRIORITY_AFTER_ROUNDS_ACTIVATION""]",value,"{""group"": ""timed_priority_boost_quick"", ""value"": ""5"", ""variable"": ""PRIORITY_SCALING_MAX_PRIORITY_AFTER_ROUNDS_ACTIVATION""}","{""group"": ""timed_priority_boost_quick"", ""value"": ""2"", ""variable"": ""PRIORITY_SCALING_MAX_PRIORITY_AFTER_ROUNDS_ACTIVATION""}"
cai_task_management_system_task_generator_groups_generators_junctions_tables,deepwar,OVERRIDE_SAME_AS_VANILLA,"[""wh3_combi_tms_generator_group_aggressive_additive"", ""CAI_TMS_TASK_GENERATOR_ACTIVELY_DEFEND_RECENTLY_CAPTURED_TERRITORY"", ""time_horizon_4""]",,"{""generator"": ""CAI_TMS_TASK_GENERATOR_ACTIVELY_DEFEND_RECENTLY_CAPTURED_TERRITORY"", ""group"": ""wh3_combi_tms_generator_group_aggressive_additive"", ""priority"": -3, ""variable_group"": ""time_horizon_4""}",null
cai_task_management_system_task_generator_groups_generators_junctions_tables,deepwar,OVERRIDE_SAME_AS_VANILLA,"[""wh3_combi_tms_generator_group_aggressive_additive"", ""CAI_TMS_TASK_GENERATOR_ATTACK_ALL_ENEMY_FORCES"", null]",,"{""generator"": ""CAI_TMS_TASK_GENERATOR_ATTACK_ALL_ENEMY_FORCES"", ""group"": ""wh3_combi_tms_generator_group_aggressive_additive"", ""priority"": 5, ""variable_group"": null}",null
cai_task_management_system_task_generator_groups_generators_junctions_tables,deepwar,OVERRIDE_SAME_AS_VANILLA,"[""wh3_combi_tms_generator_group_aggressive_additive"", ""CAI_TMS_TASK_GENERATOR_ATTACK_ALL_ENEMY_FORCES_NEAR_RECENTLY_LOST_REGIONS"", null]",,"{""generator"": ""CAI_TMS_TASK_GENERATOR_ATTACK_ALL_ENEMY_FORCES_NEAR_RECENTLY_LOST_REGIONS"", ""group"": ""wh3_combi_tms_generator_group_aggressive_additive"", ""priority"": -4, ""variable_group"": null}",null
cai_task_management_system_task_generator_groups_generators_junctions_tables,deepwar,OVERRIDE_SAME_AS_VANILLA,"[""wh3_combi_tms_generator_group_aggressive_additive"", ""CAI_TMS_TASK_GENERATOR_ATTACK_ALL_ENEMY_SETTLEMENTS"", null]",,"{""generator"": ""CAI_TMS_TASK_GENERATOR_ATTACK_ALL_ENEMY_SETTLEMENTS"", ""group"": ""wh3_combi_tms_generator_group_aggressive_additive"", ""priority"": 5, ""variable_group"": null}",null
cai_task_management_system_task_generator_groups_generators_junctions_tables,deepwar,OVERRIDE_SAME_AS_VANILLA,"[""wh3_combi_tms_generator_group_aggressive_additive"", ""CAI_TMS_TASK_GENERATOR_RECAPTURE_RECENTLY_LOST_TERRITORY"", null]",,"{""generator"": ""CAI_TMS_TASK_GENERATOR_RECAPTURE_RECENTLY_LOST_TERRITORY"", ""group"": ""wh3_combi_tms_generator_group_aggressive_additive"", ""priority"": -4, ""variable_group"": null}",null
cai_task_management_system_task_generator_groups_generators_junctions_tables,deepwar,OVERRIDE_SAME_AS_VANILLA,"[""wh3_combi_tms_generator_group_beastmen_brayherd"", ""CAI_TMS_TASK_GENERATOR_WAAGH_ARMY_FOLLOW_LEADER"", null]",,"{""generator"": ""CAI_TMS_TASK_GENERATOR_WAAGH_ARMY_FOLLOW_LEADER"", ""group"": ""wh3_combi_tms_generator_group_beastmen_brayherd"", ""priority"": 1, ""variable_group"": null}",null
cai_task_management_system_task_generator_groups_generators_junctions_tables,deepwar,OVERRIDE_SAME_AS_VANILLA,"[""wh3_combi_tms_generator_group_beastmen_brayherd"", ""CAI_TMS_TASK_GENERATOR_WAR_COORDINATION_ATTACK_FORCES"", null]",,"{""generator"": ""CAI_TMS_TASK_GENERATOR_WAR_COORDINATION_ATTACK_FORCES"", ""group"": ""wh3_combi_tms_generator_group_beastmen_brayherd"", ""priority"": 1, ""variable_group"": null}",null
cai_task_management_system_task_generator_groups_generators_junctions_tables,deepwar,OVERRIDE_SAME_AS_VANILLA,"[""wh3_combi_tms_generator_group_beastmen_brayherd"", ""CAI_TMS_TASK_GENERATOR_WAR_COORDINATION_ATTACK_REGIONS"", null]",,"{""generator"": ""CAI_TMS_TASK_GENERATOR_WAR_COORDINATION_ATTACK_REGIONS"", ""group"": ""wh3_combi_tms_generator_group_beastmen_brayherd"", ""priority"": 1, ""variable_group"": null}",null
cai_task_management_system_task_generator_groups_generators_junctions_tables,deepwar,OVERRIDE_SAME_AS_VANILLA,"[""wh3_combi_tms_generator_group_beastmen_specific_additive"", ""CAI_TMS_TASK_GENERATOR_BEASTMEN_ATTACK_POTENTIAL_HERDSTONE_SITES"", null]",,"{""generator"": ""CAI_TMS_TASK_GENERATOR_BEASTMEN_ATTACK_POTENTIAL_HERDSTONE_SITES"", ""group"": ""wh3_combi_tms_generator_group_beastmen_specific_additive"", ""priority"": 4, ""variable_group"": null}",null
cai_task_management_system_task_generator_groups_generators_junctions_tables,deepwar,OVERRIDE_SAME_AS_VANILLA,"[""wh3_combi_tms_generator_group_brutal_override"", ""CAI_TMS_GDS_TASK_GENERATOR_DEFEND_OWN_REGIONS"", null]",,"{""generator"": ""CAI_TMS_GDS_TASK_GENERATOR_DEFEND_OWN_REGIONS"", ""group"": ""wh3_combi_tms_generator_group_brutal_override"", ""priority"": 1, ""variable_group"": null}",null
cai_task_management_system_task_generator_groups_generators_junctions_tables,deepwar,OVERRIDE_SAME_AS_VANILLA,"[""wh3_combi_tms_generator_group_brutal_override"", ""CAI_TMS_GDS_TASK_GENERATOR_DEFEND_REGIONS_NEIGHBOURING_ENEMY"", null]",,"{""generator"": ""CAI_TMS_GDS_TASK_GENERATOR_DEFEND_REGIONS_NEIGHBOURING_ENEMY"", ""group"": ""wh3_combi_tms_generator_group_brutal_override"", ""priority"": 0, ""variable_group"": null}",null
cai_task_management_system_task_generator_groups_generators_junctions_tables,deepwar,OVERRIDE_SAME_AS_VANILLA,"[""wh3_combi_tms_generator_group_brutal_override"", ""CAI_TMS_TASK_GENERATOR_ACTIVELY_DEFEND_CAPITAL"", null]",,"{""generator"": ""CAI_TMS_TASK_GENERATOR_ACTIVELY_DEFEND_CAPITAL"", ""group"": ""wh3_combi_tms_generator_group_brutal_override"", ""priority"": 0, ""variable_group"": null}",null
cai_task_management_system_task_generator_groups_generators_junctions_tables,deepwar,OVERRIDE_SAME_AS_VANILLA,"[""wh3_combi_tms_generator_group_brutal_override"", ""CAI_TMS_TASK_GENERATOR_ACTIVELY_DEFEND_RECENTLY_CAPTURED_ALLIED_HUMAN_TERRITORY"", null]",,"{""generator"": ""CAI_TMS_TASK_GENERATOR_ACTIVELY_DEFEND_RECENTLY_CAPTURED_ALLIED_HUMAN_TERRITORY"", ""group"": ""wh3_combi_tms_generator_group_brutal_override"", ""priority"": 0, ""variable_group"": null}",null
cai_task_management_system_task_generator_groups_generators_junctions_tables,deepwar,OVERRIDE_SAME_AS_VANILLA,"[""wh3_combi_tms_generator_group_brutal_override"", ""CAI_TMS_TASK_GENERATOR_ACTIVELY_DEFEND_RECENTLY_CAPTURED_TERRITORY"", ""time_horizon_4""]",,"{""generator"": ""CAI_TMS_TASK_GENERATOR_ACTIVELY_DEFEND_RECENTLY_CAPTURED_TERRITORY"", ""group"": ""wh3_combi_tms_generator_group_brutal_override"", ""priority"": 0, ""variable_group"": ""time_horizon_4""}",null
cai_task_management_system_task_generator_groups_generators_junctions_tables,deepwar,OVERRIDE_SAME_AS_VANILLA,"[""wh3_combi_tms_generator_group_brutal_override"", ""CAI_TMS_TASK_GENERATOR_ACTIVELY_DEFEND_REGIONS_NEIGHBOURING_ENEMY_MAIN_THREAT"", null]",,"{""generator"": ""CAI_TMS_TASK_GENERATOR_ACTIVELY_DEFEND_REGIONS_NEIGHBOURING_ENEMY_MAIN_THREAT"", ""group"": ""wh3_combi_tms_generator_group_brutal_override"", ""priority"": 0, ""variable_group"": null}",null
cai_task_management_system_task_generator_groups_generators_junctions_tables,deepwar,OVERRIDE_SAME_AS_VANILLA,"[""wh3_combi_tms_generator_group_brutal_override"", ""CAI_TMS_TASK_GENERATOR_ACTIVELY_DEFEND_REGIONS_NEIGHBOURING_MAIN_THREAT"", null]",,"{""generator"": ""CAI_TMS_TASK_GENERATOR_ACTIVELY_DEFEND_REGIONS_NEIGHBOURING_MAIN_THREAT"", ""group"": ""wh3_combi_tms_generator_group_brutal_override"", ""priority"": 0, ""variable_group"": null}",null
cai_task_management_system_task_generator_groups_generators_junctions_tables,deepwar,OVERRIDE_SAME_AS_VANILLA,"[""wh3_combi_tms_generator_group_brutal_override"", ""CAI_TMS_TASK_GENERATOR_DEFEND_BESIEGED_SETTLEMENT"", null]",,"{""generator"": ""CAI_TMS_TASK_GENERATOR_DEFEND_BESIEGED_SETTLEMENT"", ""group"": ""wh3_combi_tms_generator_group_brutal_override"", ""priority"": 0, ""variable_group"": null}",null
cai_task_management_system_task_generator_groups_generators_junctions_tables,deepwar,OVERRIDE_SAME_AS_VANILLA,"[""wh3_combi_tms_generator_group_brutal_override"", ""CAI_TMS_TASK_GENERATOR_DEFEND_OWNED_REGIONS"", null]",,"{""generator"": ""CAI_TMS_TASK_GENERATOR_DEFEND_OWNED_REGIONS"", ""group"": ""wh3_combi_tms_generator_group_brutal_override"", ""priority"": 0, ""variable_group"": null}",null
cai_task_management_system_task_generator_groups_generators_junctions_tables,deepwar,OVERRIDE_SAME_AS_VANILLA,"[""wh3_combi_tms_generator_group_cathay_gatecapture_additive"", ""CAI_TMS_TASK_GENERATOR_ATTACK_ALL_FLAGGED_REGIONS_OWNED_BY_ANOTHER_SUBCULTURED_ENEMY"", null]",,"{""generator"": ""CAI_TMS_TASK_GENERATOR_ATTACK_ALL_FLAGGED_REGIONS_OWNED_BY_ANOTHER_SUBCULTURED_ENEMY"", ""group"": ""wh3_combi_tms_generator_group_cathay_gatecapture_additive"", ""priority"": 10, ""variable_group"": null}",null
cai_task_management_system_task_generator_groups_generators_junctions_tables,deepwar,OVERRIDE_SAME_AS_VANILLA,"[""wh3_combi_tms_generator_group_cathay_gatecapture_additive"", ""CAI_TMS_TASK_GENERATOR_ATTACK_ALL_FLAGGED_VICTORY_CONDITION_REGIONS"", null]",,"{""generator"": ""CAI_TMS_TASK_GENERATOR_ATTACK_ALL_FLAGGED_VICTORY_CONDITION_REGIONS"", ""group"": ""wh3_combi_tms_generator_group_cathay_gatecapture_additive"", ""priority"": 10, ""variable_group"": null}",null
cai_task_management_system_task_generator_groups_generators_junctions_tables,deepwar,OVERRIDE_SAME_AS_VANILLA,"[""wh3_combi_tms_generator_group_cathay_gatecapture_additive"", ""CAI_TMS_TASK_GENERATOR_ATTACK_LOCAL_FLAGGED_VICTORY_CONDITION_REGIONS"", null]",,"{""generator"": ""CAI_TMS_TASK_GENERATOR_ATTACK_LOCAL_FLAGGED_VICTORY_CONDITION_REGIONS"", ""group"": ""wh3_combi_tms_generator_group_cathay_gatecapture_additive"", ""priority"": 10, ""variable_group"": null}",null
cai_task_management_system_task_generator_groups_generators_junctions_tables,deepwar,OVERRIDE_SAME_AS_VANILLA,"[""wh3_combi_tms_generator_group_cathay_specific_additive"", ""CAI_TMS_GDS_TASK_GENERATOR_ATTACK_FORCES_IN_CATHAY_SHOULDNT_ENTER"", null]",,"{""generator"": ""CAI_TMS_GDS_TASK_GENERATOR_ATTACK_FORCES_IN_CATHAY_SHOULDNT_ENTER"", ""group"": ""wh3_combi_tms_generator_group_cathay_specific_additive"", ""priority"": -30, ""variable_group"": null}",null
cai_task_management_system_task_generator_groups_generators_junctions_tables,deepwar,OVERRIDE_SAME_AS_VANILLA,"[""wh3_combi_tms_generator_group_cathay_specific_additive"", ""CAI_TMS_GDS_TASK_GENERATOR_ATTACK_REGIONS_IN_CATHAY_SHOULDNT_ENTER"", null]",,"{""generator"": ""CAI_TMS_GDS_TASK_GENERATOR_ATTACK_REGIONS_IN_CATHAY_SHOULDNT_ENTER"", ""group"": ""wh3_combi_tms_generator_group_cathay_specific_additive"", ""priority"": -30, ""variable_group"": null}",null
cai_task_management_system_task_generator_groups_generators_junctions_tables,deepwar,OVERRIDE_SAME_AS_VANILLA,"[""wh3_combi_tms_generator_group_cathay_specific_additive"", ""CAI_TMS_TASK_GENERATOR_DEFEND_FLAGGED_VICTORY_CONDITION_REGIONS"", null]",,"{""generator"": ""CAI_TMS_TASK_GENERATOR_DEFEND_FLAGGED_VICTORY_CONDITION_REGIONS"", ""group"": ""wh3_combi_tms_generator_group_cathay_specific_additive"", ""priority"": 5, ""variable_group"": null}",null
cai_task_management_system_task_generator_groups_generators_junctions_tables,deepwar,OVERRIDE_SAME_AS_VANILLA,"[""wh3_combi_tms_generator_group_chaos_gatedestroyer"", ""CAI_TMS_GDS_TASK_GENERATOR_AGENT_ATTACK_NEARBY_SETTLEMENT_IF_FRIENDLY_ARMY_PRESENT"", null]",,"{""generator"": ""CAI_TMS_GDS_TASK_GENERATOR_AGENT_ATTACK_NEARBY_SETTLEMENT_IF_FRIENDLY_ARMY_PRESENT"", ""group"": ""wh3_combi_tms_generator_group_chaos_gatedestroyer"", ""priority"": 10, ""variable_group"": null}",null
cai_task_management_system_task_generator_groups_generators_junctions_tables,deepwar,OVERRIDE_SAME_AS_VANILLA,"[""wh3_combi_tms_generator_group_chaos_gatedestroyer"", ""CAI_TMS_GDS_TASK_GENERATOR_AGENT_ATTACK_SETTLEMENTS_NEAR_FLAGGED_REGIONS_OWNED_BY_ANOTHER_SUBCULTURED_ENEMY"", null]",,"{""generator"": ""CAI_TMS_GDS_TASK_GENERATOR_AGENT_ATTACK_SETTLEMENTS_NEAR_FLAGGED_REGIONS_OWNED_BY_ANOTHER_SUBCULTURED_ENEMY"", ""group"": ""wh3_combi_tms_generator_group_chaos_gatedestroyer"", ""priority"": 1, ""variable_group"": null}",null
cai_task_management_system_task_generator_groups_generators_junctions_tables,deepwar,OVERRIDE_SAME_AS_VANILLA,"[""wh3_combi_tms_generator_group_chaos_gatedestroyer"", ""CAI_TMS_TASK_GENERATOR_ATTACK_ALL_FLAGGED_REGIONS_OWNED_BY_ANOTHER_SUBCULTURED_ENEMY"", null]",,"{""generator"": ""CAI_TMS_TASK_GENERATOR_ATTACK_ALL_FLAGGED_REGIONS_OWNED_BY_ANOTHER_SUBCULTURED_ENEMY"", ""group"": ""wh3_combi_tms_generator_group_chaos_gatedestroyer"", ""priority"": 5, ""variable_group"": null}",null
cai_task_management_system_task_generator_groups_generators_junctions_tables,deepwar,OVERRIDE_SAME_AS_VANILLA,"[""wh3_combi_tms_generator_group_chaos_gatedestroyer"", ""CAI_TMS_TASK_GENERATOR_ATTACK_ALL_FLAGGED_VICTORY_CONDITION_REGIONS"", null]",,"{""generator"": ""CAI_TMS_TASK_GENERATOR_ATTACK_ALL_FLAGGED_VICTORY_CONDITION_REGIONS"", ""group"": ""wh3_combi_tms_generator_group_chaos_gatedestroyer"", ""priority"": 5, ""variable_group"": null}",null
cai_task_management_system_task_generator_groups_generators_junctions_tables,deepwar,OVERRIDE_SAME_AS_VANILLA,"[""wh3_combi_tms_generator_group_chaos_gatedestroyer"", ""CAI_TMS_TASK_GENERATOR_ATTACK_LOCAL_FLAGGED_VICTORY_CONDITION_REGIONS"", null]",,"{""generator"": ""CAI_TMS_TASK_GENERATOR_ATTACK_LOCAL_FLAGGED_VICTORY_CONDITION_REGIONS"", ""group"": ""wh3_combi_tms_generator_group_chaos_gatedestroyer"", ""priority"": 10, ""variable_group"": null}",null
cai_task_management_system_task_generator_groups_generators_junctions_tables,deepwar,OVERRIDE_SAME_AS_VANILLA,"[""wh3_combi_tms_generator_group_chaos_settled_belakor"", ""CAI_TMS_GDS_TASK_GENERATOR_AGENT_DEPLOY_IN_UNDISCOVERED_FACTIONS_REGIONS_WHEN_HAVE_NO_PORTS"", ""agent_deploy_to_region""]",,"{""generator"": ""CAI_TMS_GDS_TASK_GENERATOR_AGENT_DEPLOY_IN_UNDISCOVERED_FACTIONS_REGIONS_WHEN_HAVE_NO_PORTS"", ""group"": ""wh3_combi_tms_generator_group_chaos_settled_belakor"", ""priority"": 15, ""variable_group"": ""agent_deploy_to_region""}",null
cai_task_management_system_task_generator_groups_generators_junctions_tables,deepwar,OVERRIDE_SAME_AS_VANILLA,"[""wh3_combi_tms_generator_group_chaos_settled_specific_additive"", ""CAI_TMS_GDS_TASK_GENERATOR_ATTACK_DARK_FORTRESS"", null]",,"{""generator"": ""CAI_TMS_GDS_TASK_GENERATOR_ATTACK_DARK_FORTRESS"", ""group"": ""wh3_combi_tms_generator_group_chaos_settled_specific_additive"", ""priority"": 4, ""variable_group"": null}",null
cai_task_management_system_task_generator_groups_generators_junctions_tables,deepwar,OVERRIDE_SAME_AS_VANILLA,"[""wh3_combi_tms_generator_group_chaos_settled_specific_additive"", ""CAI_TMS_GDS_TASK_GENERATOR_BAY_OF_BLADES_EARLY"", null]",,"{""generator"": ""CAI_TMS_GDS_TASK_GENERATOR_BAY_OF_BLADES_EARLY"", ""group"": ""wh3_combi_tms_generator_group_chaos_settled_specific_additive"", ""priority"": -8, ""variable_group"": null}",null
cai_task_management_system_task_generator_groups_generators_junctions_tables,deepwar,OVERRIDE_SAME_AS_VANILLA,"[""wh3_combi_tms_generator_group_chaos_settled_specific_additive"", ""CAI_TMS_GDS_TASK_GENERATOR_DONT_RECOLONISE_GATE_RUINS"", null]",,"{""generator"": ""CAI_TMS_GDS_TASK_GENERATOR_DONT_RECOLONISE_GATE_RUINS"", ""group"": ""wh3_combi_tms_generator_group_chaos_settled_specific_additive"", ""priority"": -100, ""variable_group"": null}",null
cai_task_management_system_task_generator_groups_generators_junctions_tables,deepwar,OVERRIDE_SAME_AS_VANILLA,"[""wh3_combi_tms_generator_group_chaos_settled_specific_additive"", ""CAI_TMS_GDS_TASK_GENERATOR_RECRUIT_WITH_MAIN_ARMY"", null]",,"{""generator"": ""CAI_TMS_GDS_TASK_GENERATOR_RECRUIT_WITH_MAIN_ARMY"", ""group"": ""wh3_combi_tms_generator_group_chaos_settled_specific_additive"", ""priority"": -150, ""variable_group"": null}",null
cai_task_management_system_task_generator_groups_generators_junctions_tables,deepwar,OVERRIDE_SAME_AS_VANILLA,"[""wh3_combi_tms_generator_group_chaos_settled_specific_additive"", ""CAI_TMS_GDS_TASK_GENERATOR_RECRUIT_WITH_MAIN_ARMY_IN_LOCAL_REGION"", null]",,"{""generator"": ""CAI_TMS_GDS_TASK_GENERATOR_RECRUIT_WITH_MAIN_ARMY_IN_LOCAL_REGION"", ""group"": ""wh3_combi_tms_generator_group_chaos_settled_specific_additive"", ""priority"": -150, ""variable_group"": null}",null
cai_task_management_system_task_generator_groups_generators_junctions_tables,deepwar,OVERRIDE_SAME_AS_VANILLA,"[""wh3_combi_tms_generator_group_chaos_settled_specific_additive"", ""CAI_TMS_TASK_GENERATOR_WITHDRAW_LOW_WINDS_OF_MAGIC_ARMIES_TO_REGION"", null]",,"{""generator"": ""CAI_TMS_TASK_GENERATOR_WITHDRAW_LOW_WINDS_OF_MAGIC_ARMIES_TO_REGION"", ""group"": ""wh3_combi_tms_generator_group_chaos_settled_specific_additive"", ""priority"": 3, ""variable_group"": null}",null
cai_task_management_system_task_generator_groups_generators_junctions_tables,deepwar,OVERRIDE_SAME_AS_VANILLA,"[""wh3_combi_tms_generator_group_chaos_specific_additive"", ""CAI_TMS_GDS_TASK_GENERATOR_DONT_RECOLONISE_GATE_RUINS"", null]",,"{""generator"": ""CAI_TMS_GDS_TASK_GENERATOR_DONT_RECOLONISE_GATE_RUINS"", ""group"": ""wh3_combi_tms_generator_group_chaos_specific_additive"", ""priority"": -100, ""variable_group"": null}",null
cai_task_management_system_task_generator_groups_generators_junctions_tables,deepwar,OVERRIDE_SAME_AS_VANILLA,"[""wh3_combi_tms_generator_group_coloniser_additive"", ""CAI_TMS_GDS_TASK_GENERATOR_COLONISE_ABANDONED_SETTLEMENTS_NEAR_OUR_FORCES"", null]",,"{""generator"": ""CAI_TMS_GDS_TASK_GENERATOR_COLONISE_ABANDONED_SETTLEMENTS_NEAR_OUR_FORCES"", ""group"": ""wh3_combi_tms_generator_group_coloniser_additive"", ""priority"": 2, ""variable_group"": null}",null
cai_task_management_system_task_generator_groups_generators_junctions_tables,deepwar,OVERRIDE_SAME_AS_VANILLA,"[""wh3_combi_tms_generator_group_coloniser_additive"", ""CAI_TMS_TASK_GENERATOR_ATTACK_PROVINCES_NEIGHBOURNIG_OWN_PROVINCES_ABANDONED"", null]",,"{""generator"": ""CAI_TMS_TASK_GENERATOR_ATTACK_PROVINCES_NEIGHBOURNIG_OWN_PROVINCES_ABANDONED"", ""group"": ""wh3_combi_tms_generator_group_coloniser_additive"", ""priority"": 1, ""variable_group"": null}",null
cai_task_management_system_task_generator_groups_generators_junctions_tables,deepwar,OVERRIDE_SAME_AS_VANILLA,"[""wh3_combi_tms_generator_group_coloniser_additive"", ""CAI_TMS_TASK_GENERATOR_ATTACK_PROVINCES_NEIGHBOURNIG_OWN_REGIONS_ABANDONED"", null]",,"{""generator"": ""CAI_TMS_TASK_GENERATOR_ATTACK_PROVINCES_NEIGHBOURNIG_OWN_REGIONS_ABANDONED"", ""group"": ""wh3_combi_tms_generator_group_coloniser_additive"", ""priority"": 2, ""variable_group"": null}",null
cai_task_management_system_task_generator_groups_generators_junctions_tables,deepwar,OVERRIDE_SAME_AS_VANILLA,"[""wh3_combi_tms_generator_group_coloniser_additive"", ""CAI_TMS_TASK_GENERATOR_ATTACK_REGIONS_NEIGHBOURNIG_OWN_REGIONS_ABANDONED"", null]",,"{""generator"": ""CAI_TMS_TASK_GENERATOR_ATTACK_REGIONS_NEIGHBOURNIG_OWN_REGIONS_ABANDONED"", ""group"": ""wh3_combi_tms_generator_group_coloniser_additive"", ""priority"": 2, ""variable_group"": null}",null
cai_task_management_system_task_generator_groups_generators_junctions_tables,deepwar,OVERRIDE_SAME_AS_VANILLA,"[""wh3_combi_tms_generator_group_conclave_of_sorcerers"", ""CAI_TMS_TASK_GENERATOR_ACTIVELY_DEFEND_CAPITAL"", null]",,"{""generator"": ""CAI_TMS_TASK_GENERATOR_ACTIVELY_DEFEND_CAPITAL"", ""group"": ""wh3_combi_tms_generator_group_conclave_of_sorcerers"", ""priority"": 0.80000001, ""variable_group"": null}",null
cai_task_management_system_task_generator_groups_generators_junctions_tables,deepwar,OVERRIDE_SAME_AS_VANILLA,"[""wh3_combi_tms_generator_group_conclave_of_sorcerers"", ""CAI_TMS_TASK_GENERATOR_DEFEND_OWNED_REGIONS"", null]",,"{""generator"": ""CAI_TMS_TASK_GENERATOR_DEFEND_OWNED_REGIONS"", ""group"": ""wh3_combi_tms_generator_group_conclave_of_sorcerers"", ""priority"": 1, ""variable_group"": null}",null
cai_task_management_system_task_generator_groups_generators_junctions_tables,deepwar,OVERRIDE_SAME_AS_VANILLA,"[""wh3_combi_tms_generator_group_conclave_of_sorcerers"", ""CAI_TMS_TASK_GENERATOR_SALLY_OUT_BEFORE_SETTLEMENT_LOSS"", null]",,"{""generator"": ""CAI_TMS_TASK_GENERATOR_SALLY_OUT_BEFORE_SETTLEMENT_LOSS"", ""group"": ""wh3_combi_tms_generator_group_conclave_of_sorcerers"", ""priority"": 5, ""variable_group"": null}",null
cai_task_management_system_task_generator_groups_generators_junctions_tables,deepwar,OVERRIDE_SAME_AS_VANILLA,"[""wh3_combi_tms_generator_group_daemonprince_specific_additive"", ""CAI_TMS_TASK_GENERATOR_WITHDRAW_LOW_WINDS_OF_MAGIC_ARMIES_TO_REGION"", null]",,"{""generator"": ""CAI_TMS_TASK_GENERATOR_WITHDRAW_LOW_WINDS_OF_MAGIC_ARMIES_TO_REGION"", ""group"": ""wh3_combi_tms_generator_group_daemonprince_specific_additive"", ""priority"": 5, ""variable_group"": null}",null
cai_task_management_system_task_generator_groups_generators_junctions_tables,deepwar,OVERRIDE_CHANGED,"[""wh3_combi_tms_generator_group_default"", ""CAI_GDS_TMS_TASK_GENERATOR_DEFEND_ALL_SETTLEMENTS_WHEN_ENEMY_FORCES_IN_OUR_TERRTORY"", null]",priority,"{""generator"": ""CAI_GDS_TMS_TASK_GENERATOR_DEFEND_ALL_SETTLEMENTS_WHEN_ENEMY_FORCES_IN_OUR_TERRTORY"", ""group"": ""wh3_combi_tms_generator_group_default"", ""priority"": 0.75, ""variable_group"": null}","{""generator"": ""CAI_GDS_TMS_TASK_GENERATOR_DEFEND_ALL_SETTLEMENTS_WHEN_ENEMY_FORCES_IN_OUR_TERRTORY"", ""group"": ""wh3_combi_tms_generator_group_default"", ""priority"": 1.5, ""variable_group"": null}"
cai_task_management_system_task_generator_groups_generators_junctions_tables,deepwar,OVERRIDE_SAME_AS_VANILLA,"[""wh3_combi_tms_generator_group_default"", ""CAI_TMS_GDS_TASK_GENERATOR_AGENT_ATTACK_ALL_NEARBY_ENEMY_AGENTS"", null]",,"{""generator"": ""CAI_TMS_GDS_TASK_GENERATOR_AGENT_ATTACK_ALL_NEARBY_ENEMY_AGENTS"", ""group"": ""wh3_combi_tms_generator_group_default"", ""priority"": 1, ""variable_group"": null}",null
cai_task_management_system_task_generator_groups_generators_junctions_tables,deepwar,OVERRIDE_SAME_AS_VANILLA,"[""wh3_combi_tms_generator_group_default"", ""CAI_TMS_GDS_TASK_GENERATOR_AGENT_ATTACK_ALL_NEARBY_ENEMY_FORCES"", null]",,"{""generator"": ""CAI_TMS_GDS_TASK_GENERATOR_AGENT_ATTACK_ALL_NEARBY_ENEMY_FORCES"", ""group"": ""wh3_combi_tms_generator_group_default"", ""priority"": 4, ""variable_group"": null}",null
cai_task_management_system_task_generator_groups_generators_junctions_tables,deepwar,OVERRIDE_SAME_AS_VANILLA,"[""wh3_combi_tms_generator_group_default"", ""CAI_TMS_GDS_TASK_GENERATOR_AGENT_ATTACK_ALL_NEARBY_ENEMY_SETTLEMENTS"", null]",,"{""generator"": ""CAI_TMS_GDS_TASK_GENERATOR_AGENT_ATTACK_ALL_NEARBY_ENEMY_SETTLEMENTS"", ""group"": ""wh3_combi_tms_generator_group_default"", ""priority"": 4, ""variable_group"": null}",null
cai_task_management_system_task_generator_groups_generators_junctions_tables,deepwar,OVERRIDE_SAME_AS_VANILLA,"[""wh3_combi_tms_generator_group_default"", ""CAI_TMS_GDS_TASK_GENERATOR_AGENT_DEPLOY_IN_UNDISCOVERED_FACTIONS_REGIONS_AFTER_TURN_50_AND_STRONG"", ""agent_deploy_to_region""]",,"{""generator"": ""CAI_TMS_GDS_TASK_GENERATOR_AGENT_DEPLOY_IN_UNDISCOVERED_FACTIONS_REGIONS_AFTER_TURN_50_AND_STRONG"", ""group"": ""wh3_combi_tms_generator_group_default"", ""priority"": 15, ""variable_group"": ""agent_deploy_to_region""}",null
cai_task_management_system_task_generator_groups_generators_junctions_tables,deepwar,MOD_ONLY_ROW,"[""wh3_combi_tms_generator_group_default"", ""CAI_TMS_GDS_TASK_GENERATOR_AGENT_EMBED_IN_NEARBY_ARMY"", null]",,null,"{""generator"": ""CAI_TMS_GDS_TASK_GENERATOR_AGENT_EMBED_IN_NEARBY_ARMY"", ""group"": ""wh3_combi_tms_generator_group_default"", ""priority"": 0.5, ""variable_group"": null}"
cai_task_management_system_task_generator_groups_generators_junctions_tables,deepwar,OVERRIDE_SAME_AS_VANILLA,"[""wh3_combi_tms_generator_group_default"", ""CAI_TMS_GDS_TASK_GENERATOR_ATTACK_ALL_ENEMY_HUMAN_FORCES_ON_EASY"", null]",,"{""generator"": ""CAI_TMS_GDS_TASK_GENERATOR_ATTACK_ALL_ENEMY_HUMAN_FORCES_ON_EASY"", ""group"": ""wh3_combi_tms_generator_group_default"", ""priority"": -1, ""variable_group"": null}",null
cai_task_management_system_task_generator_groups_generators_junctions_tables,deepwar,OVERRIDE_SAME_AS_VANILLA,"[""wh3_combi_tms_generator_group_default"", ""CAI_TMS_GDS_TASK_GENERATOR_ATTACK_ALL_ENEMY_HUMAN_FORCES_ON_HARD"", null]",,"{""generator"": ""CAI_TMS_GDS_TASK_GENERATOR_ATTACK_ALL_ENEMY_HUMAN_FORCES_ON_HARD"", ""group"": ""wh3_combi_tms_generator_group_default"", ""priority"": 0, ""variable_group"": null}",null
cai_task_management_system_task_generator_groups_generators_junctions_tables,deepwar,OVERRIDE_CHANGED,"[""wh3_combi_tms_generator_group_default"", ""CAI_TMS_GDS_TASK_GENERATOR_ATTACK_ALL_ENEMY_HUMAN_FORCES_ON_LEGENDARY"", null]",priority,"{""generator"": ""CAI_TMS_GDS_TASK_GENERATOR_ATTACK_ALL_ENEMY_HUMAN_FORCES_ON_LEGENDARY"", ""group"": ""wh3_combi_tms_generator_group_default"", ""priority"": 0, ""variable_group"": null}","{""generator"": ""CAI_TMS_GDS_TASK_GENERATOR_ATTACK_ALL_ENEMY_HUMAN_FORCES_ON_LEGENDARY"", ""group"": ""wh3_combi_tms_generator_group_default"", ""priority"": 1, ""variable_group"": null}"
cai_task_management_system_task_generator_groups_generators_junctions_tables,deepwar,OVERRIDE_SAME_AS_VANILLA,"[""wh3_combi_tms_generator_group_default"", ""CAI_TMS_GDS_TASK_GENERATOR_ATTACK_ALL_ENEMY_HUMAN_FORCES_ON_NORMAL"", null]",,"{""generator"": ""CAI_TMS_GDS_TASK_GENERATOR_ATTACK_ALL_ENEMY_HUMAN_FORCES_ON_NORMAL"", ""group"": ""wh3_combi_tms_generator_group_default"", ""priority"": 0, ""variable_group"": null}",null
cai_task_management_system_task_generator_groups_generators_junctions_tables,deepwar,OVERRIDE_SAME_AS_VANILLA,"[""wh3_combi_tms_generator_group_default"", ""CAI_TMS_GDS_TASK_GENERATOR_ATTACK_ALL_ENEMY_HUMAN_FORCES_ON_VERYHARD"", null]",,"{""generator"": ""CAI_TMS_GDS_TASK_GENERATOR_ATTACK_ALL_ENEMY_HUMAN_FORCES_ON_VERYHARD"", ""group"": ""wh3_combi_tms_generator_group_default"", ""priority"": 0, ""variable_group"": null}",null
cai_task_management_system_task_generator_groups_generators_junctions_tables,deepwar,OVERRIDE_SAME_AS_VANILLA,"[""wh3_combi_tms_generator_group_default"", ""CAI_TMS_GDS_TASK_GENERATOR_ATTACK_ALL_ENEMY_HUMAN_SETTLEMENTS_ON_EASY"", null]",,"{""generator"": ""CAI_TMS_GDS_TASK_GENERATOR_ATTACK_ALL_ENEMY_HUMAN_SETTLEMENTS_ON_EASY"", ""group"": ""wh3_combi_tms_generator_group_default"", ""priority"": -1, ""variable_group"": null}",null
cai_task_management_system_task_generator_groups_generators_junctions_tables,deepwar,OVERRIDE_SAME_AS_VANILLA,"[""wh3_combi_tms_generator_group_default"", ""CAI_TMS_GDS_TASK_GENERATOR_ATTACK_ALL_ENEMY_HUMAN_SETTLEMENTS_ON_HARD"", null]",,"{""generator"": ""CAI_TMS_GDS_TASK_GENERATOR_ATTACK_ALL_ENEMY_HUMAN_SETTLEMENTS_ON_HARD"", ""group"": ""wh3_combi_tms_generator_group_default"", ""priority"": 0, ""variable_group"": null}",null
cai_task_management_system_task_generator_groups_generators_junctions_tables,deepwar,OVERRIDE_CHANGED,"[""wh3_combi_tms_generator_group_default"", ""CAI_TMS_GDS_TASK_GENERATOR_ATTACK_ALL_ENEMY_HUMAN_SETTLEMENTS_ON_LEGENDARY"", null]",priority,"{""generator"": ""CAI_TMS_GDS_TASK_GENERATOR_ATTACK_ALL_ENEMY_HUMAN_SETTLEMENTS_ON_LEGENDARY"", ""group"": ""wh3_combi_tms_generator_group_default"", ""priority"": 0, ""variable_group"": null}","{""generator"": ""CAI_TMS_GDS_TASK_GENERATOR_ATTACK_ALL_ENEMY_HUMAN_SETTLEMENTS_ON_LEGENDARY"", ""group"": ""wh3_combi_tms_generator_group_default"", ""priority"": 1, ""variable_group"": null}"
cai_task_management_system_task_generator_groups_generators_junctions_tables,deepwar,OVERRIDE_SAME_AS_VANILLA,"[""wh3_combi_tms_generator_group_default"", ""CAI_TMS_GDS_TASK_GENERATOR_ATTACK_ALL_ENEMY_HUMAN_SETTLEMENTS_ON_NORMAL"", null]",,"{""generator"": ""CAI_TMS_GDS_TASK_GENERATOR_ATTACK_ALL_ENEMY_HUMAN_SETTLEMENTS_ON_NORMAL"", ""group"": ""wh3_combi_tms_generator_group_default"", ""priority"": 0, ""variable_group"": null}",null
cai_task_management_system_task_generator_groups_generators_junctions_tables,deepwar,OVERRIDE_SAME_AS_VANILLA,"[""wh3_combi_tms_generator_group_default"", ""CAI_TMS_GDS_TASK_GENERATOR_ATTACK_ALL_ENEMY_HUMAN_SETTLEMENTS_ON_VERYHARD"", null]",,"{""generator"": ""CAI_TMS_GDS_TASK_GENERATOR_ATTACK_ALL_ENEMY_HUMAN_SETTLEMENTS_ON_VERYHARD"", ""group"": ""wh3_combi_tms_generator_group_default"", ""priority"": 0, ""variable_group"": null}",null
cai_task_management_system_task_generator_groups_generators_junctions_tables,deepwar,OVERRIDE_SAME_AS_VANILLA,"[""wh3_combi_tms_generator_group_default"", ""CAI_TMS_GDS_TASK_GENERATOR_ATTACK_ENEMY_ARMIES_IN_PERSONALITY_REGION_GROUP_1_EARLY"", null]",,"{""generator"": ""CAI_TMS_GDS_TASK_GENERATOR_ATTACK_ENEMY_ARMIES_IN_PERSONALITY_REGION_GROUP_1_EARLY"", ""group"": ""wh3_combi_tms_generator_group_default"", ""priority"": 3, ""variable_group"": null}",null
cai_task_management_system_task_generator_groups_generators_junctions_tables,deepwar,OVERRIDE_SAME_AS_VANILLA,"[""wh3_combi_tms_generator_group_default"", ""CAI_TMS_GDS_TASK_GENERATOR_ATTACK_ENEMY_ARMIES_IN_PERSONALITY_REGION_GROUP_2_MID"", null]",,"{""generator"": ""CAI_TMS_GDS_TASK_GENERATOR_ATTACK_ENEMY_ARMIES_IN_PERSONALITY_REGION_GROUP_2_MID"", ""group"": ""wh3_combi_tms_generator_group_default"", ""priority"": 3, ""variable_group"": null}",null
cai_task_management_system_task_generator_groups_generators_junctions_tables,deepwar,OVERRIDE_SAME_AS_VANILLA,"[""wh3_combi_tms_generator_group_default"", ""CAI_TMS_GDS_TASK_GENERATOR_ATTACK_ENEMY_ARMIES_IN_PERSONALITY_REGION_GROUP_3_LATE"", null]",,"{""generator"": ""CAI_TMS_GDS_TASK_GENERATOR_ATTACK_ENEMY_ARMIES_IN_PERSONALITY_REGION_GROUP_3_LATE"", ""group"": ""wh3_combi_tms_generator_group_default"", ""priority"": 3, ""variable_group"": null}",null
cai_task_management_system_task_generator_groups_generators_junctions_tables,deepwar,OVERRIDE_CHANGED,"[""wh3_combi_tms_generator_group_default"", ""CAI_TMS_GDS_TASK_GENERATOR_ATTACK_ENEMY_LAST_SETTLEMENT"", null]",priority,"{""generator"": ""CAI_TMS_GDS_TASK_GENERATOR_ATTACK_ENEMY_LAST_SETTLEMENT"", ""group"": ""wh3_combi_tms_generator_group_default"", ""priority"": 5, ""variable_group"": null}","{""generator"": ""CAI_TMS_GDS_TASK_GENERATOR_ATTACK_ENEMY_LAST_SETTLEMENT"", ""group"": ""wh3_combi_tms_generator_group_default"", ""priority"": 7, ""variable_group"": null}"
cai_task_management_system_task_generator_groups_generators_junctions_tables,deepwar,OVERRIDE_SAME_AS_VANILLA,"[""wh3_combi_tms_generator_group_default"", ""CAI_TMS_GDS_TASK_GENERATOR_ATTACK_ENEMY_LAST_SETTLEMENT_ZHAO_IF_BHASHIVA_IS_HUMAN"", null]",,"{""generator"": ""CAI_TMS_GDS_TASK_GENERATOR_ATTACK_ENEMY_LAST_SETTLEMENT_ZHAO_IF_BHASHIVA_IS_HUMAN"", ""group"": ""wh3_combi_tms_generator_group_default"", ""priority"": -100, ""variable_group"": null}",null
cai_task_management_system_task_generator_groups_generators_junctions_tables,deepwar,OVERRIDE_SAME_AS_VANILLA,"[""wh3_combi_tms_generator_group_default"", ""CAI_TMS_GDS_TASK_GENERATOR_ATTACK_ENEMY_SETTLEMENTS_IN_PERSONALITY_REGION_GROUP_1_EARLY"", null]",,"{""generator"": ""CAI_TMS_GDS_TASK_GENERATOR_ATTACK_ENEMY_SETTLEMENTS_IN_PERSONALITY_REGION_GROUP_1_EARLY"", ""group"": ""wh3_combi_tms_generator_group_default"", ""priority"": 2, ""variable_group"": null}",null
cai_task_management_system_task_generator_groups_generators_junctions_tables,deepwar,OVERRIDE_SAME_AS_VANILLA,"[""wh3_combi_tms_generator_group_default"", ""CAI_TMS_GDS_TASK_GENERATOR_ATTACK_ENEMY_SETTLEMENTS_IN_PERSONALITY_REGION_GROUP_2_MID"", null]",,"{""generator"": ""CAI_TMS_GDS_TASK_GENERATOR_ATTACK_ENEMY_SETTLEMENTS_IN_PERSONALITY_REGION_GROUP_2_MID"", ""group"": ""wh3_combi_tms_generator_group_default"", ""priority"": 2, ""variable_group"": null}",null
cai_task_management_system_task_generator_groups_generators_junctions_tables,deepwar,OVERRIDE_SAME_AS_VANILLA,"[""wh3_combi_tms_generator_group_default"", ""CAI_TMS_GDS_TASK_GENERATOR_ATTACK_ENEMY_SETTLEMENTS_IN_PERSONALITY_REGION_GROUP_3_LATE"", null]",,"{""generator"": ""CAI_TMS_GDS_TASK_GENERATOR_ATTACK_ENEMY_SETTLEMENTS_IN_PERSONALITY_REGION_GROUP_3_LATE"", ""group"": ""wh3_combi_tms_generator_group_default"", ""priority"": 2, ""variable_group"": null}",null
cai_task_management_system_task_generator_groups_generators_junctions_tables,deepwar,OVERRIDE_CHANGED,"[""wh3_combi_tms_generator_group_default"", ""CAI_TMS_GDS_TASK_GENERATOR_COLONISE_ABANDONED_SETTLEMENTS_IN_PERSONALITY_REGION_GROUP_1_EARLY"", null]",priority,"{""generator"": ""CAI_TMS_GDS_TASK_GENERATOR_COLONISE_ABANDONED_SETTLEMENTS_IN_PERSONALITY_REGION_GROUP_1_EARLY"", ""group"": ""wh3_combi_tms_generator_group_default"", ""priority"": 3, ""variable_group"": null}","{""generator"": ""CAI_TMS_GDS_TASK_GENERATOR_COLONISE_ABANDONED_SETTLEMENTS_IN_PERSONALITY_REGION_GROUP_1_EARLY"", ""group"": ""wh3_combi_tms_generator_group_default"", ""priority"": 1, ""variable_group"": null}"
cai_task_management_system_task_generator_groups_generators_junctions_tables,deepwar,OVERRIDE_CHANGED,"[""wh3_combi_tms_generator_group_default"", ""CAI_TMS_GDS_TASK_GENERATOR_COLONISE_ABANDONED_SETTLEMENTS_IN_PERSONALITY_REGION_GROUP_2_MID"", null]",priority,"{""generator"": ""CAI_TMS_GDS_TASK_GENERATOR_COLONISE_ABANDONED_SETTLEMENTS_IN_PERSONALITY_REGION_GROUP_2_MID"", ""group"": ""wh3_combi_tms_generator_group_default"", ""priority"": 3, ""variable_group"": null}","{""generator"": ""CAI_TMS_GDS_TASK_GENERATOR_COLONISE_ABANDONED_SETTLEMENTS_IN_PERSONALITY_REGION_GROUP_2_MID"", ""group"": ""wh3_combi_tms_generator_group_default"", ""priority"": 1, ""variable_group"": null}"
cai_task_management_system_task_generator_groups_generators_junctions_tables,deepwar,OVERRIDE_CHANGED,"[""wh3_combi_tms_generator_group_default"", ""CAI_TMS_GDS_TASK_GENERATOR_COLONISE_ABANDONED_SETTLEMENTS_IN_PERSONALITY_REGION_GROUP_3_LATE"", null]",priority,"{""generator"": ""CAI_TMS_GDS_TASK_GENERATOR_COLONISE_ABANDONED_SETTLEMENTS_IN_PERSONALITY_REGION_GROUP_3_LATE"", ""group"": ""wh3_combi_tms_generator_group_default"", ""priority"": 3, ""variable_group"": null}","{""generator"": ""CAI_TMS_GDS_TASK_GENERATOR_COLONISE_ABANDONED_SETTLEMENTS_IN_PERSONALITY_REGION_GROUP_3_LATE"", ""group"": ""wh3_combi_tms_generator_group_default"", ""priority"": 1, ""variable_group"": null}"
cai_task_management_system_task_generator_groups_generators_junctions_tables,deepwar,OVERRIDE_SAME_AS_VANILLA,"[""wh3_combi_tms_generator_group_default"", ""CAI_TMS_GDS_TASK_GENERATOR_DEFEND_OWN_REGIONS"", null]",,"{""generator"": ""CAI_TMS_GDS_TASK_GENERATOR_DEFEND_OWN_REGIONS"", ""group"": ""wh3_combi_tms_generator_group_default"", ""priority"": 1, ""variable_group"": null}",null
cai_task_management_system_task_generator_groups_generators_junctions_tables,deepwar,MOD_ONLY_ROW,"[""wh3_combi_tms_generator_group_default"", ""CAI_TMS_GDS_TASK_GENERATOR_DEFEND_OWN_SETTLEMENTS_IN_PERSONALITY_REGION_GROUP"", null]",,null,"{""generator"": ""CAI_TMS_GDS_TASK_GENERATOR_DEFEND_OWN_SETTLEMENTS_IN_PERSONALITY_REGION_GROUP"", ""group"": ""wh3_combi_tms_generator_group_default"", ""priority"": 2, ""variable_group"": null}"
cai_task_management_system_task_generator_groups_generators_junctions_tables,deepwar,OVERRIDE_SAME_AS_VANILLA,"[""wh3_combi_tms_generator_group_default"", ""CAI_TMS_GDS_TASK_GENERATOR_DEFEND_REGIONS_NEIGHBOURING_ENEMY"", null]",,"{""generator"": ""CAI_TMS_GDS_TASK_GENERATOR_DEFEND_REGIONS_NEIGHBOURING_ENEMY"", ""group"": ""wh3_combi_tms_generator_group_default"", ""priority"": 3, ""variable_group"": null}",null
cai_task_management_system_task_generator_groups_generators_junctions_tables,deepwar,OVERRIDE_SAME_AS_VANILLA,"[""wh3_combi_tms_generator_group_default"", ""CAI_TMS_GDS_TASK_GENERATOR_RECRUIT_WITH_MAIN_ARMY"", null]",,"{""generator"": ""CAI_TMS_GDS_TASK_GENERATOR_RECRUIT_WITH_MAIN_ARMY"", ""group"": ""wh3_combi_tms_generator_group_default"", ""priority"": 100, ""variable_group"": null}",null
cai_task_management_system_task_generator_groups_generators_junctions_tables,deepwar,OVERRIDE_SAME_AS_VANILLA,"[""wh3_combi_tms_generator_group_default"", ""CAI_TMS_GDS_TASK_GENERATOR_RECRUIT_WITH_MAIN_ARMY_IN_HIGH_QUALITY_REGION"", null]",,"{""generator"": ""CAI_TMS_GDS_TASK_GENERATOR_RECRUIT_WITH_MAIN_ARMY_IN_HIGH_QUALITY_REGION"", ""group"": ""wh3_combi_tms_generator_group_default"", ""priority"": 20, ""variable_group"": null}",null
cai_task_management_system_task_generator_groups_generators_junctions_tables,deepwar,OVERRIDE_SAME_AS_VANILLA,"[""wh3_combi_tms_generator_group_default"", ""CAI_TMS_GDS_TASK_GENERATOR_RECRUIT_WITH_MAIN_ARMY_IN_HIGH_VARIETY_REGION"", null]",,"{""generator"": ""CAI_TMS_GDS_TASK_GENERATOR_RECRUIT_WITH_MAIN_ARMY_IN_HIGH_VARIETY_REGION"", ""group"": ""wh3_combi_tms_generator_group_default"", ""priority"": 10, ""variable_group"": null}",null
cai_task_management_system_task_generator_groups_generators_junctions_tables,deepwar,OVERRIDE_SAME_AS_VANILLA,"[""wh3_combi_tms_generator_group_default"", ""CAI_TMS_GDS_TASK_GENERATOR_RECRUIT_WITH_MAIN_ARMY_IN_LOCAL_REGION"", null]",,"{""generator"": ""CAI_TMS_GDS_TASK_GENERATOR_RECRUIT_WITH_MAIN_ARMY_IN_LOCAL_REGION"", ""group"": ""wh3_combi_tms_generator_group_default"", ""priority"": 20, ""variable_group"": null}",null
cai_task_management_system_task_generator_groups_generators_junctions_tables,deepwar,OVERRIDE_SAME_AS_VANILLA,"[""wh3_combi_tms_generator_group_default"", ""CAI_TMS_GDS_TASK_GENERATOR_TARGET_ABANDONED_REGIONS_WITH_LOW_HP_FORCES"", null]",,"{""generator"": ""CAI_TMS_GDS_TASK_GENERATOR_TARGET_ABANDONED_REGIONS_WITH_LOW_HP_FORCES"", ""group"": ""wh3_combi_tms_generator_group_default"", ""priority"": -50, ""variable_group"": null}",null
cai_task_management_system_task_generator_groups_generators_junctions_tables,deepwar,OVERRIDE_SAME_AS_VANILLA,"[""wh3_combi_tms_generator_group_default"", ""CAI_TMS_GDS_TASK_GENERATOR_WITHDRAW_DAMAGED_ARMIES"", null]",,"{""generator"": ""CAI_TMS_GDS_TASK_GENERATOR_WITHDRAW_DAMAGED_ARMIES"", ""group"": ""wh3_combi_tms_generator_group_default"", ""priority"": 10, ""variable_group"": null}",null
cai_task_management_system_task_generator_groups_generators_junctions_tables,deepwar,OVERRIDE_SAME_AS_VANILLA,"[""wh3_combi_tms_generator_group_default"", ""CAI_TMS_GDS_TASK_GENERATOR_WITHDRAW_TO_CAPITOL_WHEN_TRESPASS_WARNED"", null]",,"{""generator"": ""CAI_TMS_GDS_TASK_GENERATOR_WITHDRAW_TO_CAPITOL_WHEN_TRESPASS_WARNED"", ""group"": ""wh3_combi_tms_generator_group_default"", ""priority"": 15, ""variable_group"": null}",null
cai_task_management_system_task_generator_groups_generators_junctions_tables,deepwar,OVERRIDE_SAME_AS_VANILLA,"[""wh3_combi_tms_generator_group_default"", ""CAI_TMS_TASK_GENERATOR_ACTIVELY_DEFEND_CAPITAL"", null]",,"{""generator"": ""CAI_TMS_TASK_GENERATOR_ACTIVELY_DEFEND_CAPITAL"", ""group"": ""wh3_combi_tms_generator_group_default"", ""priority"": 0.80000001, ""variable_group"": null}",null
cai_task_management_system_task_generator_groups_generators_junctions_tables,deepwar,OVERRIDE_SAME_AS_VANILLA,"[""wh3_combi_tms_generator_group_default"", ""CAI_TMS_TASK_GENERATOR_ACTIVELY_DEFEND_RECENTLY_CAPTURED_ALLIED_HUMAN_TERRITORY"", null]",,"{""generator"": ""CAI_TMS_TASK_GENERATOR_ACTIVELY_DEFEND_RECENTLY_CAPTURED_ALLIED_HUMAN_TERRITORY"", ""group"": ""wh3_combi_tms_generator_group_default"", ""priority"": 2, ""variable_group"": null}",null
cai_task_management_system_task_generator_groups_generators_junctions_tables,deepwar,OVERRIDE_SAME_AS_VANILLA,"[""wh3_combi_tms_generator_group_default"", ""CAI_TMS_TASK_GENERATOR_ACTIVELY_DEFEND_RECENTLY_CAPTURED_TERRITORY"", ""time_horizon_4""]",,"{""generator"": ""CAI_TMS_TASK_GENERATOR_ACTIVELY_DEFEND_RECENTLY_CAPTURED_TERRITORY"", ""group"": ""wh3_combi_tms_generator_group_default"", ""priority"": 4, ""variable_group"": ""time_horizon_4""}",null
cai_task_management_system_task_generator_groups_generators_junctions_tables,deepwar,OVERRIDE_SAME_AS_VANILLA,"[""wh3_combi_tms_generator_group_default"", ""CAI_TMS_TASK_GENERATOR_ACTIVELY_DEFEND_REGIONS_NEIGHBOURING_ENEMY_MAIN_THREAT"", null]",,"{""generator"": ""CAI_TMS_TASK_GENERATOR_ACTIVELY_DEFEND_REGIONS_NEIGHBOURING_ENEMY_MAIN_THREAT"", ""group"": ""wh3_combi_tms_generator_group_default"", ""priority"": 2, ""variable_group"": null}",null
cai_task_management_system_task_generator_groups_generators_junctions_tables,deepwar,OVERRIDE_SAME_AS_VANILLA,"[""wh3_combi_tms_generator_group_default"", ""CAI_TMS_TASK_GENERATOR_ACTIVELY_DEFEND_REGIONS_NEIGHBOURING_MAIN_THREAT"", null]",,"{""generator"": ""CAI_TMS_TASK_GENERATOR_ACTIVELY_DEFEND_REGIONS_NEIGHBOURING_MAIN_THREAT"", ""group"": ""wh3_combi_tms_generator_group_default"", ""priority"": 1, ""variable_group"": null}",null
cai_task_management_system_task_generator_groups_generators_junctions_tables,deepwar,OVERRIDE_SAME_AS_VANILLA,"[""wh3_combi_tms_generator_group_default"", ""CAI_TMS_TASK_GENERATOR_ATTACK_ALL_ENEMY_FORCES"", null]",,"{""generator"": ""CAI_TMS_TASK_GENERATOR_ATTACK_ALL_ENEMY_FORCES"", ""group"": ""wh3_combi_tms_generator_group_default"", ""priority"": 4, ""variable_group"": null}",null
cai_task_management_system_task_generator_groups_generators_junctions_tables,deepwar,OVERRIDE_SAME_AS_VANILLA,"[""wh3_combi_tms_generator_group_default"", ""CAI_TMS_TASK_GENERATOR_ATTACK_ALL_ENEMY_FORCES_NEAR_RECENTLY_LOST_ALLIED_HUMAN_REGION"", null]",,"{""generator"": ""CAI_TMS_TASK_GENERATOR_ATTACK_ALL_ENEMY_FORCES_NEAR_RECENTLY_LOST_ALLIED_HUMAN_REGION"", ""group"": ""wh3_combi_tms_generator_group_default"", ""priority"": 3, ""variable_group"": null}",null
cai_task_management_system_task_generator_groups_generators_junctions_tables,deepwar,OVERRIDE_SAME_AS_VANILLA,"[""wh3_combi_tms_generator_group_default"", ""CAI_TMS_TASK_GENERATOR_ATTACK_ALL_ENEMY_FORCES_NEAR_RECENTLY_LOST_REGIONS"", null]",,"{""generator"": ""CAI_TMS_TASK_GENERATOR_ATTACK_ALL_ENEMY_FORCES_NEAR_RECENTLY_LOST_REGIONS"", ""group"": ""wh3_combi_tms_generator_group_default"", ""priority"": 6, ""variable_group"": null}",null
cai_task_management_system_task_generator_groups_generators_junctions_tables,deepwar,OVERRIDE_SAME_AS_VANILLA,"[""wh3_combi_tms_generator_group_default"", ""CAI_TMS_TASK_GENERATOR_ATTACK_ALL_ENEMY_HUMAN_FORCES_NEAR_RECENTLY_LOST_ALLIED_REGION"", null]",,"{""generator"": ""CAI_TMS_TASK_GENERATOR_ATTACK_ALL_ENEMY_HUMAN_FORCES_NEAR_RECENTLY_LOST_ALLIED_REGION"", ""group"": ""wh3_combi_tms_generator_group_default"", ""priority"": 0, ""variable_group"": null}",null
cai_task_management_system_task_generator_groups_generators_junctions_tables,deepwar,OVERRIDE_SAME_AS_VANILLA,"[""wh3_combi_tms_generator_group_default"", ""CAI_TMS_TASK_GENERATOR_ATTACK_ALL_ENEMY_MAIN_THREAT_FORCES"", null]",,"{""generator"": ""CAI_TMS_TASK_GENERATOR_ATTACK_ALL_ENEMY_MAIN_THREAT_FORCES"", ""group"": ""wh3_combi_tms_generator_group_default"", ""priority"": 6, ""variable_group"": null}",null
cai_task_management_system_task_generator_groups_generators_junctions_tables,deepwar,OVERRIDE_SAME_AS_VANILLA,"[""wh3_combi_tms_generator_group_default"", ""CAI_TMS_TASK_GENERATOR_ATTACK_ALL_ENEMY_MAIN_THREAT_SETTLEMENTS"", null]",,"{""generator"": ""CAI_TMS_TASK_GENERATOR_ATTACK_ALL_ENEMY_MAIN_THREAT_SETTLEMENTS"", ""group"": ""wh3_combi_tms_generator_group_default"", ""priority"": 4, ""variable_group"": null}",null
cai_task_management_system_task_generator_groups_generators_junctions_tables,deepwar,OVERRIDE_SAME_AS_VANILLA,"[""wh3_combi_tms_generator_group_default"", ""CAI_TMS_TASK_GENERATOR_ATTACK_ALL_ENEMY_SETTLEMENTS"", null]",,"{""generator"": ""CAI_TMS_TASK_GENERATOR_ATTACK_ALL_ENEMY_SETTLEMENTS"", ""group"": ""wh3_combi_tms_generator_group_default"", ""priority"": 1, ""variable_group"": null}",null
cai_task_management_system_task_generator_groups_generators_junctions_tables,deepwar,OVERRIDE_SAME_AS_VANILLA,"[""wh3_combi_tms_generator_group_default"", ""CAI_TMS_TASK_GENERATOR_ATTACK_ALL_ENEMY_SETTLEMENTS_IF_HAVENT_EXPANDED_RECENTLY"", ""timed_priority_boost_quick""]",,"{""generator"": ""CAI_TMS_TASK_GENERATOR_ATTACK_ALL_ENEMY_SETTLEMENTS_IF_HAVENT_EXPANDED_RECENTLY"", ""group"": ""wh3_combi_tms_generator_group_default"", ""priority"": 6, ""variable_group"": ""timed_priority_boost_quick""}",null
cai_task_management_system_task_generator_groups_generators_junctions_tables,deepwar,OVERRIDE_SAME_AS_VANILLA,"[""wh3_combi_tms_generator_group_default"", ""CAI_TMS_TASK_GENERATOR_ATTACK_ALL_LOCAL_AGENTS_LEVEL_SCALED"", null]",,"{""generator"": ""CAI_TMS_TASK_GENERATOR_ATTACK_ALL_LOCAL_AGENTS_LEVEL_SCALED"", ""group"": ""wh3_combi_tms_generator_group_default"", ""priority"": 5, ""variable_group"": null}",null
cai_task_management_system_task_generator_groups_generators_junctions_tables,deepwar,OVERRIDE_SAME_AS_VANILLA,"[""wh3_combi_tms_generator_group_default"", ""CAI_TMS_TASK_GENERATOR_ATTACK_ALL_LOCAL_FORCES_SIZE_SCALED"", null]",,"{""generator"": ""CAI_TMS_TASK_GENERATOR_ATTACK_ALL_LOCAL_FORCES_SIZE_SCALED"", ""group"": ""wh3_combi_tms_generator_group_default"", ""priority"": 4, ""variable_group"": null}",null
cai_task_management_system_task_generator_groups_generators_junctions_tables,deepwar,OVERRIDE_SAME_AS_VANILLA,"[""wh3_combi_tms_generator_group_default"", ""CAI_TMS_TASK_GENERATOR_ATTACK_ENEMY_PORT_SETTLEMENTS"", null]",,"{""generator"": ""CAI_TMS_TASK_GENERATOR_ATTACK_ENEMY_PORT_SETTLEMENTS"", ""group"": ""wh3_combi_tms_generator_group_default"", ""priority"": 0, ""variable_group"": null}",null
cai_task_management_system_task_generator_groups_generators_junctions_tables,deepwar,OVERRIDE_SAME_AS_VANILLA,"[""wh3_combi_tms_generator_group_default"", ""CAI_TMS_TASK_GENERATOR_ATTACK_ENEMY_SETTLEMENTS_LOCAL_TO_OUR_FORCES_THAT_ARE_BESIEGED_BY_OUR_ALLIES"", null]",,"{""generator"": ""CAI_TMS_TASK_GENERATOR_ATTACK_ENEMY_SETTLEMENTS_LOCAL_TO_OUR_FORCES_THAT_ARE_BESIEGED_BY_OUR_ALLIES"", ""group"": ""wh3_combi_tms_generator_group_default"", ""priority"": 6, ""variable_group"": null}",null
cai_task_management_system_task_generator_groups_generators_junctions_tables,deepwar,OVERRIDE_SAME_AS_VANILLA,"[""wh3_combi_tms_generator_group_default"", ""CAI_TMS_TASK_GENERATOR_ATTACK_NEIGHBOURING_WAR_REGIONS"", null]",,"{""generator"": ""CAI_TMS_TASK_GENERATOR_ATTACK_NEIGHBOURING_WAR_REGIONS"", ""group"": ""wh3_combi_tms_generator_group_default"", ""priority"": 1, ""variable_group"": null}",null
cai_task_management_system_task_generator_groups_generators_junctions_tables,deepwar,OVERRIDE_SAME_AS_VANILLA,"[""wh3_combi_tms_generator_group_default"", ""CAI_TMS_TASK_GENERATOR_ATTACK_PROVINCES_NEIGHBOURNIG_OWN_PROVINCES_ABANDONED"", ""timed_priority_boost_quick""]",,"{""generator"": ""CAI_TMS_TASK_GENERATOR_ATTACK_PROVINCES_NEIGHBOURNIG_OWN_PROVINCES_ABANDONED"", ""group"": ""wh3_combi_tms_generator_group_default"", ""priority"": 1, ""variable_group"": ""timed_priority_boost_quick""}",null
cai_task_management_system_task_generator_groups_generators_junctions_tables,deepwar,OVERRIDE_SAME_AS_VANILLA,"[""wh3_combi_tms_generator_group_default"", ""CAI_TMS_TASK_GENERATOR_ATTACK_PROVINCES_NEIGHBOURNIG_OWN_PROVINCES_ENEMY"", null]",,"{""generator"": ""CAI_TMS_TASK_GENERATOR_ATTACK_PROVINCES_NEIGHBOURNIG_OWN_PROVINCES_ENEMY"", ""group"": ""wh3_combi_tms_generator_group_default"", ""priority"": 0, ""variable_group"": null}",null
cai_task_management_system_task_generator_groups_generators_junctions_tables,deepwar,OVERRIDE_SAME_AS_VANILLA,"[""wh3_combi_tms_generator_group_default"", ""CAI_TMS_TASK_GENERATOR_ATTACK_PROVINCES_NEIGHBOURNIG_OWN_REGIONS_ABANDONED"", ""timed_priority_boost_quick""]",,"{""generator"": ""CAI_TMS_TASK_GENERATOR_ATTACK_PROVINCES_NEIGHBOURNIG_OWN_REGIONS_ABANDONED"", ""group"": ""wh3_combi_tms_generator_group_default"", ""priority"": 1, ""variable_group"": ""timed_priority_boost_quick""}",null
cai_task_management_system_task_generator_groups_generators_junctions_tables,deepwar,OVERRIDE_SAME_AS_VANILLA,"[""wh3_combi_tms_generator_group_default"", ""CAI_TMS_TASK_GENERATOR_ATTACK_PROVINCES_NEIGHBOURNIG_OWN_REGIONS_ENEMY"", null]",,"{""generator"": ""CAI_TMS_TASK_GENERATOR_ATTACK_PROVINCES_NEIGHBOURNIG_OWN_REGIONS_ENEMY"", ""group"": ""wh3_combi_tms_generator_group_default"", ""priority"": 1, ""variable_group"": null}",null
cai_task_management_system_task_generator_groups_generators_junctions_tables,deepwar,OVERRIDE_SAME_AS_VANILLA,"[""wh3_combi_tms_generator_group_default"", ""CAI_TMS_TASK_GENERATOR_ATTACK_RECENTLY_SACKED_SETTLEMENTS"", ""time_horizon_4""]",,"{""generator"": ""CAI_TMS_TASK_GENERATOR_ATTACK_RECENTLY_SACKED_SETTLEMENTS"", ""group"": ""wh3_combi_tms_generator_group_default"", ""priority"": -5, ""variable_group"": ""time_horizon_4""}",null
cai_task_management_system_task_generator_groups_generators_junctions_tables,deepwar,OVERRIDE_SAME_AS_VANILLA,"[""wh3_combi_tms_generator_group_default"", ""CAI_TMS_TASK_GENERATOR_ATTACK_REGIONS_NEIGHBOURNIG_OWN_REGIONS_ABANDONED"", ""timed_priority_boost_quick""]",,"{""generator"": ""CAI_TMS_TASK_GENERATOR_ATTACK_REGIONS_NEIGHBOURNIG_OWN_REGIONS_ABANDONED"", ""group"": ""wh3_combi_tms_generator_group_default"", ""priority"": 2, ""variable_group"": ""timed_priority_boost_quick""}",null
cai_task_management_system_task_generator_groups_generators_junctions_tables,deepwar,OVERRIDE_SAME_AS_VANILLA,"[""wh3_combi_tms_generator_group_default"", ""CAI_TMS_TASK_GENERATOR_ATTACK_REGIONS_NEIGHBOURNIG_OWN_REGIONS_ENEMY"", null]",,"{""generator"": ""CAI_TMS_TASK_GENERATOR_ATTACK_REGIONS_NEIGHBOURNIG_OWN_REGIONS_ENEMY"", ""group"": ""wh3_combi_tms_generator_group_default"", ""priority"": 3, ""variable_group"": null}",null
cai_task_management_system_task_generator_groups_generators_junctions_tables,deepwar,OVERRIDE_SAME_AS_VANILLA,"[""wh3_combi_tms_generator_group_default"", ""CAI_TMS_TASK_GENERATOR_ATTACK_SETTLEMENTS_NEAR_OUR_FORCES"", null]",,"{""generator"": ""CAI_TMS_TASK_GENERATOR_ATTACK_SETTLEMENTS_NEAR_OUR_FORCES"", ""group"": ""wh3_combi_tms_generator_group_default"", ""priority"": 1, ""variable_group"": null}",null
cai_task_management_system_task_generator_groups_generators_junctions_tables,deepwar,OVERRIDE_CHANGED,"[""wh3_combi_tms_generator_group_default"", ""CAI_TMS_TASK_GENERATOR_ATTACK_SETTLEMENTS_UNDER_SIEGE_BY_NON_ALLIES"", null]",priority,"{""generator"": ""CAI_TMS_TASK_GENERATOR_ATTACK_SETTLEMENTS_UNDER_SIEGE_BY_NON_ALLIES"", ""group"": ""wh3_combi_tms_generator_group_default"", ""priority"": -5, ""variable_group"": null}","{""generator"": ""CAI_TMS_TASK_GENERATOR_ATTACK_SETTLEMENTS_UNDER_SIEGE_BY_NON_ALLIES"", ""group"": ""wh3_combi_tms_generator_group_default"", ""priority"": 0, ""variable_group"": null}"
cai_task_management_system_task_generator_groups_generators_junctions_tables,deepwar,OVERRIDE_SAME_AS_VANILLA,"[""wh3_combi_tms_generator_group_default"", ""CAI_TMS_TASK_GENERATOR_ATTACK_TAGGING_FACTION_AGENTS_WITH_TAGGED_AGENTS"", null]",,"{""generator"": ""CAI_TMS_TASK_GENERATOR_ATTACK_TAGGING_FACTION_AGENTS_WITH_TAGGED_AGENTS"", ""group"": ""wh3_combi_tms_generator_group_default"", ""priority"": 2, ""variable_group"": null}",null
cai_task_management_system_task_generator_groups_generators_junctions_tables,deepwar,OVERRIDE_SAME_AS_VANILLA,"[""wh3_combi_tms_generator_group_default"", ""CAI_TMS_TASK_GENERATOR_ATTACK_TAGGING_FACTION_FORCES_WITH_TAGGED_FORCES"", null]",,"{""generator"": ""CAI_TMS_TASK_GENERATOR_ATTACK_TAGGING_FACTION_FORCES_WITH_TAGGED_FORCES"", ""group"": ""wh3_combi_tms_generator_group_default"", ""priority"": 2, ""variable_group"": null}",null
cai_task_management_system_task_generator_groups_generators_junctions_tables,deepwar,OVERRIDE_CHANGED,"[""wh3_combi_tms_generator_group_default"", ""CAI_TMS_TASK_GENERATOR_ATTACK_UNDEFENDED_ENEMY_SETTLEMENTS"", null]",priority,"{""generator"": ""CAI_TMS_TASK_GENERATOR_ATTACK_UNDEFENDED_ENEMY_SETTLEMENTS"", ""group"": ""wh3_combi_tms_generator_group_default"", ""priority"": 1, ""variable_group"": null}","{""generator"": ""CAI_TMS_TASK_GENERATOR_ATTACK_UNDEFENDED_ENEMY_SETTLEMENTS"", ""group"": ""wh3_combi_tms_generator_group_default"", ""priority"": 2, ""variable_group"": null}"
cai_task_management_system_task_generator_groups_generators_junctions_tables,deepwar,OVERRIDE_SAME_AS_VANILLA,"[""wh3_combi_tms_generator_group_default"", ""CAI_TMS_TASK_GENERATOR_ATTACK_UNSUITABLE_CLIMATE_REGIONS"", null]",,"{""generator"": ""CAI_TMS_TASK_GENERATOR_ATTACK_UNSUITABLE_CLIMATE_REGIONS"", ""group"": ""wh3_combi_tms_generator_group_default"", ""priority"": -1, ""variable_group"": null}",null
cai_task_management_system_task_generator_groups_generators_junctions_tables,deepwar,OVERRIDE_SAME_AS_VANILLA,"[""wh3_combi_tms_generator_group_default"", ""CAI_TMS_TASK_GENERATOR_BUILD_UP_NAVIES"", null]",,"{""generator"": ""CAI_TMS_TASK_GENERATOR_BUILD_UP_NAVIES"", ""group"": ""wh3_combi_tms_generator_group_default"", ""priority"": 5, ""variable_group"": null}",null
cai_task_management_system_task_generator_groups_generators_junctions_tables,deepwar,OVERRIDE_SAME_AS_VANILLA,"[""wh3_combi_tms_generator_group_default"", ""CAI_TMS_TASK_GENERATOR_COMPLETE_PROVINCE"", null]",,"{""generator"": ""CAI_TMS_TASK_GENERATOR_COMPLETE_PROVINCE"", ""group"": ""wh3_combi_tms_generator_group_default"", ""priority"": 1, ""variable_group"": null}",null
cai_task_management_system_task_generator_groups_generators_junctions_tables,deepwar,OVERRIDE_SAME_AS_VANILLA,"[""wh3_combi_tms_generator_group_default"", ""CAI_TMS_TASK_GENERATOR_DEFEND_BESIEGED_SETTLEMENT"", null]",,"{""generator"": ""CAI_TMS_TASK_GENERATOR_DEFEND_BESIEGED_SETTLEMENT"", ""group"": ""wh3_combi_tms_generator_group_default"", ""priority"": 3, ""variable_group"": null}",null
cai_task_management_system_task_generator_groups_generators_junctions_tables,deepwar,OVERRIDE_SAME_AS_VANILLA,"[""wh3_combi_tms_generator_group_default"", ""CAI_TMS_TASK_GENERATOR_DEFEND_OWNED_REGIONS"", null]",,"{""generator"": ""CAI_TMS_TASK_GENERATOR_DEFEND_OWNED_REGIONS"", ""group"": ""wh3_combi_tms_generator_group_default"", ""priority"": 2, ""variable_group"": null}",null
cai_task_management_system_task_generator_groups_generators_junctions_tables,deepwar,OVERRIDE_SAME_AS_VANILLA,"[""wh3_combi_tms_generator_group_default"", ""CAI_TMS_TASK_GENERATOR_FOLLOW_ARMY"", null]",,"{""generator"": ""CAI_TMS_TASK_GENERATOR_FOLLOW_ARMY"", ""group"": ""wh3_combi_tms_generator_group_default"", ""priority"": 5, ""variable_group"": null}",null
cai_task_management_system_task_generator_groups_generators_junctions_tables,deepwar,OVERRIDE_SAME_AS_VANILLA,"[""wh3_combi_tms_generator_group_default"", ""CAI_TMS_TASK_GENERATOR_HORDE_ENCAMP_IN_SAFE_REGION"", null]",,"{""generator"": ""CAI_TMS_TASK_GENERATOR_HORDE_ENCAMP_IN_SAFE_REGION"", ""group"": ""wh3_combi_tms_generator_group_default"", ""priority"": 3, ""variable_group"": null}",null
cai_task_management_system_task_generator_groups_generators_junctions_tables,deepwar,OVERRIDE_SAME_AS_VANILLA,"[""wh3_combi_tms_generator_group_default"", ""CAI_TMS_TASK_GENERATOR_HORDE_FOLLOW_LEAD_ARMY"", null]",,"{""generator"": ""CAI_TMS_TASK_GENERATOR_HORDE_FOLLOW_LEAD_ARMY"", ""group"": ""wh3_combi_tms_generator_group_default"", ""priority"": 3, ""variable_group"": null}",null
cai_task_management_system_task_generator_groups_generators_junctions_tables,deepwar,OVERRIDE_SAME_AS_VANILLA,"[""wh3_combi_tms_generator_group_default"", ""CAI_TMS_TASK_GENERATOR_RAID_RECENTLY_SACKED_SETTLEMENTS"", ""time_horizon_4""]",,"{""generator"": ""CAI_TMS_TASK_GENERATOR_RAID_RECENTLY_SACKED_SETTLEMENTS"", ""group"": ""wh3_combi_tms_generator_group_default"", ""priority"": -5, ""variable_group"": ""time_horizon_4""}",null
cai_task_management_system_task_generator_groups_generators_junctions_tables,deepwar,OVERRIDE_SAME_AS_VANILLA,"[""wh3_combi_tms_generator_group_default"", ""CAI_TMS_TASK_GENERATOR_RAID_SETTLEMENTS_NEAR_OUR_FORCES"", null]",,"{""generator"": ""CAI_TMS_TASK_GENERATOR_RAID_SETTLEMENTS_NEAR_OUR_FORCES"", ""group"": ""wh3_combi_tms_generator_group_default"", ""priority"": 1, ""variable_group"": null}",null
cai_task_management_system_task_generator_groups_generators_junctions_tables,deepwar,OVERRIDE_SAME_AS_VANILLA,"[""wh3_combi_tms_generator_group_default"", ""CAI_TMS_TASK_GENERATOR_RAID_UNSTABLE_REGIONS"", null]",,"{""generator"": ""CAI_TMS_TASK_GENERATOR_RAID_UNSTABLE_REGIONS"", ""group"": ""wh3_combi_tms_generator_group_default"", ""priority"": 1, ""variable_group"": null}",null
cai_task_management_system_task_generator_groups_generators_junctions_tables,deepwar,OVERRIDE_SAME_AS_VANILLA,"[""wh3_combi_tms_generator_group_default"", ""CAI_TMS_TASK_GENERATOR_RECAPTURE_RECENTLY_LOST_TERRITORY"", null]",,"{""generator"": ""CAI_TMS_TASK_GENERATOR_RECAPTURE_RECENTLY_LOST_TERRITORY"", ""group"": ""wh3_combi_tms_generator_group_default"", ""priority"": 4, ""variable_group"": null}",null
cai_task_management_system_task_generator_groups_generators_junctions_tables,deepwar,OVERRIDE_SAME_AS_VANILLA,"[""wh3_combi_tms_generator_group_default"", ""CAI_TMS_TASK_GENERATOR_RECRUIT_AVAILABLE_NAVY"", null]",,"{""generator"": ""CAI_TMS_TASK_GENERATOR_RECRUIT_AVAILABLE_NAVY"", ""group"": ""wh3_combi_tms_generator_group_default"", ""priority"": 5, ""variable_group"": null}",null
cai_task_management_system_task_generator_groups_generators_junctions_tables,deepwar,OVERRIDE_SAME_AS_VANILLA,"[""wh3_combi_tms_generator_group_default"", ""CAI_TMS_TASK_GENERATOR_RECRUIT_FROM_SPECIALISED_MERCENARY_POOLS"", null]",,"{""generator"": ""CAI_TMS_TASK_GENERATOR_RECRUIT_FROM_SPECIALISED_MERCENARY_POOLS"", ""group"": ""wh3_combi_tms_generator_group_default"", ""priority"": 5, ""variable_group"": null}",null
cai_task_management_system_task_generator_groups_generators_junctions_tables,deepwar,OVERRIDE_SAME_AS_VANILLA,"[""wh3_combi_tms_generator_group_default"", ""CAI_TMS_TASK_GENERATOR_SALLY_OUT_BEFORE_SETTLEMENT_LOSS"", null]",,"{""generator"": ""CAI_TMS_TASK_GENERATOR_SALLY_OUT_BEFORE_SETTLEMENT_LOSS"", ""group"": ""wh3_combi_tms_generator_group_default"", ""priority"": 1, ""variable_group"": null}",null
cai_task_management_system_task_generator_groups_generators_junctions_tables,deepwar,OVERRIDE_SAME_AS_VANILLA,"[""wh3_combi_tms_generator_group_default"", ""CAI_TMS_TASK_GENERATOR_WAR_COORDINATION_ATTACK_FORCES"", null]",,"{""generator"": ""CAI_TMS_TASK_GENERATOR_WAR_COORDINATION_ATTACK_FORCES"", ""group"": ""wh3_combi_tms_generator_group_default"", ""priority"": 10, ""variable_group"": null}",null
cai_task_management_system_task_generator_groups_generators_junctions_tables,deepwar,OVERRIDE_SAME_AS_VANILLA,"[""wh3_combi_tms_generator_group_default"", ""CAI_TMS_TASK_GENERATOR_WAR_COORDINATION_ATTACK_OUR_ISSUED_TARGET_FORCES"", null]",,"{""generator"": ""CAI_TMS_TASK_GENERATOR_WAR_COORDINATION_ATTACK_OUR_ISSUED_TARGET_FORCES"", ""group"": ""wh3_combi_tms_generator_group_default"", ""priority"": -3, ""variable_group"": null}",null
cai_task_management_system_task_generator_groups_generators_junctions_tables,deepwar,OVERRIDE_SAME_AS_VANILLA,"[""wh3_combi_tms_generator_group_default"", ""CAI_TMS_TASK_GENERATOR_WAR_COORDINATION_ATTACK_OUR_ISSUED_TARGET_REGIONS"", null]",,"{""generator"": ""CAI_TMS_TASK_GENERATOR_WAR_COORDINATION_ATTACK_OUR_ISSUED_TARGET_REGIONS"", ""group"": ""wh3_combi_tms_generator_group_default"", ""priority"": -3, ""variable_group"": null}",null
cai_task_management_system_task_generator_groups_generators_junctions_tables,deepwar,OVERRIDE_SAME_AS_VANILLA,"[""wh3_combi_tms_generator_group_default"", ""CAI_TMS_TASK_GENERATOR_WAR_COORDINATION_ATTACK_REGIONS"", null]",,"{""generator"": ""CAI_TMS_TASK_GENERATOR_WAR_COORDINATION_ATTACK_REGIONS"", ""group"": ""wh3_combi_tms_generator_group_default"", ""priority"": 10, ""variable_group"": null}",null
cai_task_management_system_task_generator_groups_generators_junctions_tables,deepwar,OVERRIDE_SAME_AS_VANILLA,"[""wh3_combi_tms_generator_group_default"", ""CAI_TMS_TASK_GENERATOR_WAR_COORDINATION_DEFEND_FORCES"", null]",,"{""generator"": ""CAI_TMS_TASK_GENERATOR_WAR_COORDINATION_DEFEND_FORCES"", ""group"": ""wh3_combi_tms_generator_group_default"", ""priority"": 10, ""variable_group"": null}",null
cai_task_management_system_task_generator_groups_generators_junctions_tables,deepwar,OVERRIDE_SAME_AS_VANILLA,"[""wh3_combi_tms_generator_group_default"", ""CAI_TMS_TASK_GENERATOR_WAR_COORDINATION_DEFEND_REGIONS"", null]",,"{""generator"": ""CAI_TMS_TASK_GENERATOR_WAR_COORDINATION_DEFEND_REGIONS"", ""group"": ""wh3_combi_tms_generator_group_default"", ""priority"": 10, ""variable_group"": null}",null
cai_task_management_system_task_generator_groups_generators_junctions_tables,deepwar,OVERRIDE_SAME_AS_VANILLA,"[""wh3_combi_tms_generator_group_defensive_additive"", ""CAI_TMS_TASK_GENERATOR_ACTIVELY_DEFEND_REGIONS_NEIGHBOURING_ENEMY_MAIN_THREAT"", null]",,"{""generator"": ""CAI_TMS_TASK_GENERATOR_ACTIVELY_DEFEND_REGIONS_NEIGHBOURING_ENEMY_MAIN_THREAT"", ""group"": ""wh3_combi_tms_generator_group_defensive_additive"", ""priority"": 2, ""variable_group"": null}",null
cai_task_management_system_task_generator_groups_generators_junctions_tables,deepwar,OVERRIDE_SAME_AS_VANILLA,"[""wh3_combi_tms_generator_group_defensive_additive"", ""CAI_TMS_TASK_GENERATOR_ACTIVELY_DEFEND_REGIONS_NEIGHBOURING_MAIN_THREAT"", null]",,"{""generator"": ""CAI_TMS_TASK_GENERATOR_ACTIVELY_DEFEND_REGIONS_NEIGHBOURING_MAIN_THREAT"", ""group"": ""wh3_combi_tms_generator_group_defensive_additive"", ""priority"": 2, ""variable_group"": null}",null
cai_task_management_system_task_generator_groups_generators_junctions_tables,deepwar,OVERRIDE_SAME_AS_VANILLA,"[""wh3_combi_tms_generator_group_defensive_additive"", ""CAI_TMS_TASK_GENERATOR_ATTACK_ALL_ENEMY_MAIN_THREAT_FORCES"", null]",,"{""generator"": ""CAI_TMS_TASK_GENERATOR_ATTACK_ALL_ENEMY_MAIN_THREAT_FORCES"", ""group"": ""wh3_combi_tms_generator_group_defensive_additive"", ""priority"": -2, ""variable_group"": null}",null
cai_task_management_system_task_generator_groups_generators_junctions_tables,deepwar,OVERRIDE_CHANGED,"[""wh3_combi_tms_generator_group_defensive_additive"", ""CAI_TMS_TASK_GENERATOR_ATTACK_ALL_ENEMY_MAIN_THREAT_SETTLEMENTS"", null]",priority,"{""generator"": ""CAI_TMS_TASK_GENERATOR_ATTACK_ALL_ENEMY_MAIN_THREAT_SETTLEMENTS"", ""group"": ""wh3_combi_tms_generator_group_defensive_additive"", ""priority"": -2, ""variable_group"": null}","{""generator"": ""CAI_TMS_TASK_GENERATOR_ATTACK_ALL_ENEMY_MAIN_THREAT_SETTLEMENTS"", ""group"": ""wh3_combi_tms_generator_group_defensive_additive"", ""priority"": -1, ""variable_group"": null}"
cai_task_management_system_task_generator_groups_generators_junctions_tables,deepwar,OVERRIDE_SAME_AS_VANILLA,"[""wh3_combi_tms_generator_group_defensive_additive"", ""CAI_TMS_TASK_GENERATOR_ATTACK_UNSUITABLE_CLIMATE_REGIONS"", null]",,"{""generator"": ""CAI_TMS_TASK_GENERATOR_ATTACK_UNSUITABLE_CLIMATE_REGIONS"", ""group"": ""wh3_combi_tms_generator_group_defensive_additive"", ""priority"": -1, ""variable_group"": null}",null
cai_task_management_system_task_generator_groups_generators_junctions_tables,deepwar,OVERRIDE_SAME_AS_VANILLA,"[""wh3_combi_tms_generator_group_dont_colonise_additive"", ""CAI_TMS_GDS_TASK_GENERATOR_COLONISE_ABANDONED_SETTLEMENTS_NEAR_OUR_FORCES"", null]",,"{""generator"": ""CAI_TMS_GDS_TASK_GENERATOR_COLONISE_ABANDONED_SETTLEMENTS_NEAR_OUR_FORCES"", ""group"": ""wh3_combi_tms_generator_group_dont_colonise_additive"", ""priority"": -20, ""variable_group"": null}",null
cai_task_management_system_task_generator_groups_generators_junctions_tables,deepwar,OVERRIDE_SAME_AS_VANILLA,"[""wh3_combi_tms_generator_group_dont_colonise_additive"", ""CAI_TMS_TASK_GENERATOR_ATTACK_PROVINCES_NEIGHBOURNIG_OWN_PROVINCES_ABANDONED"", null]",,"{""generator"": ""CAI_TMS_TASK_GENERATOR_ATTACK_PROVINCES_NEIGHBOURNIG_OWN_PROVINCES_ABANDONED"", ""group"": ""wh3_combi_tms_generator_group_dont_colonise_additive"", ""priority"": -20, ""variable_group"": null}",null
cai_task_management_system_task_generator_groups_generators_junctions_tables,deepwar,OVERRIDE_SAME_AS_VANILLA,"[""wh3_combi_tms_generator_group_dont_colonise_additive"", ""CAI_TMS_TASK_GENERATOR_ATTACK_PROVINCES_NEIGHBOURNIG_OWN_REGIONS_ABANDONED"", null]",,"{""generator"": ""CAI_TMS_TASK_GENERATOR_ATTACK_PROVINCES_NEIGHBOURNIG_OWN_REGIONS_ABANDONED"", ""group"": ""wh3_combi_tms_generator_group_dont_colonise_additive"", ""priority"": -20, ""variable_group"": null}",null
cai_task_management_system_task_generator_groups_generators_junctions_tables,deepwar,OVERRIDE_SAME_AS_VANILLA,"[""wh3_combi_tms_generator_group_dont_colonise_additive"", ""CAI_TMS_TASK_GENERATOR_ATTACK_REGIONS_NEIGHBOURNIG_OWN_REGIONS_ABANDONED"", null]",,"{""generator"": ""CAI_TMS_TASK_GENERATOR_ATTACK_REGIONS_NEIGHBOURNIG_OWN_REGIONS_ABANDONED"", ""group"": ""wh3_combi_tms_generator_group_dont_colonise_additive"", ""priority"": -20, ""variable_group"": null}",null
cai_task_management_system_task_generator_groups_generators_junctions_tables,deepwar,OVERRIDE_SAME_AS_VANILLA,"[""wh3_combi_tms_generator_group_dwarf_specific_additive"", ""CAI_TMS_TASK_GENERATOR_ACTIVELY_DEFEND_RECENTLY_CAPTURED_TERRITORY"", ""time_horizon_6""]",,"{""generator"": ""CAI_TMS_TASK_GENERATOR_ACTIVELY_DEFEND_RECENTLY_CAPTURED_TERRITORY"", ""group"": ""wh3_combi_tms_generator_group_dwarf_specific_additive"", ""priority"": 2, ""variable_group"": ""time_horizon_6""}",null
cai_task_management_system_task_generator_groups_generators_junctions_tables,deepwar,OVERRIDE_SAME_AS_VANILLA,"[""wh3_combi_tms_generator_group_forest_dweller_specific_additive"", ""CAI_TMS_TASK_GENERATOR_ACTIVELY_DEFEND_CAPITAL"", null]",,"{""generator"": ""CAI_TMS_TASK_GENERATOR_ACTIVELY_DEFEND_CAPITAL"", ""group"": ""wh3_combi_tms_generator_group_forest_dweller_specific_additive"", ""priority"": 1.60000002, ""variable_group"": null}",null
cai_task_management_system_task_generator_groups_generators_junctions_tables,deepwar,OVERRIDE_SAME_AS_VANILLA,"[""wh3_combi_tms_generator_group_forest_dweller_specific_additive"", ""CAI_TMS_TASK_GENERATOR_ATTACK_ALL_ENEMY_FORCES"", null]",,"{""generator"": ""CAI_TMS_TASK_GENERATOR_ATTACK_ALL_ENEMY_FORCES"", ""group"": ""wh3_combi_tms_generator_group_forest_dweller_specific_additive"", ""priority"": -2, ""variable_group"": null}",null
cai_task_management_system_task_generator_groups_generators_junctions_tables,deepwar,OVERRIDE_SAME_AS_VANILLA,"[""wh3_combi_tms_generator_group_forest_dweller_specific_additive"", ""CAI_TMS_TASK_GENERATOR_ATTACK_ALL_ENEMY_SETTLEMENTS"", null]",,"{""generator"": ""CAI_TMS_TASK_GENERATOR_ATTACK_ALL_ENEMY_SETTLEMENTS"", ""group"": ""wh3_combi_tms_generator_group_forest_dweller_specific_additive"", ""priority"": -1, ""variable_group"": null}",null
cai_task_management_system_task_generator_groups_generators_junctions_tables,deepwar,OVERRIDE_CHANGED,"[""wh3_combi_tms_generator_group_forest_dweller_specific_additive"", ""CAI_TMS_TASK_GENERATOR_ATTACK_ALL_ENEMY_SETTLEMENTS_IF_HAVENT_EXPANDED_RECENTLY"", null]",priority,"{""generator"": ""CAI_TMS_TASK_GENERATOR_ATTACK_ALL_ENEMY_SETTLEMENTS_IF_HAVENT_EXPANDED_RECENTLY"", ""group"": ""wh3_combi_tms_generator_group_forest_dweller_specific_additive"", ""priority"": -2, ""variable_group"": null}","{""generator"": ""CAI_TMS_TASK_GENERATOR_ATTACK_ALL_ENEMY_SETTLEMENTS_IF_HAVENT_EXPANDED_RECENTLY"", ""group"": ""wh3_combi_tms_generator_group_forest_dweller_specific_additive"", ""priority"": 0, ""variable_group"": null}"
cai_task_management_system_task_generator_groups_generators_junctions_tables,deepwar,OVERRIDE_SAME_AS_VANILLA,"[""wh3_combi_tms_generator_group_forest_dweller_specific_additive"", ""CAI_TMS_TASK_GENERATOR_ATTACK_ALL_LOCAL_FORCES_SIZE_SCALED"", null]",,"{""generator"": ""CAI_TMS_TASK_GENERATOR_ATTACK_ALL_LOCAL_FORCES_SIZE_SCALED"", ""group"": ""wh3_combi_tms_generator_group_forest_dweller_specific_additive"", ""priority"": 3, ""variable_group"": null}",null
cai_task_management_system_task_generator_groups_generators_junctions_tables,deepwar,OVERRIDE_SAME_AS_VANILLA,"[""wh3_combi_tms_generator_group_highelf_aislinn"", ""CAI_TMS_TASK_GENERATOR_ATTACK_ENEMY_PORT_SETTLEMENTS"", null]",,"{""generator"": ""CAI_TMS_TASK_GENERATOR_ATTACK_ENEMY_PORT_SETTLEMENTS"", ""group"": ""wh3_combi_tms_generator_group_highelf_aislinn"", ""priority"": 25, ""variable_group"": null}",null
cai_task_management_system_task_generator_groups_generators_junctions_tables,deepwar,OVERRIDE_SAME_AS_VANILLA,"[""wh3_combi_tms_generator_group_highelf_specific_additive"", ""CAI_TMS_TASK_GENERATOR_ACTIVELY_DEFEND_RECENTLY_CAPTURED_TERRITORY"", ""time_horizon_6""]",,"{""generator"": ""CAI_TMS_TASK_GENERATOR_ACTIVELY_DEFEND_RECENTLY_CAPTURED_TERRITORY"", ""group"": ""wh3_combi_tms_generator_group_highelf_specific_additive"", ""priority"": 2, ""variable_group"": ""time_horizon_6""}",null
cai_task_management_system_task_generator_groups_generators_junctions_tables,deepwar,OVERRIDE_SAME_AS_VANILLA,"[""wh3_combi_tms_generator_group_horde"", ""CAI_TMS_GDS_TASK_GENERATOR_HORDE_MOVE_TO_ATTACK_ENEMY_FORCES_WHEN_TRESPASS_WARNED"", null]",,"{""generator"": ""CAI_TMS_GDS_TASK_GENERATOR_HORDE_MOVE_TO_ATTACK_ENEMY_FORCES_WHEN_TRESPASS_WARNED"", ""group"": ""wh3_combi_tms_generator_group_horde"", ""priority"": 15, ""variable_group"": null}",null
cai_task_management_system_task_generator_groups_generators_junctions_tables,deepwar,OVERRIDE_CHANGED,"[""wh3_combi_tms_generator_group_horde"", ""CAI_TMS_TASK_GENERATOR_ACTIVELY_DEFEND_CAPITAL"", null]",priority,"{""generator"": ""CAI_TMS_TASK_GENERATOR_ACTIVELY_DEFEND_CAPITAL"", ""group"": ""wh3_combi_tms_generator_group_horde"", ""priority"": 0.80000001, ""variable_group"": null}","{""generator"": ""CAI_TMS_TASK_GENERATOR_ACTIVELY_DEFEND_CAPITAL"", ""group"": ""wh3_combi_tms_generator_group_horde"", ""priority"": 1, ""variable_group"": null}"
cai_task_management_system_task_generator_groups_generators_junctions_tables,deepwar,OVERRIDE_SAME_AS_VANILLA,"[""wh3_combi_tms_generator_group_horde"", ""CAI_TMS_TASK_GENERATOR_ATTACK_ALL_ENEMY_FORCES"", null]",,"{""generator"": ""CAI_TMS_TASK_GENERATOR_ATTACK_ALL_ENEMY_FORCES"", ""group"": ""wh3_combi_tms_generator_group_horde"", ""priority"": 7, ""variable_group"": null}",null
cai_task_management_system_task_generator_groups_generators_junctions_tables,deepwar,OVERRIDE_SAME_AS_VANILLA,"[""wh3_combi_tms_generator_group_horde"", ""CAI_TMS_TASK_GENERATOR_ATTACK_ALL_ENEMY_FORCES_NEAR_RECENTLY_LOST_ALLIED_HUMAN_REGION"", null]",,"{""generator"": ""CAI_TMS_TASK_GENERATOR_ATTACK_ALL_ENEMY_FORCES_NEAR_RECENTLY_LOST_ALLIED_HUMAN_REGION"", ""group"": ""wh3_combi_tms_generator_group_horde"", ""priority"": 3, ""variable_group"": null}",null
cai_task_management_system_task_generator_groups_generators_junctions_tables,deepwar,OVERRIDE_SAME_AS_VANILLA,"[""wh3_combi_tms_generator_group_horde"", ""CAI_TMS_TASK_GENERATOR_ATTACK_ALL_ENEMY_FORCES_NEAR_RECENTLY_LOST_REGIONS"", null]",,"{""generator"": ""CAI_TMS_TASK_GENERATOR_ATTACK_ALL_ENEMY_FORCES_NEAR_RECENTLY_LOST_REGIONS"", ""group"": ""wh3_combi_tms_generator_group_horde"", ""priority"": 6, ""variable_group"": null}",null
cai_task_management_system_task_generator_groups_generators_junctions_tables,deepwar,OVERRIDE_CHANGED,"[""wh3_combi_tms_generator_group_horde"", ""CAI_TMS_TASK_GENERATOR_ATTACK_ALL_ENEMY_HUMAN_FORCES_NEAR_RECENTLY_LOST_ALLIED_REGION"", null]",priority,"{""generator"": ""CAI_TMS_TASK_GENERATOR_ATTACK_ALL_ENEMY_HUMAN_FORCES_NEAR_RECENTLY_LOST_ALLIED_REGION"", ""group"": ""wh3_combi_tms_generator_group_horde"", ""priority"": 0, ""variable_group"": null}","{""generator"": ""CAI_TMS_TASK_GENERATOR_ATTACK_ALL_ENEMY_HUMAN_FORCES_NEAR_RECENTLY_LOST_ALLIED_REGION"", ""group"": ""wh3_combi_tms_generator_group_horde"", ""priority"": 3, ""variable_group"": null}"
cai_task_management_system_task_generator_groups_generators_junctions_tables,deepwar,OVERRIDE_SAME_AS_VANILLA,"[""wh3_combi_tms_generator_group_horde"", ""CAI_TMS_TASK_GENERATOR_ATTACK_ALL_ENEMY_MAIN_THREAT_FORCES"", null]",,"{""generator"": ""CAI_TMS_TASK_GENERATOR_ATTACK_ALL_ENEMY_MAIN_THREAT_FORCES"", ""group"": ""wh3_combi_tms_generator_group_horde"", ""priority"": 4, ""variable_group"": null}",null
cai_task_management_system_task_generator_groups_generators_junctions_tables,deepwar,OVERRIDE_SAME_AS_VANILLA,"[""wh3_combi_tms_generator_group_horde"", ""CAI_TMS_TASK_GENERATOR_ATTACK_ALL_ENEMY_MAIN_THREAT_SETTLEMENTS"", null]",,"{""generator"": ""CAI_TMS_TASK_GENERATOR_ATTACK_ALL_ENEMY_MAIN_THREAT_SETTLEMENTS"", ""group"": ""wh3_combi_tms_generator_group_horde"", ""priority"": 2, ""variable_group"": null}",null
cai_task_management_system_task_generator_groups_generators_junctions_tables,deepwar,OVERRIDE_SAME_AS_VANILLA,"[""wh3_combi_tms_generator_group_horde"", ""CAI_TMS_TASK_GENERATOR_ATTACK_ALL_ENEMY_SETTLEMENTS"", null]",,"{""generator"": ""CAI_TMS_TASK_GENERATOR_ATTACK_ALL_ENEMY_SETTLEMENTS"", ""group"": ""wh3_combi_tms_generator_group_horde"", ""priority"": 7, ""variable_group"": null}",null
cai_task_management_system_task_generator_groups_generators_junctions_tables,deepwar,OVERRIDE_SAME_AS_VANILLA,"[""wh3_combi_tms_generator_group_horde"", ""CAI_TMS_TASK_GENERATOR_ATTACK_ALL_LOCAL_AGENTS_LEVEL_SCALED"", null]",,"{""generator"": ""CAI_TMS_TASK_GENERATOR_ATTACK_ALL_LOCAL_AGENTS_LEVEL_SCALED"", ""group"": ""wh3_combi_tms_generator_group_horde"", ""priority"": 5, ""variable_group"": null}",null
cai_task_management_system_task_generator_groups_generators_junctions_tables,deepwar,OVERRIDE_SAME_AS_VANILLA,"[""wh3_combi_tms_generator_group_horde"", ""CAI_TMS_TASK_GENERATOR_ATTACK_ALL_LOCAL_FORCES_SIZE_SCALED"", null]",,"{""generator"": ""CAI_TMS_TASK_GENERATOR_ATTACK_ALL_LOCAL_FORCES_SIZE_SCALED"", ""group"": ""wh3_combi_tms_generator_group_horde"", ""priority"": 6, ""variable_group"": null}",null
cai_task_management_system_task_generator_groups_generators_junctions_tables,deepwar,OVERRIDE_SAME_AS_VANILLA,"[""wh3_combi_tms_generator_group_horde"", ""CAI_TMS_TASK_GENERATOR_ATTACK_ENEMY_PORT_SETTLEMENTS"", null]",,"{""generator"": ""CAI_TMS_TASK_GENERATOR_ATTACK_ENEMY_PORT_SETTLEMENTS"", ""group"": ""wh3_combi_tms_generator_group_horde"", ""priority"": 1, ""variable_group"": null}",null
cai_task_management_system_task_generator_groups_generators_junctions_tables,deepwar,OVERRIDE_SAME_AS_VANILLA,"[""wh3_combi_tms_generator_group_horde"", ""CAI_TMS_TASK_GENERATOR_ATTACK_ENEMY_SETTLEMENTS_LOCAL_TO_OUR_FORCES_THAT_ARE_BESIEGED_BY_OUR_ALLIES"", null]",,"{""generator"": ""CAI_TMS_TASK_GENERATOR_ATTACK_ENEMY_SETTLEMENTS_LOCAL_TO_OUR_FORCES_THAT_ARE_BESIEGED_BY_OUR_ALLIES"", ""group"": ""wh3_combi_tms_generator_group_horde"", ""priority"": 6, ""variable_group"": null}",null
cai_task_management_system_task_generator_groups_generators_junctions_tables,deepwar,OVERRIDE_SAME_AS_VANILLA,"[""wh3_combi_tms_generator_group_horde"", ""CAI_TMS_TASK_GENERATOR_ATTACK_NEIGHBOURING_WAR_REGIONS"", null]",,"{""generator"": ""CAI_TMS_TASK_GENERATOR_ATTACK_NEIGHBOURING_WAR_REGIONS"", ""group"": ""wh3_combi_tms_generator_group_horde"", ""priority"": 2, ""variable_group"": null}",null
cai_task_management_system_task_generator_groups_generators_junctions_tables,deepwar,OVERRIDE_SAME_AS_VANILLA,"[""wh3_combi_tms_generator_group_horde"", ""CAI_TMS_TASK_GENERATOR_ATTACK_PROVINCES_NEIGHBOURNIG_OWN_PROVINCES_ENEMY"", null]",,"{""generator"": ""CAI_TMS_TASK_GENERATOR_ATTACK_PROVINCES_NEIGHBOURNIG_OWN_PROVINCES_ENEMY"", ""group"": ""wh3_combi_tms_generator_group_horde"", ""priority"": 1, ""variable_group"": null}",null
cai_task_management_system_task_generator_groups_generators_junctions_tables,deepwar,OVERRIDE_SAME_AS_VANILLA,"[""wh3_combi_tms_generator_group_horde"", ""CAI_TMS_TASK_GENERATOR_ATTACK_PROVINCES_NEIGHBOURNIG_OWN_REGIONS_ENEMY"", null]",,"{""generator"": ""CAI_TMS_TASK_GENERATOR_ATTACK_PROVINCES_NEIGHBOURNIG_OWN_REGIONS_ENEMY"", ""group"": ""wh3_combi_tms_generator_group_horde"", ""priority"": 1, ""variable_group"": null}",null
cai_task_management_system_task_generator_groups_generators_junctions_tables,deepwar,OVERRIDE_SAME_AS_VANILLA,"[""wh3_combi_tms_generator_group_horde"", ""CAI_TMS_TASK_GENERATOR_ATTACK_RECENTLY_SACKED_SETTLEMENTS"", ""time_horizon_4""]",,"{""generator"": ""CAI_TMS_TASK_GENERATOR_ATTACK_RECENTLY_SACKED_SETTLEMENTS"", ""group"": ""wh3_combi_tms_generator_group_horde"", ""priority"": -5, ""variable_group"": ""time_horizon_4""}",null
cai_task_management_system_task_generator_groups_generators_junctions_tables,deepwar,OVERRIDE_SAME_AS_VANILLA,"[""wh3_combi_tms_generator_group_horde"", ""CAI_TMS_TASK_GENERATOR_ATTACK_REGIONS_NEIGHBOURNIG_OWN_REGIONS_ENEMY"", null]",,"{""generator"": ""CAI_TMS_TASK_GENERATOR_ATTACK_REGIONS_NEIGHBOURNIG_OWN_REGIONS_ENEMY"", ""group"": ""wh3_combi_tms_generator_group_horde"", ""priority"": 1, ""variable_group"": null}",null
cai_task_management_system_task_generator_groups_generators_junctions_tables,deepwar,OVERRIDE_SAME_AS_VANILLA,"[""wh3_combi_tms_generator_group_horde"", ""CAI_TMS_TASK_GENERATOR_ATTACK_SETTLEMENTS_NEAR_OUR_FORCES"", null]",,"{""generator"": ""CAI_TMS_TASK_GENERATOR_ATTACK_SETTLEMENTS_NEAR_OUR_FORCES"", ""group"": ""wh3_combi_tms_generator_group_horde"", ""priority"": 1, ""variable_group"": null}",null
cai_task_management_system_task_generator_groups_generators_junctions_tables,deepwar,OVERRIDE_SAME_AS_VANILLA,"[""wh3_combi_tms_generator_group_horde"", ""CAI_TMS_TASK_GENERATOR_ATTACK_SETTLEMENTS_UNDER_SIEGE_BY_NON_ALLIES"", null]",,"{""generator"": ""CAI_TMS_TASK_GENERATOR_ATTACK_SETTLEMENTS_UNDER_SIEGE_BY_NON_ALLIES"", ""group"": ""wh3_combi_tms_generator_group_horde"", ""priority"": -5, ""variable_group"": null}",null
cai_task_management_system_task_generator_groups_generators_junctions_tables,deepwar,OVERRIDE_SAME_AS_VANILLA,"[""wh3_combi_tms_generator_group_horde"", ""CAI_TMS_TASK_GENERATOR_ATTACK_UNDEFENDED_ENEMY_SETTLEMENTS"", null]",,"{""generator"": ""CAI_TMS_TASK_GENERATOR_ATTACK_UNDEFENDED_ENEMY_SETTLEMENTS"", ""group"": ""wh3_combi_tms_generator_group_horde"", ""priority"": 1, ""variable_group"": null}",null
cai_task_management_system_task_generator_groups_generators_junctions_tables,deepwar,OVERRIDE_SAME_AS_VANILLA,"[""wh3_combi_tms_generator_group_horde"", ""CAI_TMS_TASK_GENERATOR_FOLLOW_ARMY"", null]",,"{""generator"": ""CAI_TMS_TASK_GENERATOR_FOLLOW_ARMY"", ""group"": ""wh3_combi_tms_generator_group_horde"", ""priority"": 5, ""variable_group"": null}",null
cai_task_management_system_task_generator_groups_generators_junctions_tables,deepwar,OVERRIDE_SAME_AS_VANILLA,"[""wh3_combi_tms_generator_group_horde"", ""CAI_TMS_TASK_GENERATOR_HORDE_ENCAMP_IN_SAFE_REGION"", null]",,"{""generator"": ""CAI_TMS_TASK_GENERATOR_HORDE_ENCAMP_IN_SAFE_REGION"", ""group"": ""wh3_combi_tms_generator_group_horde"", ""priority"": 3, ""variable_group"": null}",null
cai_task_management_system_task_generator_groups_generators_junctions_tables,deepwar,OVERRIDE_SAME_AS_VANILLA,"[""wh3_combi_tms_generator_group_horde"", ""CAI_TMS_TASK_GENERATOR_HORDE_FOLLOW_LEAD_ARMY"", null]",,"{""generator"": ""CAI_TMS_TASK_GENERATOR_HORDE_FOLLOW_LEAD_ARMY"", ""group"": ""wh3_combi_tms_generator_group_horde"", ""priority"": 3, ""variable_group"": null}",null
cai_task_management_system_task_generator_groups_generators_junctions_tables,deepwar,OVERRIDE_SAME_AS_VANILLA,"[""wh3_combi_tms_generator_group_horde"", ""CAI_TMS_TASK_GENERATOR_RAID_RECENTLY_SACKED_SETTLEMENTS"", ""time_horizon_4""]",,"{""generator"": ""CAI_TMS_TASK_GENERATOR_RAID_RECENTLY_SACKED_SETTLEMENTS"", ""group"": ""wh3_combi_tms_generator_group_horde"", ""priority"": -5, ""variable_group"": ""time_horizon_4""}",null
cai_task_management_system_task_generator_groups_generators_junctions_tables,deepwar,OVERRIDE_SAME_AS_VANILLA,"[""wh3_combi_tms_generator_group_horde"", ""CAI_TMS_TASK_GENERATOR_RAID_SETTLEMENTS_NEAR_OUR_FORCES"", null]",,"{""generator"": ""CAI_TMS_TASK_GENERATOR_RAID_SETTLEMENTS_NEAR_OUR_FORCES"", ""group"": ""wh3_combi_tms_generator_group_horde"", ""priority"": 4, ""variable_group"": null}",null
cai_task_management_system_task_generator_groups_generators_junctions_tables,deepwar,OVERRIDE_SAME_AS_VANILLA,"[""wh3_combi_tms_generator_group_horde"", ""CAI_TMS_TASK_GENERATOR_RAID_UNSTABLE_REGIONS"", null]",,"{""generator"": ""CAI_TMS_TASK_GENERATOR_RAID_UNSTABLE_REGIONS"", ""group"": ""wh3_combi_tms_generator_group_horde"", ""priority"": 4, ""variable_group"": null}",null
cai_task_management_system_task_generator_groups_generators_junctions_tables,deepwar,OVERRIDE_SAME_AS_VANILLA,"[""wh3_combi_tms_generator_group_horde"", ""CAI_TMS_TASK_GENERATOR_RECRUIT_FROM_SPECIALISED_MERCENARY_POOLS"", null]",,"{""generator"": ""CAI_TMS_TASK_GENERATOR_RECRUIT_FROM_SPECIALISED_MERCENARY_POOLS"", ""group"": ""wh3_combi_tms_generator_group_horde"", ""priority"": 5, ""variable_group"": null}",null
cai_task_management_system_task_generator_groups_generators_junctions_tables,deepwar,OVERRIDE_SAME_AS_VANILLA,"[""wh3_combi_tms_generator_group_horde"", ""CAI_TMS_TASK_GENERATOR_WAR_COORDINATION_ATTACK_FORCES"", null]",,"{""generator"": ""CAI_TMS_TASK_GENERATOR_WAR_COORDINATION_ATTACK_FORCES"", ""group"": ""wh3_combi_tms_generator_group_horde"", ""priority"": 10, ""variable_group"": null}",null
cai_task_management_system_task_generator_groups_generators_junctions_tables,deepwar,OVERRIDE_SAME_AS_VANILLA,"[""wh3_combi_tms_generator_group_horde"", ""CAI_TMS_TASK_GENERATOR_WAR_COORDINATION_ATTACK_REGIONS"", null]",,"{""generator"": ""CAI_TMS_TASK_GENERATOR_WAR_COORDINATION_ATTACK_REGIONS"", ""group"": ""wh3_combi_tms_generator_group_horde"", ""priority"": 10, ""variable_group"": null}",null
cai_task_management_system_task_generator_groups_generators_junctions_tables,deepwar,OVERRIDE_SAME_AS_VANILLA,"[""wh3_combi_tms_generator_group_horde"", ""CAI_TMS_TASK_GENERATOR_WAR_COORDINATION_DEFEND_FORCES"", null]",,"{""generator"": ""CAI_TMS_TASK_GENERATOR_WAR_COORDINATION_DEFEND_FORCES"", ""group"": ""wh3_combi_tms_generator_group_horde"", ""priority"": 10, ""variable_group"": null}",null
cai_task_management_system_task_generator_groups_generators_junctions_tables,deepwar,OVERRIDE_SAME_AS_VANILLA,"[""wh3_combi_tms_generator_group_horde"", ""CAI_TMS_TASK_GENERATOR_WAR_COORDINATION_DEFEND_REGIONS"", null]",,"{""generator"": ""CAI_TMS_TASK_GENERATOR_WAR_COORDINATION_DEFEND_REGIONS"", ""group"": ""wh3_combi_tms_generator_group_horde"", ""priority"": 10, ""variable_group"": null}",null
cai_task_management_system_task_generator_groups_generators_junctions_tables,deepwar,OVERRIDE_SAME_AS_VANILLA,"[""wh3_combi_tms_generator_group_khorne_specific_additive"", ""CAI_TMS_TASK_GENERATOR_WITHDRAW_LOW_WINDS_OF_MAGIC_ARMIES_TO_REGION"", null]",,"{""generator"": ""CAI_TMS_TASK_GENERATOR_WITHDRAW_LOW_WINDS_OF_MAGIC_ARMIES_TO_REGION"", ""group"": ""wh3_combi_tms_generator_group_khorne_specific_additive"", ""priority"": 3, ""variable_group"": null}",null
cai_task_management_system_task_generator_groups_generators_junctions_tables,deepwar,OVERRIDE_SAME_AS_VANILLA,"[""wh3_combi_tms_generator_group_kislev_specific_additive"", ""CAI_TMS_GDS_TASK_GENERATOR_TARGET_RIFTS_NEAR_OUR_REGIONS_IF_HAVENT_INTERACTED_ONLY_FULL_ARMY"", ""gds_poi_interaction_rift_teleport""]",,"{""generator"": ""CAI_TMS_GDS_TASK_GENERATOR_TARGET_RIFTS_NEAR_OUR_REGIONS_IF_HAVENT_INTERACTED_ONLY_FULL_ARMY"", ""group"": ""wh3_combi_tms_generator_group_kislev_specific_additive"", ""priority"": 8, ""variable_group"": ""gds_poi_interaction_rift_teleport""}",null
cai_task_management_system_task_generator_groups_generators_junctions_tables,deepwar,OVERRIDE_CHANGED,"[""wh3_combi_tms_generator_group_minor_additive"", ""CAI_TMS_TASK_GENERATOR_ATTACK_ALL_ENEMY_FORCES"", null]",priority,"{""generator"": ""CAI_TMS_TASK_GENERATOR_ATTACK_ALL_ENEMY_FORCES"", ""group"": ""wh3_combi_tms_generator_group_minor_additive"", ""priority"": -2, ""variable_group"": null}","{""generator"": ""CAI_TMS_TASK_GENERATOR_ATTACK_ALL_ENEMY_FORCES"", ""group"": ""wh3_combi_tms_generator_group_minor_additive"", ""priority"": 1, ""variable_group"": null}"
cai_task_management_system_task_generator_groups_generators_junctions_tables,deepwar,OVERRIDE_SAME_AS_VANILLA,"[""wh3_combi_tms_generator_group_minor_additive"", ""CAI_TMS_TASK_GENERATOR_ATTACK_ALL_ENEMY_FORCES_NEAR_RECENTLY_LOST_ALLIED_HUMAN_REGION"", null]",,"{""generator"": ""CAI_TMS_TASK_GENERATOR_ATTACK_ALL_ENEMY_FORCES_NEAR_RECENTLY_LOST_ALLIED_HUMAN_REGION"", ""group"": ""wh3_combi_tms_generator_group_minor_additive"", ""priority"": 3, ""variable_group"": null}",null
cai_task_management_system_task_generator_groups_generators_junctions_tables,deepwar,OVERRIDE_CHANGED,"[""wh3_combi_tms_generator_group_minor_additive"", ""CAI_TMS_TASK_GENERATOR_ATTACK_ALL_ENEMY_SETTLEMENTS"", null]",priority,"{""generator"": ""CAI_TMS_TASK_GENERATOR_ATTACK_ALL_ENEMY_SETTLEMENTS"", ""group"": ""wh3_combi_tms_generator_group_minor_additive"", ""priority"": -2, ""variable_group"": null}","{""generator"": ""CAI_TMS_TASK_GENERATOR_ATTACK_ALL_ENEMY_SETTLEMENTS"", ""group"": ""wh3_combi_tms_generator_group_minor_additive"", ""priority"": 1, ""variable_group"": null}"
cai_task_management_system_task_generator_groups_generators_junctions_tables,deepwar,OVERRIDE_SAME_AS_VANILLA,"[""wh3_combi_tms_generator_group_naval_aggressor_additive"", ""CAI_TMS_TASK_GENERATOR_ATTACK_ENEMY_PORT_SETTLEMENTS"", null]",,"{""generator"": ""CAI_TMS_TASK_GENERATOR_ATTACK_ENEMY_PORT_SETTLEMENTS"", ""group"": ""wh3_combi_tms_generator_group_naval_aggressor_additive"", ""priority"": 4, ""variable_group"": null}",null
cai_task_management_system_task_generator_groups_generators_junctions_tables,deepwar,OVERRIDE_SAME_AS_VANILLA,"[""wh3_combi_tms_generator_group_norsca_specific_additive"", ""CAI_TMS_TASK_GENERATOR_ATTACK_ALL_ENEMY_FORCES"", null]",,"{""generator"": ""CAI_TMS_TASK_GENERATOR_ATTACK_ALL_ENEMY_FORCES"", ""group"": ""wh3_combi_tms_generator_group_norsca_specific_additive"", ""priority"": 3, ""variable_group"": null}",null
cai_task_management_system_task_generator_groups_generators_junctions_tables,deepwar,OVERRIDE_SAME_AS_VANILLA,"[""wh3_combi_tms_generator_group_norsca_specific_additive"", ""CAI_TMS_TASK_GENERATOR_ATTACK_ALL_ENEMY_SETTLEMENTS"", null]",,"{""generator"": ""CAI_TMS_TASK_GENERATOR_ATTACK_ALL_ENEMY_SETTLEMENTS"", ""group"": ""wh3_combi_tms_generator_group_norsca_specific_additive"", ""priority"": 3, ""variable_group"": null}",null
cai_task_management_system_task_generator_groups_generators_junctions_tables,deepwar,OVERRIDE_SAME_AS_VANILLA,"[""wh3_combi_tms_generator_group_norsca_specific_additive"", ""CAI_TMS_TASK_GENERATOR_ATTACK_ENEMY_PORT_SETTLEMENTS"", null]",,"{""generator"": ""CAI_TMS_TASK_GENERATOR_ATTACK_ENEMY_PORT_SETTLEMENTS"", ""group"": ""wh3_combi_tms_generator_group_norsca_specific_additive"", ""priority"": 5, ""variable_group"": null}",null
cai_task_management_system_task_generator_groups_generators_junctions_tables,deepwar,OVERRIDE_SAME_AS_VANILLA,"[""wh3_combi_tms_generator_group_norsca_specific_additive"", ""CAI_TMS_TASK_GENERATOR_RAID_SETTLEMENTS_NEAR_OUR_FORCES"", null]",,"{""generator"": ""CAI_TMS_TASK_GENERATOR_RAID_SETTLEMENTS_NEAR_OUR_FORCES"", ""group"": ""wh3_combi_tms_generator_group_norsca_specific_additive"", ""priority"": 2, ""variable_group"": null}",null
cai_task_management_system_task_generator_groups_generators_junctions_tables,deepwar,OVERRIDE_SAME_AS_VANILLA,"[""wh3_combi_tms_generator_group_norsca_specific_additive"", ""CAI_TMS_TASK_GENERATOR_RAID_UNSTABLE_REGIONS"", null]",,"{""generator"": ""CAI_TMS_TASK_GENERATOR_RAID_UNSTABLE_REGIONS"", ""group"": ""wh3_combi_tms_generator_group_norsca_specific_additive"", ""priority"": 1, ""variable_group"": null}",null
cai_task_management_system_task_generator_groups_generators_junctions_tables,deepwar,OVERRIDE_SAME_AS_VANILLA,"[""wh3_combi_tms_generator_group_norsca_vassal_additive"", ""CAI_TMS_GDS_TASK_GENERATOR_ATTACK_DARK_FORTRESS"", null]",,"{""generator"": ""CAI_TMS_GDS_TASK_GENERATOR_ATTACK_DARK_FORTRESS"", ""group"": ""wh3_combi_tms_generator_group_norsca_vassal_additive"", ""priority"": -2, ""variable_group"": null}",null
cai_task_management_system_task_generator_groups_generators_junctions_tables,deepwar,OVERRIDE_CHANGED,"[""wh3_combi_tms_generator_group_norsca_vassal_additive"", ""CAI_TMS_GDS_TASK_GENERATOR_COLONISE_ABANDONED_SETTLEMENTS_NEAR_OUR_FORCES"", null]",priority,"{""generator"": ""CAI_TMS_GDS_TASK_GENERATOR_COLONISE_ABANDONED_SETTLEMENTS_NEAR_OUR_FORCES"", ""group"": ""wh3_combi_tms_generator_group_norsca_vassal_additive"", ""priority"": 6, ""variable_group"": null}","{""generator"": ""CAI_TMS_GDS_TASK_GENERATOR_COLONISE_ABANDONED_SETTLEMENTS_NEAR_OUR_FORCES"", ""group"": ""wh3_combi_tms_generator_group_norsca_vassal_additive"", ""priority"": 2, ""variable_group"": null}"
cai_task_management_system_task_generator_groups_generators_junctions_tables,deepwar,OVERRIDE_SAME_AS_VANILLA,"[""wh3_combi_tms_generator_group_norsca_vassal_additive"", ""CAI_TMS_TASK_GENERATOR_ACTIVELY_DEFEND_RECENTLY_CAPTURED_ALLIED_HUMAN_TERRITORY"", null]",,"{""generator"": ""CAI_TMS_TASK_GENERATOR_ACTIVELY_DEFEND_RECENTLY_CAPTURED_ALLIED_HUMAN_TERRITORY"", ""group"": ""wh3_combi_tms_generator_group_norsca_vassal_additive"", ""priority"": 4, ""variable_group"": null}",null
cai_task_management_system_task_generator_groups_generators_junctions_tables,deepwar,OVERRIDE_SAME_AS_VANILLA,"[""wh3_combi_tms_generator_group_norsca_vassal_additive"", ""CAI_TMS_TASK_GENERATOR_ATTACK_ALL_ENEMY_FORCES"", null]",,"{""generator"": ""CAI_TMS_TASK_GENERATOR_ATTACK_ALL_ENEMY_FORCES"", ""group"": ""wh3_combi_tms_generator_group_norsca_vassal_additive"", ""priority"": -2, ""variable_group"": null}",null
cai_task_management_system_task_generator_groups_generators_junctions_tables,deepwar,OVERRIDE_SAME_AS_VANILLA,"[""wh3_combi_tms_generator_group_norsca_vassal_additive"", ""CAI_TMS_TASK_GENERATOR_ATTACK_ALL_ENEMY_MAIN_THREAT_FORCES"", null]",,"{""generator"": ""CAI_TMS_TASK_GENERATOR_ATTACK_ALL_ENEMY_MAIN_THREAT_FORCES"", ""group"": ""wh3_combi_tms_generator_group_norsca_vassal_additive"", ""priority"": -3, ""variable_group"": null}",null
cai_task_management_system_task_generator_groups_generators_junctions_tables,deepwar,OVERRIDE_SAME_AS_VANILLA,"[""wh3_combi_tms_generator_group_norsca_vassal_additive"", ""CAI_TMS_TASK_GENERATOR_ATTACK_ALL_ENEMY_MAIN_THREAT_SETTLEMENTS"", null]",,"{""generator"": ""CAI_TMS_TASK_GENERATOR_ATTACK_ALL_ENEMY_MAIN_THREAT_SETTLEMENTS"", ""group"": ""wh3_combi_tms_generator_group_norsca_vassal_additive"", ""priority"": -2, ""variable_group"": null}",null
cai_task_management_system_task_generator_groups_generators_junctions_tables,deepwar,OVERRIDE_SAME_AS_VANILLA,"[""wh3_combi_tms_generator_group_norsca_vassal_additive"", ""CAI_TMS_TASK_GENERATOR_ATTACK_ALL_ENEMY_SETTLEMENTS"", null]",,"{""generator"": ""CAI_TMS_TASK_GENERATOR_ATTACK_ALL_ENEMY_SETTLEMENTS"", ""group"": ""wh3_combi_tms_generator_group_norsca_vassal_additive"", ""priority"": -1, ""variable_group"": null}",null
cai_task_management_system_task_generator_groups_generators_junctions_tables,deepwar,OVERRIDE_SAME_AS_VANILLA,"[""wh3_combi_tms_generator_group_norsca_vassal_additive"", ""CAI_TMS_TASK_GENERATOR_ATTACK_ALL_ENEMY_SETTLEMENTS_IF_HAVENT_EXPANDED_RECENTLY"", null]",,"{""generator"": ""CAI_TMS_TASK_GENERATOR_ATTACK_ALL_ENEMY_SETTLEMENTS_IF_HAVENT_EXPANDED_RECENTLY"", ""group"": ""wh3_combi_tms_generator_group_norsca_vassal_additive"", ""priority"": -2, ""variable_group"": null}",null
cai_task_management_system_task_generator_groups_generators_junctions_tables,deepwar,OVERRIDE_SAME_AS_VANILLA,"[""wh3_combi_tms_generator_group_norsca_vassal_additive"", ""CAI_TMS_TASK_GENERATOR_ATTACK_ALL_LOCAL_FORCES_SIZE_SCALED"", null]",,"{""generator"": ""CAI_TMS_TASK_GENERATOR_ATTACK_ALL_LOCAL_FORCES_SIZE_SCALED"", ""group"": ""wh3_combi_tms_generator_group_norsca_vassal_additive"", ""priority"": 1, ""variable_group"": null}",null
cai_task_management_system_task_generator_groups_generators_junctions_tables,deepwar,OVERRIDE_SAME_AS_VANILLA,"[""wh3_combi_tms_generator_group_norsca_vassal_additive"", ""CAI_TMS_TASK_GENERATOR_ATTACK_ENEMY_PORT_SETTLEMENTS"", null]",,"{""generator"": ""CAI_TMS_TASK_GENERATOR_ATTACK_ENEMY_PORT_SETTLEMENTS"", ""group"": ""wh3_combi_tms_generator_group_norsca_vassal_additive"", ""priority"": -2, ""variable_group"": null}",null
cai_task_management_system_task_generator_groups_generators_junctions_tables,deepwar,OVERRIDE_CHANGED,"[""wh3_combi_tms_generator_group_norsca_vassal_additive"", ""CAI_TMS_TASK_GENERATOR_ATTACK_ENEMY_SETTLEMENTS_LOCAL_TO_OUR_FORCES_THAT_ARE_BESIEGED_BY_OUR_ALLIES"", null]",priority,"{""generator"": ""CAI_TMS_TASK_GENERATOR_ATTACK_ENEMY_SETTLEMENTS_LOCAL_TO_OUR_FORCES_THAT_ARE_BESIEGED_BY_OUR_ALLIES"", ""group"": ""wh3_combi_tms_generator_group_norsca_vassal_additive"", ""priority"": 2, ""variable_group"": null}","{""generator"": ""CAI_TMS_TASK_GENERATOR_ATTACK_ENEMY_SETTLEMENTS_LOCAL_TO_OUR_FORCES_THAT_ARE_BESIEGED_BY_OUR_ALLIES"", ""group"": ""wh3_combi_tms_generator_group_norsca_vassal_additive"", ""priority"": 5, ""variable_group"": null}"
cai_task_management_system_task_generator_groups_generators_junctions_tables,deepwar,OVERRIDE_SAME_AS_VANILLA,"[""wh3_combi_tms_generator_group_norsca_vassal_additive"", ""CAI_TMS_TASK_GENERATOR_ATTACK_NEIGHBOURING_WAR_REGIONS"", null]",,"{""generator"": ""CAI_TMS_TASK_GENERATOR_ATTACK_NEIGHBOURING_WAR_REGIONS"", ""group"": ""wh3_combi_tms_generator_group_norsca_vassal_additive"", ""priority"": 1, ""variable_group"": null}",null
cai_task_management_system_task_generator_groups_generators_junctions_tables,deepwar,OVERRIDE_CHANGED,"[""wh3_combi_tms_generator_group_norsca_vassal_additive"", ""CAI_TMS_TASK_GENERATOR_ATTACK_REGIONS_NEIGHBOURNIG_OWN_REGIONS_ABANDONED"", null]",priority,"{""generator"": ""CAI_TMS_TASK_GENERATOR_ATTACK_REGIONS_NEIGHBOURNIG_OWN_REGIONS_ABANDONED"", ""group"": ""wh3_combi_tms_generator_group_norsca_vassal_additive"", ""priority"": 8, ""variable_group"": null}","{""generator"": ""CAI_TMS_TASK_GENERATOR_ATTACK_REGIONS_NEIGHBOURNIG_OWN_REGIONS_ABANDONED"", ""group"": ""wh3_combi_tms_generator_group_norsca_vassal_additive"", ""priority"": 3, ""variable_group"": null}"
cai_task_management_system_task_generator_groups_generators_junctions_tables,deepwar,OVERRIDE_SAME_AS_VANILLA,"[""wh3_combi_tms_generator_group_norsca_vassal_additive"", ""CAI_TMS_TASK_GENERATOR_ATTACK_UNSUITABLE_CLIMATE_REGIONS"", null]",,"{""generator"": ""CAI_TMS_TASK_GENERATOR_ATTACK_UNSUITABLE_CLIMATE_REGIONS"", ""group"": ""wh3_combi_tms_generator_group_norsca_vassal_additive"", ""priority"": 1, ""variable_group"": null}",null
cai_task_management_system_task_generator_groups_generators_junctions_tables,deepwar,OVERRIDE_SAME_AS_VANILLA,"[""wh3_combi_tms_generator_group_norsca_vassal_additive"", ""CAI_TMS_TASK_GENERATOR_COMPLETE_PROVINCE"", null]",,"{""generator"": ""CAI_TMS_TASK_GENERATOR_COMPLETE_PROVINCE"", ""group"": ""wh3_combi_tms_generator_group_norsca_vassal_additive"", ""priority"": 1, ""variable_group"": null}",null
cai_task_management_system_task_generator_groups_generators_junctions_tables,deepwar,OVERRIDE_SAME_AS_VANILLA,"[""wh3_combi_tms_generator_group_norsca_vassal_additive"", ""CAI_TMS_TASK_GENERATOR_RECAPTURE_RECENTLY_LOST_TERRITORY"", null]",,"{""generator"": ""CAI_TMS_TASK_GENERATOR_RECAPTURE_RECENTLY_LOST_TERRITORY"", ""group"": ""wh3_combi_tms_generator_group_norsca_vassal_additive"", ""priority"": 2, ""variable_group"": null}",null
cai_task_management_system_task_generator_groups_generators_junctions_tables,deepwar,OVERRIDE_SAME_AS_VANILLA,"[""wh3_combi_tms_generator_group_norsca_vassal_additive"", ""CAI_TMS_TASK_GENERATOR_WAR_COORDINATION_ATTACK_FORCES"", null]",,"{""generator"": ""CAI_TMS_TASK_GENERATOR_WAR_COORDINATION_ATTACK_FORCES"", ""group"": ""wh3_combi_tms_generator_group_norsca_vassal_additive"", ""priority"": 4, ""variable_group"": null}",null
cai_task_management_system_task_generator_groups_generators_junctions_tables,deepwar,OVERRIDE_SAME_AS_VANILLA,"[""wh3_combi_tms_generator_group_norsca_vassal_additive"", ""CAI_TMS_TASK_GENERATOR_WAR_COORDINATION_ATTACK_REGIONS"", null]",,"{""generator"": ""CAI_TMS_TASK_GENERATOR_WAR_COORDINATION_ATTACK_REGIONS"", ""group"": ""wh3_combi_tms_generator_group_norsca_vassal_additive"", ""priority"": 4, ""variable_group"": null}",null
cai_task_management_system_task_generator_groups_generators_junctions_tables,deepwar,OVERRIDE_SAME_AS_VANILLA,"[""wh3_combi_tms_generator_group_norsca_vassal_additive"", ""CAI_TMS_TASK_GENERATOR_WAR_COORDINATION_DEFEND_FORCES"", null]",,"{""generator"": ""CAI_TMS_TASK_GENERATOR_WAR_COORDINATION_DEFEND_FORCES"", ""group"": ""wh3_combi_tms_generator_group_norsca_vassal_additive"", ""priority"": 4, ""variable_group"": null}",null
cai_task_management_system_task_generator_groups_generators_junctions_tables,deepwar,OVERRIDE_SAME_AS_VANILLA,"[""wh3_combi_tms_generator_group_norsca_vassal_additive"", ""CAI_TMS_TASK_GENERATOR_WAR_COORDINATION_DEFEND_REGIONS"", null]",,"{""generator"": ""CAI_TMS_TASK_GENERATOR_WAR_COORDINATION_DEFEND_REGIONS"", ""group"": ""wh3_combi_tms_generator_group_norsca_vassal_additive"", ""priority"": 4, ""variable_group"": null}",null
cai_task_management_system_task_generator_groups_generators_junctions_tables,deepwar,OVERRIDE_SAME_AS_VANILLA,"[""wh3_combi_tms_generator_group_nurgle_specific_additive"", ""CAI_TMS_GDS_TASK_GENERATOR_AGENT_TARGET_ARMY_SPREAD_PLAGUE_BUBOES"", null]",,"{""generator"": ""CAI_TMS_GDS_TASK_GENERATOR_AGENT_TARGET_ARMY_SPREAD_PLAGUE_BUBOES"", ""group"": ""wh3_combi_tms_generator_group_nurgle_specific_additive"", ""priority"": 20, ""variable_group"": null}",null
cai_task_management_system_task_generator_groups_generators_junctions_tables,deepwar,OVERRIDE_SAME_AS_VANILLA,"[""wh3_combi_tms_generator_group_nurgle_specific_additive"", ""CAI_TMS_GDS_TASK_GENERATOR_AGENT_TARGET_ARMY_SPREAD_PLAGUE_ROT"", null]",,"{""generator"": ""CAI_TMS_GDS_TASK_GENERATOR_AGENT_TARGET_ARMY_SPREAD_PLAGUE_ROT"", ""group"": ""wh3_combi_tms_generator_group_nurgle_specific_additive"", ""priority"": 20, ""variable_group"": null}",null
cai_task_management_system_task_generator_groups_generators_junctions_tables,deepwar,OVERRIDE_SAME_AS_VANILLA,"[""wh3_combi_tms_generator_group_nurgle_specific_additive"", ""CAI_TMS_GDS_TASK_GENERATOR_AGENT_TARGET_SETTLEMENT_SPREAD_PLAGUE_ROT"", null]",,"{""generator"": ""CAI_TMS_GDS_TASK_GENERATOR_AGENT_TARGET_SETTLEMENT_SPREAD_PLAGUE_ROT"", ""group"": ""wh3_combi_tms_generator_group_nurgle_specific_additive"", ""priority"": 100, ""variable_group"": null}",null
cai_task_management_system_task_generator_groups_generators_junctions_tables,deepwar,OVERRIDE_SAME_AS_VANILLA,"[""wh3_combi_tms_generator_group_nurgle_specific_additive"", ""CAI_TMS_TASK_GENERATOR_WITHDRAW_LOW_WINDS_OF_MAGIC_ARMIES_TO_REGION"", null]",,"{""generator"": ""CAI_TMS_TASK_GENERATOR_WITHDRAW_LOW_WINDS_OF_MAGIC_ARMIES_TO_REGION"", ""group"": ""wh3_combi_tms_generator_group_nurgle_specific_additive"", ""priority"": 5, ""variable_group"": null}",null
cai_task_management_system_task_generator_groups_generators_junctions_tables,deepwar,OVERRIDE_CHANGED,"[""wh3_combi_tms_generator_group_opportunistic_additive"", ""CAI_TMS_TASK_GENERATOR_ATTACK_ALL_ENEMY_FORCES"", null]",priority,"{""generator"": ""CAI_TMS_TASK_GENERATOR_ATTACK_ALL_ENEMY_FORCES"", ""group"": ""wh3_combi_tms_generator_group_opportunistic_additive"", ""priority"": -2, ""variable_group"": null}","{""generator"": ""CAI_TMS_TASK_GENERATOR_ATTACK_ALL_ENEMY_FORCES"", ""group"": ""wh3_combi_tms_generator_group_opportunistic_additive"", ""priority"": 1, ""variable_group"": null}"
cai_task_management_system_task_generator_groups_generators_junctions_tables,deepwar,OVERRIDE_CHANGED,"[""wh3_combi_tms_generator_group_opportunistic_additive"", ""CAI_TMS_TASK_GENERATOR_ATTACK_ALL_ENEMY_SETTLEMENTS"", null]",priority,"{""generator"": ""CAI_TMS_TASK_GENERATOR_ATTACK_ALL_ENEMY_SETTLEMENTS"", ""group"": ""wh3_combi_tms_generator_group_opportunistic_additive"", ""priority"": -2, ""variable_group"": null}","{""generator"": ""CAI_TMS_TASK_GENERATOR_ATTACK_ALL_ENEMY_SETTLEMENTS"", ""group"": ""wh3_combi_tms_generator_group_opportunistic_additive"", ""priority"": 1, ""variable_group"": null}"
cai_task_management_system_task_generator_groups_generators_junctions_tables,deepwar,OVERRIDE_SAME_AS_VANILLA,"[""wh3_combi_tms_generator_group_opportunistic_additive"", ""CAI_TMS_TASK_GENERATOR_ATTACK_UNDEFENDED_ENEMY_SETTLEMENTS"", null]",,"{""generator"": ""CAI_TMS_TASK_GENERATOR_ATTACK_UNDEFENDED_ENEMY_SETTLEMENTS"", ""group"": ""wh3_combi_tms_generator_group_opportunistic_additive"", ""priority"": 5, ""variable_group"": null}",null
cai_task_management_system_task_generator_groups_generators_junctions_tables,deepwar,OVERRIDE_SAME_AS_VANILLA,"[""wh3_combi_tms_generator_group_passive"", ""CAI_TMS_GDS_TASK_GENERATOR_DEFEND_OWN_REGIONS"", null]",,"{""generator"": ""CAI_TMS_GDS_TASK_GENERATOR_DEFEND_OWN_REGIONS"", ""group"": ""wh3_combi_tms_generator_group_passive"", ""priority"": 1, ""variable_group"": null}",null
cai_task_management_system_task_generator_groups_generators_junctions_tables,deepwar,OVERRIDE_SAME_AS_VANILLA,"[""wh3_combi_tms_generator_group_passive"", ""CAI_TMS_GDS_TASK_GENERATOR_DEFEND_REGIONS_NEIGHBOURING_ENEMY"", null]",,"{""generator"": ""CAI_TMS_GDS_TASK_GENERATOR_DEFEND_REGIONS_NEIGHBOURING_ENEMY"", ""group"": ""wh3_combi_tms_generator_group_passive"", ""priority"": 1, ""variable_group"": null}",null
cai_task_management_system_task_generator_groups_generators_junctions_tables,deepwar,OVERRIDE_SAME_AS_VANILLA,"[""wh3_combi_tms_generator_group_passive"", ""CAI_TMS_GDS_TASK_GENERATOR_WITHDRAW_TO_CAPITOL_WHEN_TRESPASS_WARNED"", null]",,"{""generator"": ""CAI_TMS_GDS_TASK_GENERATOR_WITHDRAW_TO_CAPITOL_WHEN_TRESPASS_WARNED"", ""group"": ""wh3_combi_tms_generator_group_passive"", ""priority"": 15, ""variable_group"": null}",null
cai_task_management_system_task_generator_groups_generators_junctions_tables,deepwar,OVERRIDE_SAME_AS_VANILLA,"[""wh3_combi_tms_generator_group_passive"", ""CAI_TMS_TASK_GENERATOR_ACTIVELY_DEFEND_CAPITAL"", null]",,"{""generator"": ""CAI_TMS_TASK_GENERATOR_ACTIVELY_DEFEND_CAPITAL"", ""group"": ""wh3_combi_tms_generator_group_passive"", ""priority"": 0.80000001, ""variable_group"": null}",null
cai_task_management_system_task_generator_groups_generators_junctions_tables,deepwar,OVERRIDE_SAME_AS_VANILLA,"[""wh3_combi_tms_generator_group_passive"", ""CAI_TMS_TASK_GENERATOR_ACTIVELY_DEFEND_RECENTLY_CAPTURED_ALLIED_HUMAN_TERRITORY"", null]",,"{""generator"": ""CAI_TMS_TASK_GENERATOR_ACTIVELY_DEFEND_RECENTLY_CAPTURED_ALLIED_HUMAN_TERRITORY"", ""group"": ""wh3_combi_tms_generator_group_passive"", ""priority"": 4, ""variable_group"": null}",null
cai_task_management_system_task_generator_groups_generators_junctions_tables,deepwar,OVERRIDE_SAME_AS_VANILLA,"[""wh3_combi_tms_generator_group_passive"", ""CAI_TMS_TASK_GENERATOR_ACTIVELY_DEFEND_REGIONS_NEIGHBOURING_ENEMY_MAIN_THREAT"", null]",,"{""generator"": ""CAI_TMS_TASK_GENERATOR_ACTIVELY_DEFEND_REGIONS_NEIGHBOURING_ENEMY_MAIN_THREAT"", ""group"": ""wh3_combi_tms_generator_group_passive"", ""priority"": 1, ""variable_group"": null}",null
cai_task_management_system_task_generator_groups_generators_junctions_tables,deepwar,OVERRIDE_SAME_AS_VANILLA,"[""wh3_combi_tms_generator_group_passive"", ""CAI_TMS_TASK_GENERATOR_ACTIVELY_DEFEND_REGIONS_NEIGHBOURING_MAIN_THREAT"", null]",,"{""generator"": ""CAI_TMS_TASK_GENERATOR_ACTIVELY_DEFEND_REGIONS_NEIGHBOURING_MAIN_THREAT"", ""group"": ""wh3_combi_tms_generator_group_passive"", ""priority"": 1, ""variable_group"": null}",null
cai_task_management_system_task_generator_groups_generators_junctions_tables,deepwar,OVERRIDE_SAME_AS_VANILLA,"[""wh3_combi_tms_generator_group_passive"", ""CAI_TMS_TASK_GENERATOR_ATTACK_ALL_ENEMY_FORCES"", null]",,"{""generator"": ""CAI_TMS_TASK_GENERATOR_ATTACK_ALL_ENEMY_FORCES"", ""group"": ""wh3_combi_tms_generator_group_passive"", ""priority"": 1, ""variable_group"": null}",null
cai_task_management_system_task_generator_groups_generators_junctions_tables,deepwar,OVERRIDE_CHANGED,"[""wh3_combi_tms_generator_group_passive"", ""CAI_TMS_TASK_GENERATOR_ATTACK_ALL_ENEMY_HUMAN_FORCES_NEAR_RECENTLY_LOST_ALLIED_REGION"", null]",priority,"{""generator"": ""CAI_TMS_TASK_GENERATOR_ATTACK_ALL_ENEMY_HUMAN_FORCES_NEAR_RECENTLY_LOST_ALLIED_REGION"", ""group"": ""wh3_combi_tms_generator_group_passive"", ""priority"": 0.40000001, ""variable_group"": null}","{""generator"": ""CAI_TMS_TASK_GENERATOR_ATTACK_ALL_ENEMY_HUMAN_FORCES_NEAR_RECENTLY_LOST_ALLIED_REGION"", ""group"": ""wh3_combi_tms_generator_group_passive"", ""priority"": 1.39999998, ""variable_group"": null}"
cai_task_management_system_task_generator_groups_generators_junctions_tables,deepwar,OVERRIDE_SAME_AS_VANILLA,"[""wh3_combi_tms_generator_group_passive"", ""CAI_TMS_TASK_GENERATOR_ATTACK_ALL_ENEMY_MAIN_THREAT_FORCES"", null]",,"{""generator"": ""CAI_TMS_TASK_GENERATOR_ATTACK_ALL_ENEMY_MAIN_THREAT_FORCES"", ""group"": ""wh3_combi_tms_generator_group_passive"", ""priority"": 1, ""variable_group"": null}",null
cai_task_management_system_task_generator_groups_generators_junctions_tables,deepwar,OVERRIDE_CHANGED,"[""wh3_combi_tms_generator_group_passive"", ""CAI_TMS_TASK_GENERATOR_ATTACK_ALL_ENEMY_SETTLEMENTS_IF_HAVENT_EXPANDED_RECENTLY"", ""timed_priority_boost_quick""]",priority,"{""generator"": ""CAI_TMS_TASK_GENERATOR_ATTACK_ALL_ENEMY_SETTLEMENTS_IF_HAVENT_EXPANDED_RECENTLY"", ""group"": ""wh3_combi_tms_generator_group_passive"", ""priority"": 3, ""variable_group"": ""timed_priority_boost_quick""}","{""generator"": ""CAI_TMS_TASK_GENERATOR_ATTACK_ALL_ENEMY_SETTLEMENTS_IF_HAVENT_EXPANDED_RECENTLY"", ""group"": ""wh3_combi_tms_generator_group_passive"", ""priority"": 4, ""variable_group"": ""timed_priority_boost_quick""}"
cai_task_management_system_task_generator_groups_generators_junctions_tables,deepwar,OVERRIDE_SAME_AS_VANILLA,"[""wh3_combi_tms_generator_group_passive"", ""CAI_TMS_TASK_GENERATOR_ATTACK_ALL_LOCAL_AGENTS_LEVEL_SCALED"", null]",,"{""generator"": ""CAI_TMS_TASK_GENERATOR_ATTACK_ALL_LOCAL_AGENTS_LEVEL_SCALED"", ""group"": ""wh3_combi_tms_generator_group_passive"", ""priority"": 1, ""variable_group"": null}",null
cai_task_management_system_task_generator_groups_generators_junctions_tables,deepwar,OVERRIDE_SAME_AS_VANILLA,"[""wh3_combi_tms_generator_group_passive"", ""CAI_TMS_TASK_GENERATOR_ATTACK_ALL_LOCAL_FORCES_SIZE_SCALED"", null]",,"{""generator"": ""CAI_TMS_TASK_GENERATOR_ATTACK_ALL_LOCAL_FORCES_SIZE_SCALED"", ""group"": ""wh3_combi_tms_generator_group_passive"", ""priority"": 1, ""variable_group"": null}",null
cai_task_management_system_task_generator_groups_generators_junctions_tables,deepwar,OVERRIDE_SAME_AS_VANILLA,"[""wh3_combi_tms_generator_group_passive"", ""CAI_TMS_TASK_GENERATOR_ATTACK_NEIGHBOURING_WAR_REGIONS"", null]",,"{""generator"": ""CAI_TMS_TASK_GENERATOR_ATTACK_NEIGHBOURING_WAR_REGIONS"", ""group"": ""wh3_combi_tms_generator_group_passive"", ""priority"": 1, ""variable_group"": null}",null
cai_task_management_system_task_generator_groups_generators_junctions_tables,deepwar,OVERRIDE_SAME_AS_VANILLA,"[""wh3_combi_tms_generator_group_passive"", ""CAI_TMS_TASK_GENERATOR_ATTACK_TAGGING_FACTION_AGENTS_WITH_TAGGED_AGENTS"", null]",,"{""generator"": ""CAI_TMS_TASK_GENERATOR_ATTACK_TAGGING_FACTION_AGENTS_WITH_TAGGED_AGENTS"", ""group"": ""wh3_combi_tms_generator_group_passive"", ""priority"": 1, ""variable_group"": null}",null
cai_task_management_system_task_generator_groups_generators_junctions_tables,deepwar,OVERRIDE_SAME_AS_VANILLA,"[""wh3_combi_tms_generator_group_passive"", ""CAI_TMS_TASK_GENERATOR_ATTACK_TAGGING_FACTION_FORCES_WITH_TAGGED_FORCES"", null]",,"{""generator"": ""CAI_TMS_TASK_GENERATOR_ATTACK_TAGGING_FACTION_FORCES_WITH_TAGGED_FORCES"", ""group"": ""wh3_combi_tms_generator_group_passive"", ""priority"": 1, ""variable_group"": null}",null
cai_task_management_system_task_generator_groups_generators_junctions_tables,deepwar,OVERRIDE_SAME_AS_VANILLA,"[""wh3_combi_tms_generator_group_passive"", ""CAI_TMS_TASK_GENERATOR_COMPLETE_PROVINCE"", null]",,"{""generator"": ""CAI_TMS_TASK_GENERATOR_COMPLETE_PROVINCE"", ""group"": ""wh3_combi_tms_generator_group_passive"", ""priority"": 1, ""variable_group"": null}",null
cai_task_management_system_task_generator_groups_generators_junctions_tables,deepwar,OVERRIDE_SAME_AS_VANILLA,"[""wh3_combi_tms_generator_group_passive"", ""CAI_TMS_TASK_GENERATOR_DEFEND_OWNED_REGIONS"", null]",,"{""generator"": ""CAI_TMS_TASK_GENERATOR_DEFEND_OWNED_REGIONS"", ""group"": ""wh3_combi_tms_generator_group_passive"", ""priority"": 1, ""variable_group"": null}",null
cai_task_management_system_task_generator_groups_generators_junctions_tables,deepwar,OVERRIDE_SAME_AS_VANILLA,"[""wh3_combi_tms_generator_group_passive"", ""CAI_TMS_TASK_GENERATOR_SALLY_OUT_BEFORE_SETTLEMENT_LOSS"", null]",,"{""generator"": ""CAI_TMS_TASK_GENERATOR_SALLY_OUT_BEFORE_SETTLEMENT_LOSS"", ""group"": ""wh3_combi_tms_generator_group_passive"", ""priority"": 1, ""variable_group"": null}",null
cai_task_management_system_task_generator_groups_generators_junctions_tables,deepwar,OVERRIDE_SAME_AS_VANILLA,"[""wh3_combi_tms_generator_group_passive"", ""CAI_TMS_TASK_GENERATOR_WAR_COORDINATION_ATTACK_FORCES"", null]",,"{""generator"": ""CAI_TMS_TASK_GENERATOR_WAR_COORDINATION_ATTACK_FORCES"", ""group"": ""wh3_combi_tms_generator_group_passive"", ""priority"": 10, ""variable_group"": null}",null
cai_task_management_system_task_generator_groups_generators_junctions_tables,deepwar,OVERRIDE_SAME_AS_VANILLA,"[""wh3_combi_tms_generator_group_passive"", ""CAI_TMS_TASK_GENERATOR_WAR_COORDINATION_ATTACK_REGIONS"", null]",,"{""generator"": ""CAI_TMS_TASK_GENERATOR_WAR_COORDINATION_ATTACK_REGIONS"", ""group"": ""wh3_combi_tms_generator_group_passive"", ""priority"": 10, ""variable_group"": null}",null
cai_task_management_system_task_generator_groups_generators_junctions_tables,deepwar,OVERRIDE_SAME_AS_VANILLA,"[""wh3_combi_tms_generator_group_passive"", ""CAI_TMS_TASK_GENERATOR_WAR_COORDINATION_DEFEND_FORCES"", null]",,"{""generator"": ""CAI_TMS_TASK_GENERATOR_WAR_COORDINATION_DEFEND_FORCES"", ""group"": ""wh3_combi_tms_generator_group_passive"", ""priority"": 10, ""variable_group"": null}",null
cai_task_management_system_task_generator_groups_generators_junctions_tables,deepwar,OVERRIDE_SAME_AS_VANILLA,"[""wh3_combi_tms_generator_group_passive"", ""CAI_TMS_TASK_GENERATOR_WAR_COORDINATION_DEFEND_REGIONS"", null]",,"{""generator"": ""CAI_TMS_TASK_GENERATOR_WAR_COORDINATION_DEFEND_REGIONS"", ""group"": ""wh3_combi_tms_generator_group_passive"", ""priority"": 10, ""variable_group"": null}",null
cai_task_management_system_task_generator_groups_generators_junctions_tables,deepwar,OVERRIDE_SAME_AS_VANILLA,"[""wh3_combi_tms_generator_group_protective_additive"", ""CAI_TMS_TASK_GENERATOR_ACTIVELY_DEFEND_RECENTLY_CAPTURED_TERRITORY"", ""time_horizon_6""]",,"{""generator"": ""CAI_TMS_TASK_GENERATOR_ACTIVELY_DEFEND_RECENTLY_CAPTURED_TERRITORY"", ""group"": ""wh3_combi_tms_generator_group_protective_additive"", ""priority"": 2, ""variable_group"": ""time_horizon_6""}",null
cai_task_management_system_task_generator_groups_generators_junctions_tables,deepwar,OVERRIDE_SAME_AS_VANILLA,"[""wh3_combi_tms_generator_group_protective_additive"", ""CAI_TMS_TASK_GENERATOR_ATTACK_ALL_ENEMY_FORCES"", null]",,"{""generator"": ""CAI_TMS_TASK_GENERATOR_ATTACK_ALL_ENEMY_FORCES"", ""group"": ""wh3_combi_tms_generator_group_protective_additive"", ""priority"": -2, ""variable_group"": null}",null
cai_task_management_system_task_generator_groups_generators_junctions_tables,deepwar,OVERRIDE_SAME_AS_VANILLA,"[""wh3_combi_tms_generator_group_protective_additive"", ""CAI_TMS_TASK_GENERATOR_ATTACK_ALL_ENEMY_FORCES_NEAR_RECENTLY_LOST_REGIONS"", null]",,"{""generator"": ""CAI_TMS_TASK_GENERATOR_ATTACK_ALL_ENEMY_FORCES_NEAR_RECENTLY_LOST_REGIONS"", ""group"": ""wh3_combi_tms_generator_group_protective_additive"", ""priority"": 3, ""variable_group"": null}",null
cai_task_management_system_task_generator_groups_generators_junctions_tables,deepwar,OVERRIDE_SAME_AS_VANILLA,"[""wh3_combi_tms_generator_group_protective_additive"", ""CAI_TMS_TASK_GENERATOR_DEFEND_OWNED_REGIONS"", null]",,"{""generator"": ""CAI_TMS_TASK_GENERATOR_DEFEND_OWNED_REGIONS"", ""group"": ""wh3_combi_tms_generator_group_protective_additive"", ""priority"": 3, ""variable_group"": null}",null
cai_task_management_system_task_generator_groups_generators_junctions_tables,deepwar,OVERRIDE_SAME_AS_VANILLA,"[""wh3_combi_tms_generator_group_purifier_additive"", ""CAI_TMS_GDS_TASK_GENERATOR_ATTACK_NEARBY_ENEMY_CORRUPTED_REGIONS"", null]",,"{""generator"": ""CAI_TMS_GDS_TASK_GENERATOR_ATTACK_NEARBY_ENEMY_CORRUPTED_REGIONS"", ""group"": ""wh3_combi_tms_generator_group_purifier_additive"", ""priority"": 3, ""variable_group"": null}",null
cai_task_management_system_task_generator_groups_generators_junctions_tables,deepwar,OVERRIDE_SAME_AS_VANILLA,"[""wh3_combi_tms_generator_group_raider_additive"", ""CAI_TMS_GDS_TASK_GENERATOR_RAID_ANY_SETTLEMENT_NEAR_OUR_FORCES"", null]",,"{""generator"": ""CAI_TMS_GDS_TASK_GENERATOR_RAID_ANY_SETTLEMENT_NEAR_OUR_FORCES"", ""group"": ""wh3_combi_tms_generator_group_raider_additive"", ""priority"": 1, ""variable_group"": null}",null
cai_task_management_system_task_generator_groups_generators_junctions_tables,deepwar,OVERRIDE_SAME_AS_VANILLA,"[""wh3_combi_tms_generator_group_raider_additive"", ""CAI_TMS_GDS_TASK_GENERATOR_RAID_DISLIKED_HIGH_PO_REGIONS_NEAR_OUR_ARMIES"", null]",,"{""generator"": ""CAI_TMS_GDS_TASK_GENERATOR_RAID_DISLIKED_HIGH_PO_REGIONS_NEAR_OUR_ARMIES"", ""group"": ""wh3_combi_tms_generator_group_raider_additive"", ""priority"": 2, ""variable_group"": null}",null
cai_task_management_system_task_generator_groups_generators_junctions_tables,deepwar,OVERRIDE_SAME_AS_VANILLA,"[""wh3_combi_tms_generator_group_raider_additive"", ""CAI_TMS_GDS_TASK_GENERATOR_RAID_DISLIKED_HIGH_PO_REGIONS_NEAR_OUR_SETTLEMENTS"", null]",,"{""generator"": ""CAI_TMS_GDS_TASK_GENERATOR_RAID_DISLIKED_HIGH_PO_REGIONS_NEAR_OUR_SETTLEMENTS"", ""group"": ""wh3_combi_tms_generator_group_raider_additive"", ""priority"": 3, ""variable_group"": null}",null
cai_task_management_system_task_generator_groups_generators_junctions_tables,deepwar,OVERRIDE_SAME_AS_VANILLA,"[""wh3_combi_tms_generator_group_raider_additive"", ""CAI_TMS_TASK_GENERATOR_RAID_SETTLEMENTS_NEAR_OUR_FORCES"", null]",,"{""generator"": ""CAI_TMS_TASK_GENERATOR_RAID_SETTLEMENTS_NEAR_OUR_FORCES"", ""group"": ""wh3_combi_tms_generator_group_raider_additive"", ""priority"": 2, ""variable_group"": null}",null
cai_task_management_system_task_generator_groups_generators_junctions_tables,deepwar,OVERRIDE_SAME_AS_VANILLA,"[""wh3_combi_tms_generator_group_raider_additive"", ""CAI_TMS_TASK_GENERATOR_RAID_UNSTABLE_REGIONS"", null]",,"{""generator"": ""CAI_TMS_TASK_GENERATOR_RAID_UNSTABLE_REGIONS"", ""group"": ""wh3_combi_tms_generator_group_raider_additive"", ""priority"": 2, ""variable_group"": null}",null
cai_task_management_system_task_generator_groups_generators_junctions_tables,deepwar,OVERRIDE_SAME_AS_VANILLA,"[""wh3_combi_tms_generator_group_raiderhorde_additive"", ""CAI_TMS_GDS_TASK_GENERATOR_RAID_DISLIKED_HIGH_PO_REGIONS_NEAR_OUR_ARMIES"", null]",,"{""generator"": ""CAI_TMS_GDS_TASK_GENERATOR_RAID_DISLIKED_HIGH_PO_REGIONS_NEAR_OUR_ARMIES"", ""group"": ""wh3_combi_tms_generator_group_raiderhorde_additive"", ""priority"": 10, ""variable_group"": null}",null
cai_task_management_system_task_generator_groups_generators_junctions_tables,deepwar,OVERRIDE_SAME_AS_VANILLA,"[""wh3_combi_tms_generator_group_sentinels"", ""CAI_TMS_TASK_GENERATOR_ACTIVELY_DEFEND_CAPITAL"", null]",,"{""generator"": ""CAI_TMS_TASK_GENERATOR_ACTIVELY_DEFEND_CAPITAL"", ""group"": ""wh3_combi_tms_generator_group_sentinels"", ""priority"": 0.80000001, ""variable_group"": null}",null
cai_task_management_system_task_generator_groups_generators_junctions_tables,deepwar,OVERRIDE_SAME_AS_VANILLA,"[""wh3_combi_tms_generator_group_sentinels"", ""CAI_TMS_TASK_GENERATOR_DEFEND_OWNED_REGIONS"", null]",,"{""generator"": ""CAI_TMS_TASK_GENERATOR_DEFEND_OWNED_REGIONS"", ""group"": ""wh3_combi_tms_generator_group_sentinels"", ""priority"": 1, ""variable_group"": null}",null
cai_task_management_system_task_generator_groups_generators_junctions_tables,deepwar,OVERRIDE_SAME_AS_VANILLA,"[""wh3_combi_tms_generator_group_sentinels"", ""CAI_TMS_TASK_GENERATOR_SALLY_OUT_BEFORE_SETTLEMENT_LOSS"", null]",,"{""generator"": ""CAI_TMS_TASK_GENERATOR_SALLY_OUT_BEFORE_SETTLEMENT_LOSS"", ""group"": ""wh3_combi_tms_generator_group_sentinels"", ""priority"": 5, ""variable_group"": null}",null
cai_task_management_system_task_generator_groups_generators_junctions_tables,deepwar,OVERRIDE_SAME_AS_VANILLA,"[""wh3_combi_tms_generator_group_skaven_specific_additive"", ""CAI_TMS_TASK_GENERATOR_ATTACK_SETTLEMENT_TO_SPREAD_PLAGUE"", null]",,"{""generator"": ""CAI_TMS_TASK_GENERATOR_ATTACK_SETTLEMENT_TO_SPREAD_PLAGUE"", ""group"": ""wh3_combi_tms_generator_group_skaven_specific_additive"", ""priority"": 100, ""variable_group"": null}",null
cai_task_management_system_task_generator_groups_generators_junctions_tables,deepwar,OVERRIDE_SAME_AS_VANILLA,"[""wh3_combi_tms_generator_group_skaven_specific_additive"", ""CAI_TMS_TASK_GENERATOR_ATTACK_UNDEFENDED_ENEMY_SETTLEMENTS"", null]",,"{""generator"": ""CAI_TMS_TASK_GENERATOR_ATTACK_UNDEFENDED_ENEMY_SETTLEMENTS"", ""group"": ""wh3_combi_tms_generator_group_skaven_specific_additive"", ""priority"": 5, ""variable_group"": null}",null
cai_task_management_system_task_generator_groups_generators_junctions_tables,deepwar,OVERRIDE_SAME_AS_VANILLA,"[""wh3_combi_tms_generator_group_slaanesh_nkari_specific_additive"", ""CAI_TMS_GDS_TASK_GENERATOR_RAID_DISLIKED_HIGH_PO_REGIONS_NEAR_OUR_SETTLEMENTS"", null]",,"{""generator"": ""CAI_TMS_GDS_TASK_GENERATOR_RAID_DISLIKED_HIGH_PO_REGIONS_NEAR_OUR_SETTLEMENTS"", ""group"": ""wh3_combi_tms_generator_group_slaanesh_nkari_specific_additive"", ""priority"": 3, ""variable_group"": null}",null
cai_task_management_system_task_generator_groups_generators_junctions_tables,deepwar,OVERRIDE_SAME_AS_VANILLA,"[""wh3_combi_tms_generator_group_slaanesh_specific_additive"", ""CAI_TMS_TASK_GENERATOR_WITHDRAW_LOW_WINDS_OF_MAGIC_ARMIES_TO_REGION"", null]",,"{""generator"": ""CAI_TMS_TASK_GENERATOR_WITHDRAW_LOW_WINDS_OF_MAGIC_ARMIES_TO_REGION"", ""group"": ""wh3_combi_tms_generator_group_slaanesh_specific_additive"", ""priority"": 5, ""variable_group"": null}",null
cai_task_management_system_task_generator_groups_generators_junctions_tables,deepwar,OVERRIDE_SAME_AS_VANILLA,"[""wh3_combi_tms_generator_group_tombking_specific_additive"", ""CAI_TMS_TASK_GENERATOR_ATTACK_UNSUITABLE_CLIMATE_REGIONS"", null]",,"{""generator"": ""CAI_TMS_TASK_GENERATOR_ATTACK_UNSUITABLE_CLIMATE_REGIONS"", ""group"": ""wh3_combi_tms_generator_group_tombking_specific_additive"", ""priority"": -3, ""variable_group"": null}",null
cai_task_management_system_task_generator_groups_generators_junctions_tables,deepwar,OVERRIDE_SAME_AS_VANILLA,"[""wh3_combi_tms_generator_group_tzeentch_changeling"", ""CAI_TMS_TASK_GENERATOR_ATTACK_OWN_FOREIGN_SLOT_REGIONS"", null]",,"{""generator"": ""CAI_TMS_TASK_GENERATOR_ATTACK_OWN_FOREIGN_SLOT_REGIONS"", ""group"": ""wh3_combi_tms_generator_group_tzeentch_changeling"", ""priority"": -100, ""variable_group"": null}",null
cai_task_management_system_task_generator_groups_generators_junctions_tables,deepwar,OVERRIDE_SAME_AS_VANILLA,"[""wh3_combi_tms_generator_group_tzeentch_specific_additive"", ""CAI_TMS_GDS_TASK_GENERATOR_DONT_RECOLONISE_GATE_RUINS"", null]",,"{""generator"": ""CAI_TMS_GDS_TASK_GENERATOR_DONT_RECOLONISE_GATE_RUINS"", ""group"": ""wh3_combi_tms_generator_group_tzeentch_specific_additive"", ""priority"": -100, ""variable_group"": null}",null
cai_task_management_system_task_generator_groups_generators_junctions_tables,deepwar,OVERRIDE_SAME_AS_VANILLA,"[""wh3_combi_tms_generator_group_tzeentch_specific_additive"", ""CAI_TMS_TASK_GENERATOR_WITHDRAW_LOW_WINDS_OF_MAGIC_ARMIES_TO_REGION"", null]",,"{""generator"": ""CAI_TMS_TASK_GENERATOR_WITHDRAW_LOW_WINDS_OF_MAGIC_ARMIES_TO_REGION"", ""group"": ""wh3_combi_tms_generator_group_tzeentch_specific_additive"", ""priority"": 5, ""variable_group"": null}",null
cai_task_management_system_task_generator_groups_generators_junctions_tables,deepwar,OVERRIDE_CHANGED,"[""wh3_combi_tms_generator_group_woodelf_specific_additive"", ""CAI_TMS_TASK_GENERATOR_ACTIVELY_DEFEND_CAPITAL"", null]",priority,"{""generator"": ""CAI_TMS_TASK_GENERATOR_ACTIVELY_DEFEND_CAPITAL"", ""group"": ""wh3_combi_tms_generator_group_woodelf_specific_additive"", ""priority"": 0.80000001, ""variable_group"": null}","{""generator"": ""CAI_TMS_TASK_GENERATOR_ACTIVELY_DEFEND_CAPITAL"", ""group"": ""wh3_combi_tms_generator_group_woodelf_specific_additive"", ""priority"": 1, ""variable_group"": null}"
cai_task_management_system_task_generator_groups_generators_junctions_tables,deepwar,OVERRIDE_SAME_AS_VANILLA,"[""wh3_combi_tms_generator_group_woodelf_specific_additive"", ""CAI_TMS_TASK_GENERATOR_ACTIVELY_DEFEND_RECENTLY_CAPTURED_TERRITORY"", ""time_horizon_6""]",,"{""generator"": ""CAI_TMS_TASK_GENERATOR_ACTIVELY_DEFEND_RECENTLY_CAPTURED_TERRITORY"", ""group"": ""wh3_combi_tms_generator_group_woodelf_specific_additive"", ""priority"": 2, ""variable_group"": ""time_horizon_6""}",null
cai_task_management_system_task_generator_groups_generators_junctions_tables,deepwar,OVERRIDE_SAME_AS_VANILLA,"[""wh3_tms_generator_group_beastmen_brayherd"", ""CAI_TMS_TASK_GENERATOR_WAAGH_ARMY_FOLLOW_LEADER"", null]",,"{""generator"": ""CAI_TMS_TASK_GENERATOR_WAAGH_ARMY_FOLLOW_LEADER"", ""group"": ""wh3_tms_generator_group_beastmen_brayherd"", ""priority"": 1, ""variable_group"": null}",null
cai_task_management_system_task_generator_groups_generators_junctions_tables,deepwar,OVERRIDE_SAME_AS_VANILLA,"[""wh3_tms_generator_group_beastmen_brayherd"", ""CAI_TMS_TASK_GENERATOR_WAR_COORDINATION_ATTACK_FORCES"", null]",,"{""generator"": ""CAI_TMS_TASK_GENERATOR_WAR_COORDINATION_ATTACK_FORCES"", ""group"": ""wh3_tms_generator_group_beastmen_brayherd"", ""priority"": 1, ""variable_group"": null}",null
cai_task_management_system_task_generator_groups_generators_junctions_tables,deepwar,OVERRIDE_SAME_AS_VANILLA,"[""wh3_tms_generator_group_beastmen_brayherd"", ""CAI_TMS_TASK_GENERATOR_WAR_COORDINATION_ATTACK_REGIONS"", null]",,"{""generator"": ""CAI_TMS_TASK_GENERATOR_WAR_COORDINATION_ATTACK_REGIONS"", ""group"": ""wh3_tms_generator_group_beastmen_brayherd"", ""priority"": 1, ""variable_group"": null}",null
cai_task_management_system_task_generator_groups_generators_junctions_tables,deepwar,OVERRIDE_SAME_AS_VANILLA,"[""wh3_tms_generator_group_cathay_gatecapture_additive"", ""CAI_TMS_TASK_GENERATOR_ATTACK_ALL_FLAGGED_REGIONS_OWNED_BY_ANOTHER_SUBCULTURED_ENEMY"", null]",,"{""generator"": ""CAI_TMS_TASK_GENERATOR_ATTACK_ALL_FLAGGED_REGIONS_OWNED_BY_ANOTHER_SUBCULTURED_ENEMY"", ""group"": ""wh3_tms_generator_group_cathay_gatecapture_additive"", ""priority"": 10, ""variable_group"": null}",null
cai_task_management_system_task_generator_groups_generators_junctions_tables,deepwar,OVERRIDE_SAME_AS_VANILLA,"[""wh3_tms_generator_group_cathay_gatecapture_additive"", ""CAI_TMS_TASK_GENERATOR_ATTACK_ALL_FLAGGED_VICTORY_CONDITION_REGIONS"", null]",,"{""generator"": ""CAI_TMS_TASK_GENERATOR_ATTACK_ALL_FLAGGED_VICTORY_CONDITION_REGIONS"", ""group"": ""wh3_tms_generator_group_cathay_gatecapture_additive"", ""priority"": 10, ""variable_group"": null}",null
cai_task_management_system_task_generator_groups_generators_junctions_tables,deepwar,OVERRIDE_SAME_AS_VANILLA,"[""wh3_tms_generator_group_cathay_gatecapture_additive"", ""CAI_TMS_TASK_GENERATOR_ATTACK_LOCAL_FLAGGED_VICTORY_CONDITION_REGIONS"", null]",,"{""generator"": ""CAI_TMS_TASK_GENERATOR_ATTACK_LOCAL_FLAGGED_VICTORY_CONDITION_REGIONS"", ""group"": ""wh3_tms_generator_group_cathay_gatecapture_additive"", ""priority"": 10, ""variable_group"": null}",null
cai_task_management_system_task_generator_groups_generators_junctions_tables,deepwar,OVERRIDE_SAME_AS_VANILLA,"[""wh3_tms_generator_group_cathay_specific_additive"", ""CAI_TMS_GDS_TASK_GENERATOR_ATTACK_FORCES_IN_CATHAY_SHOULDNT_ENTER"", null]",,"{""generator"": ""CAI_TMS_GDS_TASK_GENERATOR_ATTACK_FORCES_IN_CATHAY_SHOULDNT_ENTER"", ""group"": ""wh3_tms_generator_group_cathay_specific_additive"", ""priority"": -30, ""variable_group"": null}",null
cai_task_management_system_task_generator_groups_generators_junctions_tables,deepwar,OVERRIDE_SAME_AS_VANILLA,"[""wh3_tms_generator_group_cathay_specific_additive"", ""CAI_TMS_GDS_TASK_GENERATOR_ATTACK_REGIONS_IN_CATHAY_SHOULDNT_ENTER"", null]",,"{""generator"": ""CAI_TMS_GDS_TASK_GENERATOR_ATTACK_REGIONS_IN_CATHAY_SHOULDNT_ENTER"", ""group"": ""wh3_tms_generator_group_cathay_specific_additive"", ""priority"": -30, ""variable_group"": null}",null
cai_task_management_system_task_generator_groups_generators_junctions_tables,deepwar,OVERRIDE_SAME_AS_VANILLA,"[""wh3_tms_generator_group_cathay_specific_additive"", ""CAI_TMS_TASK_GENERATOR_DEFEND_FLAGGED_VICTORY_CONDITION_REGIONS"", null]",,"{""generator"": ""CAI_TMS_TASK_GENERATOR_DEFEND_FLAGGED_VICTORY_CONDITION_REGIONS"", ""group"": ""wh3_tms_generator_group_cathay_specific_additive"", ""priority"": 5, ""variable_group"": null}",null
cai_task_management_system_task_generator_groups_generators_junctions_tables,deepwar,OVERRIDE_SAME_AS_VANILLA,"[""wh3_tms_generator_group_chaos_dwarf_specific_additive"", ""CAI_TMS_TASK_GENERATOR_ACTIVELY_DEFEND_RECENTLY_CAPTURED_TERRITORY"", ""time_horizon_6""]",,"{""generator"": ""CAI_TMS_TASK_GENERATOR_ACTIVELY_DEFEND_RECENTLY_CAPTURED_TERRITORY"", ""group"": ""wh3_tms_generator_group_chaos_dwarf_specific_additive"", ""priority"": 2, ""variable_group"": ""time_horizon_6""}",null
cai_task_management_system_task_generator_groups_generators_junctions_tables,deepwar,OVERRIDE_SAME_AS_VANILLA,"[""wh3_tms_generator_group_chaos_gatedestroyer"", ""CAI_TMS_GDS_TASK_GENERATOR_AGENT_ATTACK_NEARBY_SETTLEMENT_IF_FRIENDLY_ARMY_PRESENT"", null]",,"{""generator"": ""CAI_TMS_GDS_TASK_GENERATOR_AGENT_ATTACK_NEARBY_SETTLEMENT_IF_FRIENDLY_ARMY_PRESENT"", ""group"": ""wh3_tms_generator_group_chaos_gatedestroyer"", ""priority"": 10, ""variable_group"": null}",null
cai_task_management_system_task_generator_groups_generators_junctions_tables,deepwar,OVERRIDE_SAME_AS_VANILLA,"[""wh3_tms_generator_group_chaos_gatedestroyer"", ""CAI_TMS_GDS_TASK_GENERATOR_AGENT_ATTACK_SETTLEMENTS_NEAR_FLAGGED_REGIONS_OWNED_BY_ANOTHER_SUBCULTURED_ENEMY"", null]",,"{""generator"": ""CAI_TMS_GDS_TASK_GENERATOR_AGENT_ATTACK_SETTLEMENTS_NEAR_FLAGGED_REGIONS_OWNED_BY_ANOTHER_SUBCULTURED_ENEMY"", ""group"": ""wh3_tms_generator_group_chaos_gatedestroyer"", ""priority"": 1, ""variable_group"": null}",null
cai_task_management_system_task_generator_groups_generators_junctions_tables,deepwar,OVERRIDE_SAME_AS_VANILLA,"[""wh3_tms_generator_group_chaos_gatedestroyer"", ""CAI_TMS_GDS_TASK_GENERATOR_ATTACK_ENEMY_SETTLEMENTS_IN_PERSONALITY_REGION_GROUP_1_EARLY"", null]",,"{""generator"": ""CAI_TMS_GDS_TASK_GENERATOR_ATTACK_ENEMY_SETTLEMENTS_IN_PERSONALITY_REGION_GROUP_1_EARLY"", ""group"": ""wh3_tms_generator_group_chaos_gatedestroyer"", ""priority"": 5, ""variable_group"": null}",null
cai_task_management_system_task_generator_groups_generators_junctions_tables,deepwar,OVERRIDE_SAME_AS_VANILLA,"[""wh3_tms_generator_group_chaos_gatedestroyer"", ""CAI_TMS_GDS_TASK_GENERATOR_ATTACK_ENEMY_SETTLEMENTS_IN_PERSONALITY_REGION_GROUP_2_MID"", null]",,"{""generator"": ""CAI_TMS_GDS_TASK_GENERATOR_ATTACK_ENEMY_SETTLEMENTS_IN_PERSONALITY_REGION_GROUP_2_MID"", ""group"": ""wh3_tms_generator_group_chaos_gatedestroyer"", ""priority"": 5, ""variable_group"": null}",null
cai_task_management_system_task_generator_groups_generators_junctions_tables,deepwar,OVERRIDE_SAME_AS_VANILLA,"[""wh3_tms_generator_group_chaos_gatedestroyer"", ""CAI_TMS_GDS_TASK_GENERATOR_ATTACK_ENEMY_SETTLEMENTS_IN_PERSONALITY_REGION_GROUP_3_LATE"", null]",,"{""generator"": ""CAI_TMS_GDS_TASK_GENERATOR_ATTACK_ENEMY_SETTLEMENTS_IN_PERSONALITY_REGION_GROUP_3_LATE"", ""group"": ""wh3_tms_generator_group_chaos_gatedestroyer"", ""priority"": 5, ""variable_group"": null}",null
cai_task_management_system_task_generator_groups_generators_junctions_tables,deepwar,OVERRIDE_SAME_AS_VANILLA,"[""wh3_tms_generator_group_chaos_gatedestroyer"", ""CAI_TMS_TASK_GENERATOR_ATTACK_ALL_FLAGGED_REGIONS_OWNED_BY_ANOTHER_SUBCULTURED_ENEMY"", null]",,"{""generator"": ""CAI_TMS_TASK_GENERATOR_ATTACK_ALL_FLAGGED_REGIONS_OWNED_BY_ANOTHER_SUBCULTURED_ENEMY"", ""group"": ""wh3_tms_generator_group_chaos_gatedestroyer"", ""priority"": 5, ""variable_group"": null}",null
cai_task_management_system_task_generator_groups_generators_junctions_tables,deepwar,OVERRIDE_SAME_AS_VANILLA,"[""wh3_tms_generator_group_chaos_gatedestroyer"", ""CAI_TMS_TASK_GENERATOR_ATTACK_ALL_FLAGGED_VICTORY_CONDITION_REGIONS"", null]",,"{""generator"": ""CAI_TMS_TASK_GENERATOR_ATTACK_ALL_FLAGGED_VICTORY_CONDITION_REGIONS"", ""group"": ""wh3_tms_generator_group_chaos_gatedestroyer"", ""priority"": 5, ""variable_group"": null}",null
cai_task_management_system_task_generator_groups_generators_junctions_tables,deepwar,OVERRIDE_SAME_AS_VANILLA,"[""wh3_tms_generator_group_chaos_gatedestroyer"", ""CAI_TMS_TASK_GENERATOR_ATTACK_LOCAL_FLAGGED_VICTORY_CONDITION_REGIONS"", null]",,"{""generator"": ""CAI_TMS_TASK_GENERATOR_ATTACK_LOCAL_FLAGGED_VICTORY_CONDITION_REGIONS"", ""group"": ""wh3_tms_generator_group_chaos_gatedestroyer"", ""priority"": 10, ""variable_group"": null}",null
cai_task_management_system_task_generator_groups_generators_junctions_tables,deepwar,OVERRIDE_SAME_AS_VANILLA,"[""wh3_tms_generator_group_chaos_settled_specific_additive"", ""CAI_TMS_GDS_TASK_GENERATOR_ATTACK_DARK_FORTRESS"", null]",,"{""generator"": ""CAI_TMS_GDS_TASK_GENERATOR_ATTACK_DARK_FORTRESS"", ""group"": ""wh3_tms_generator_group_chaos_settled_specific_additive"", ""priority"": 4, ""variable_group"": null}",null
cai_task_management_system_task_generator_groups_generators_junctions_tables,deepwar,OVERRIDE_SAME_AS_VANILLA,"[""wh3_tms_generator_group_chaos_settled_specific_additive"", ""CAI_TMS_GDS_TASK_GENERATOR_BAY_OF_BLADES_EARLY"", null]",,"{""generator"": ""CAI_TMS_GDS_TASK_GENERATOR_BAY_OF_BLADES_EARLY"", ""group"": ""wh3_tms_generator_group_chaos_settled_specific_additive"", ""priority"": -8, ""variable_group"": null}",null
cai_task_management_system_task_generator_groups_generators_junctions_tables,deepwar,OVERRIDE_SAME_AS_VANILLA,"[""wh3_tms_generator_group_chaos_settled_specific_additive"", ""CAI_TMS_GDS_TASK_GENERATOR_DONT_RECOLONISE_GATE_RUINS"", null]",,"{""generator"": ""CAI_TMS_GDS_TASK_GENERATOR_DONT_RECOLONISE_GATE_RUINS"", ""group"": ""wh3_tms_generator_group_chaos_settled_specific_additive"", ""priority"": -100, ""variable_group"": null}",null
cai_task_management_system_task_generator_groups_generators_junctions_tables,deepwar,OVERRIDE_SAME_AS_VANILLA,"[""wh3_tms_generator_group_chaos_settled_specific_additive"", ""CAI_TMS_GDS_TASK_GENERATOR_RECRUIT_WITH_MAIN_ARMY"", null]",,"{""generator"": ""CAI_TMS_GDS_TASK_GENERATOR_RECRUIT_WITH_MAIN_ARMY"", ""group"": ""wh3_tms_generator_group_chaos_settled_specific_additive"", ""priority"": -150, ""variable_group"": null}",null
cai_task_management_system_task_generator_groups_generators_junctions_tables,deepwar,OVERRIDE_SAME_AS_VANILLA,"[""wh3_tms_generator_group_chaos_settled_specific_additive"", ""CAI_TMS_GDS_TASK_GENERATOR_RECRUIT_WITH_MAIN_ARMY_IN_LOCAL_REGION"", null]",,"{""generator"": ""CAI_TMS_GDS_TASK_GENERATOR_RECRUIT_WITH_MAIN_ARMY_IN_LOCAL_REGION"", ""group"": ""wh3_tms_generator_group_chaos_settled_specific_additive"", ""priority"": -150, ""variable_group"": null}",null
cai_task_management_system_task_generator_groups_generators_junctions_tables,deepwar,OVERRIDE_SAME_AS_VANILLA,"[""wh3_tms_generator_group_chaos_settled_specific_additive"", ""CAI_TMS_TASK_GENERATOR_WITHDRAW_LOW_WINDS_OF_MAGIC_ARMIES_TO_REGION"", null]",,"{""generator"": ""CAI_TMS_TASK_GENERATOR_WITHDRAW_LOW_WINDS_OF_MAGIC_ARMIES_TO_REGION"", ""group"": ""wh3_tms_generator_group_chaos_settled_specific_additive"", ""priority"": 3, ""variable_group"": null}",null
cai_task_management_system_task_generator_groups_generators_junctions_tables,deepwar,OVERRIDE_SAME_AS_VANILLA,"[""wh3_tms_generator_group_chaos_specific_additive"", ""CAI_TMS_GDS_TASK_GENERATOR_DONT_RECOLONISE_GATE_RUINS"", null]",,"{""generator"": ""CAI_TMS_GDS_TASK_GENERATOR_DONT_RECOLONISE_GATE_RUINS"", ""group"": ""wh3_tms_generator_group_chaos_specific_additive"", ""priority"": -100, ""variable_group"": null}",null
cai_task_management_system_task_generator_groups_generators_junctions_tables,deepwar,OVERRIDE_SAME_AS_VANILLA,"[""wh3_tms_generator_group_conclave_of_sorcerers"", ""CAI_TMS_TASK_GENERATOR_ACTIVELY_DEFEND_CAPITAL"", null]",,"{""generator"": ""CAI_TMS_TASK_GENERATOR_ACTIVELY_DEFEND_CAPITAL"", ""group"": ""wh3_tms_generator_group_conclave_of_sorcerers"", ""priority"": 0.80000001, ""variable_group"": null}",null
cai_task_management_system_task_generator_groups_generators_junctions_tables,deepwar,OVERRIDE_SAME_AS_VANILLA,"[""wh3_tms_generator_group_conclave_of_sorcerers"", ""CAI_TMS_TASK_GENERATOR_DEFEND_OWNED_REGIONS"", null]",,"{""generator"": ""CAI_TMS_TASK_GENERATOR_DEFEND_OWNED_REGIONS"", ""group"": ""wh3_tms_generator_group_conclave_of_sorcerers"", ""priority"": 1, ""variable_group"": null}",null
cai_task_management_system_task_generator_groups_generators_junctions_tables,deepwar,OVERRIDE_SAME_AS_VANILLA,"[""wh3_tms_generator_group_conclave_of_sorcerers"", ""CAI_TMS_TASK_GENERATOR_SALLY_OUT_BEFORE_SETTLEMENT_LOSS"", null]",,"{""generator"": ""CAI_TMS_TASK_GENERATOR_SALLY_OUT_BEFORE_SETTLEMENT_LOSS"", ""group"": ""wh3_tms_generator_group_conclave_of_sorcerers"", ""priority"": 5, ""variable_group"": null}",null
cai_task_management_system_task_generator_groups_generators_junctions_tables,deepwar,OVERRIDE_SAME_AS_VANILLA,"[""wh3_tms_generator_group_daemonprince_specific_additive"", ""CAI_TMS_TASK_GENERATOR_WITHDRAW_LOW_WINDS_OF_MAGIC_ARMIES_TO_REGION"", null]",,"{""generator"": ""CAI_TMS_TASK_GENERATOR_WITHDRAW_LOW_WINDS_OF_MAGIC_ARMIES_TO_REGION"", ""group"": ""wh3_tms_generator_group_daemonprince_specific_additive"", ""priority"": 5, ""variable_group"": null}",null
cai_task_management_system_task_generator_groups_generators_junctions_tables,deepwar,OVERRIDE_SAME_AS_VANILLA,"[""wh3_tms_generator_group_khorne_specific_additive"", ""CAI_TMS_TASK_GENERATOR_WITHDRAW_LOW_WINDS_OF_MAGIC_ARMIES_TO_REGION"", null]",,"{""generator"": ""CAI_TMS_TASK_GENERATOR_WITHDRAW_LOW_WINDS_OF_MAGIC_ARMIES_TO_REGION"", ""group"": ""wh3_tms_generator_group_khorne_specific_additive"", ""priority"": 3, ""variable_group"": null}",null
cai_task_management_system_task_generator_groups_generators_junctions_tables,deepwar,OVERRIDE_SAME_AS_VANILLA,"[""wh3_tms_generator_group_kislev_specific_additive"", ""CAI_TMS_GDS_TASK_GENERATOR_TARGET_RIFTS_NEAR_OUR_REGIONS_IF_HAVENT_INTERACTED_ONLY_FULL_ARMY"", ""gds_poi_interaction_rift_teleport""]",,"{""generator"": ""CAI_TMS_GDS_TASK_GENERATOR_TARGET_RIFTS_NEAR_OUR_REGIONS_IF_HAVENT_INTERACTED_ONLY_FULL_ARMY"", ""group"": ""wh3_tms_generator_group_kislev_specific_additive"", ""priority"": 8, ""variable_group"": ""gds_poi_interaction_rift_teleport""}",null
cai_task_management_system_task_generator_groups_generators_junctions_tables,deepwar,OVERRIDE_CHANGED,"[""wh3_tms_generator_group_minor_additive"", ""CAI_TMS_TASK_GENERATOR_ATTACK_ALL_ENEMY_FORCES"", null]",priority,"{""generator"": ""CAI_TMS_TASK_GENERATOR_ATTACK_ALL_ENEMY_FORCES"", ""group"": ""wh3_tms_generator_group_minor_additive"", ""priority"": -2, ""variable_group"": null}","{""generator"": ""CAI_TMS_TASK_GENERATOR_ATTACK_ALL_ENEMY_FORCES"", ""group"": ""wh3_tms_generator_group_minor_additive"", ""priority"": 1, ""variable_group"": null}"
cai_task_management_system_task_generator_groups_generators_junctions_tables,deepwar,OVERRIDE_SAME_AS_VANILLA,"[""wh3_tms_generator_group_minor_additive"", ""CAI_TMS_TASK_GENERATOR_ATTACK_ALL_ENEMY_FORCES_NEAR_RECENTLY_LOST_ALLIED_HUMAN_REGION"", null]",,"{""generator"": ""CAI_TMS_TASK_GENERATOR_ATTACK_ALL_ENEMY_FORCES_NEAR_RECENTLY_LOST_ALLIED_HUMAN_REGION"", ""group"": ""wh3_tms_generator_group_minor_additive"", ""priority"": 3, ""variable_group"": null}",null
cai_task_management_system_task_generator_groups_generators_junctions_tables,deepwar,OVERRIDE_CHANGED,"[""wh3_tms_generator_group_minor_additive"", ""CAI_TMS_TASK_GENERATOR_ATTACK_ALL_ENEMY_SETTLEMENTS"", null]",priority,"{""generator"": ""CAI_TMS_TASK_GENERATOR_ATTACK_ALL_ENEMY_SETTLEMENTS"", ""group"": ""wh3_tms_generator_group_minor_additive"", ""priority"": -2, ""variable_group"": null}","{""generator"": ""CAI_TMS_TASK_GENERATOR_ATTACK_ALL_ENEMY_SETTLEMENTS"", ""group"": ""wh3_tms_generator_group_minor_additive"", ""priority"": 1, ""variable_group"": null}"
cai_task_management_system_task_generator_groups_generators_junctions_tables,deepwar,OVERRIDE_SAME_AS_VANILLA,"[""wh3_tms_generator_group_norsca_specific_additive"", ""CAI_TMS_TASK_GENERATOR_ATTACK_ALL_ENEMY_FORCES"", null]",,"{""generator"": ""CAI_TMS_TASK_GENERATOR_ATTACK_ALL_ENEMY_FORCES"", ""group"": ""wh3_tms_generator_group_norsca_specific_additive"", ""priority"": 3, ""variable_group"": null}",null
cai_task_management_system_task_generator_groups_generators_junctions_tables,deepwar,OVERRIDE_SAME_AS_VANILLA,"[""wh3_tms_generator_group_norsca_specific_additive"", ""CAI_TMS_TASK_GENERATOR_ATTACK_ALL_ENEMY_SETTLEMENTS"", null]",,"{""generator"": ""CAI_TMS_TASK_GENERATOR_ATTACK_ALL_ENEMY_SETTLEMENTS"", ""group"": ""wh3_tms_generator_group_norsca_specific_additive"", ""priority"": 3, ""variable_group"": null}",null
cai_task_management_system_task_generator_groups_generators_junctions_tables,deepwar,OVERRIDE_SAME_AS_VANILLA,"[""wh3_tms_generator_group_norsca_specific_additive"", ""CAI_TMS_TASK_GENERATOR_ATTACK_ENEMY_PORT_SETTLEMENTS"", null]",,"{""generator"": ""CAI_TMS_TASK_GENERATOR_ATTACK_ENEMY_PORT_SETTLEMENTS"", ""group"": ""wh3_tms_generator_group_norsca_specific_additive"", ""priority"": 5, ""variable_group"": null}",null
cai_task_management_system_task_generator_groups_generators_junctions_tables,deepwar,OVERRIDE_SAME_AS_VANILLA,"[""wh3_tms_generator_group_norsca_specific_additive"", ""CAI_TMS_TASK_GENERATOR_RAID_SETTLEMENTS_NEAR_OUR_FORCES"", null]",,"{""generator"": ""CAI_TMS_TASK_GENERATOR_RAID_SETTLEMENTS_NEAR_OUR_FORCES"", ""group"": ""wh3_tms_generator_group_norsca_specific_additive"", ""priority"": 2, ""variable_group"": null}",null
cai_task_management_system_task_generator_groups_generators_junctions_tables,deepwar,OVERRIDE_SAME_AS_VANILLA,"[""wh3_tms_generator_group_norsca_specific_additive"", ""CAI_TMS_TASK_GENERATOR_RAID_UNSTABLE_REGIONS"", null]",,"{""generator"": ""CAI_TMS_TASK_GENERATOR_RAID_UNSTABLE_REGIONS"", ""group"": ""wh3_tms_generator_group_norsca_specific_additive"", ""priority"": 1, ""variable_group"": null}",null
cai_task_management_system_task_generator_groups_generators_junctions_tables,deepwar,OVERRIDE_SAME_AS_VANILLA,"[""wh3_tms_generator_group_nurgle_specific_additive"", ""CAI_TMS_GDS_TASK_GENERATOR_AGENT_TARGET_ARMY_SPREAD_PLAGUE_BUBOES"", null]",,"{""generator"": ""CAI_TMS_GDS_TASK_GENERATOR_AGENT_TARGET_ARMY_SPREAD_PLAGUE_BUBOES"", ""group"": ""wh3_tms_generator_group_nurgle_specific_additive"", ""priority"": 20, ""variable_group"": null}",null
cai_task_management_system_task_generator_groups_generators_junctions_tables,deepwar,OVERRIDE_SAME_AS_VANILLA,"[""wh3_tms_generator_group_nurgle_specific_additive"", ""CAI_TMS_GDS_TASK_GENERATOR_AGENT_TARGET_ARMY_SPREAD_PLAGUE_ROT"", null]",,"{""generator"": ""CAI_TMS_GDS_TASK_GENERATOR_AGENT_TARGET_ARMY_SPREAD_PLAGUE_ROT"", ""group"": ""wh3_tms_generator_group_nurgle_specific_additive"", ""priority"": 20, ""variable_group"": null}",null
cai_task_management_system_task_generator_groups_generators_junctions_tables,deepwar,OVERRIDE_SAME_AS_VANILLA,"[""wh3_tms_generator_group_nurgle_specific_additive"", ""CAI_TMS_GDS_TASK_GENERATOR_AGENT_TARGET_SETTLEMENT_SPREAD_PLAGUE_ROT"", null]",,"{""generator"": ""CAI_TMS_GDS_TASK_GENERATOR_AGENT_TARGET_SETTLEMENT_SPREAD_PLAGUE_ROT"", ""group"": ""wh3_tms_generator_group_nurgle_specific_additive"", ""priority"": 100, ""variable_group"": null}",null
cai_task_management_system_task_generator_groups_generators_junctions_tables,deepwar,OVERRIDE_SAME_AS_VANILLA,"[""wh3_tms_generator_group_nurgle_specific_additive"", ""CAI_TMS_TASK_GENERATOR_WITHDRAW_LOW_WINDS_OF_MAGIC_ARMIES_TO_REGION"", null]",,"{""generator"": ""CAI_TMS_TASK_GENERATOR_WITHDRAW_LOW_WINDS_OF_MAGIC_ARMIES_TO_REGION"", ""group"": ""wh3_tms_generator_group_nurgle_specific_additive"", ""priority"": 5, ""variable_group"": null}",null
cai_task_management_system_task_generator_groups_generators_junctions_tables,deepwar,OVERRIDE_SAME_AS_VANILLA,"[""wh3_tms_generator_group_passive"", ""CAI_TMS_GDS_TASK_GENERATOR_DEFEND_OWN_REGIONS"", null]",,"{""generator"": ""CAI_TMS_GDS_TASK_GENERATOR_DEFEND_OWN_REGIONS"", ""group"": ""wh3_tms_generator_group_passive"", ""priority"": 1, ""variable_group"": null}",null
cai_task_management_system_task_generator_groups_generators_junctions_tables,deepwar,OVERRIDE_SAME_AS_VANILLA,"[""wh3_tms_generator_group_passive"", ""CAI_TMS_GDS_TASK_GENERATOR_DEFEND_REGIONS_NEIGHBOURING_ENEMY"", null]",,"{""generator"": ""CAI_TMS_GDS_TASK_GENERATOR_DEFEND_REGIONS_NEIGHBOURING_ENEMY"", ""group"": ""wh3_tms_generator_group_passive"", ""priority"": 1, ""variable_group"": null}",null
cai_task_management_system_task_generator_groups_generators_junctions_tables,deepwar,OVERRIDE_SAME_AS_VANILLA,"[""wh3_tms_generator_group_passive"", ""CAI_TMS_GDS_TASK_GENERATOR_WITHDRAW_TO_CAPITOL_WHEN_TRESPASS_WARNED"", null]",,"{""generator"": ""CAI_TMS_GDS_TASK_GENERATOR_WITHDRAW_TO_CAPITOL_WHEN_TRESPASS_WARNED"", ""group"": ""wh3_tms_generator_group_passive"", ""priority"": 15, ""variable_group"": null}",null
cai_task_management_system_task_generator_groups_generators_junctions_tables,deepwar,OVERRIDE_SAME_AS_VANILLA,"[""wh3_tms_generator_group_passive"", ""CAI_TMS_TASK_GENERATOR_ACTIVELY_DEFEND_CAPITAL"", null]",,"{""generator"": ""CAI_TMS_TASK_GENERATOR_ACTIVELY_DEFEND_CAPITAL"", ""group"": ""wh3_tms_generator_group_passive"", ""priority"": 0.80000001, ""variable_group"": null}",null
cai_task_management_system_task_generator_groups_generators_junctions_tables,deepwar,OVERRIDE_SAME_AS_VANILLA,"[""wh3_tms_generator_group_passive"", ""CAI_TMS_TASK_GENERATOR_ACTIVELY_DEFEND_RECENTLY_CAPTURED_ALLIED_HUMAN_TERRITORY"", null]",,"{""generator"": ""CAI_TMS_TASK_GENERATOR_ACTIVELY_DEFEND_RECENTLY_CAPTURED_ALLIED_HUMAN_TERRITORY"", ""group"": ""wh3_tms_generator_group_passive"", ""priority"": 4, ""variable_group"": null}",null
cai_task_management_system_task_generator_groups_generators_junctions_tables,deepwar,OVERRIDE_SAME_AS_VANILLA,"[""wh3_tms_generator_group_passive"", ""CAI_TMS_TASK_GENERATOR_ACTIVELY_DEFEND_REGIONS_NEIGHBOURING_ENEMY_MAIN_THREAT"", null]",,"{""generator"": ""CAI_TMS_TASK_GENERATOR_ACTIVELY_DEFEND_REGIONS_NEIGHBOURING_ENEMY_MAIN_THREAT"", ""group"": ""wh3_tms_generator_group_passive"", ""priority"": 1, ""variable_group"": null}",null
cai_task_management_system_task_generator_groups_generators_junctions_tables,deepwar,OVERRIDE_SAME_AS_VANILLA,"[""wh3_tms_generator_group_passive"", ""CAI_TMS_TASK_GENERATOR_ACTIVELY_DEFEND_REGIONS_NEIGHBOURING_MAIN_THREAT"", null]",,"{""generator"": ""CAI_TMS_TASK_GENERATOR_ACTIVELY_DEFEND_REGIONS_NEIGHBOURING_MAIN_THREAT"", ""group"": ""wh3_tms_generator_group_passive"", ""priority"": 1, ""variable_group"": null}",null
cai_task_management_system_task_generator_groups_generators_junctions_tables,deepwar,OVERRIDE_SAME_AS_VANILLA,"[""wh3_tms_generator_group_passive"", ""CAI_TMS_TASK_GENERATOR_ATTACK_ALL_ENEMY_FORCES"", null]",,"{""generator"": ""CAI_TMS_TASK_GENERATOR_ATTACK_ALL_ENEMY_FORCES"", ""group"": ""wh3_tms_generator_group_passive"", ""priority"": 1, ""variable_group"": null}",null
cai_task_management_system_task_generator_groups_generators_junctions_tables,deepwar,OVERRIDE_CHANGED,"[""wh3_tms_generator_group_passive"", ""CAI_TMS_TASK_GENERATOR_ATTACK_ALL_ENEMY_HUMAN_FORCES_NEAR_RECENTLY_LOST_ALLIED_REGION"", null]",priority,"{""generator"": ""CAI_TMS_TASK_GENERATOR_ATTACK_ALL_ENEMY_HUMAN_FORCES_NEAR_RECENTLY_LOST_ALLIED_REGION"", ""group"": ""wh3_tms_generator_group_passive"", ""priority"": 0.40000001, ""variable_group"": null}","{""generator"": ""CAI_TMS_TASK_GENERATOR_ATTACK_ALL_ENEMY_HUMAN_FORCES_NEAR_RECENTLY_LOST_ALLIED_REGION"", ""group"": ""wh3_tms_generator_group_passive"", ""priority"": 1.39999998, ""variable_group"": null}"
cai_task_management_system_task_generator_groups_generators_junctions_tables,deepwar,OVERRIDE_SAME_AS_VANILLA,"[""wh3_tms_generator_group_passive"", ""CAI_TMS_TASK_GENERATOR_ATTACK_ALL_ENEMY_MAIN_THREAT_FORCES"", null]",,"{""generator"": ""CAI_TMS_TASK_GENERATOR_ATTACK_ALL_ENEMY_MAIN_THREAT_FORCES"", ""group"": ""wh3_tms_generator_group_passive"", ""priority"": 1, ""variable_group"": null}",null
cai_task_management_system_task_generator_groups_generators_junctions_tables,deepwar,OVERRIDE_CHANGED,"[""wh3_tms_generator_group_passive"", ""CAI_TMS_TASK_GENERATOR_ATTACK_ALL_ENEMY_SETTLEMENTS_IF_HAVENT_EXPANDED_RECENTLY"", ""timed_priority_boost_quick""]",priority,"{""generator"": ""CAI_TMS_TASK_GENERATOR_ATTACK_ALL_ENEMY_SETTLEMENTS_IF_HAVENT_EXPANDED_RECENTLY"", ""group"": ""wh3_tms_generator_group_passive"", ""priority"": 3, ""variable_group"": ""timed_priority_boost_quick""}","{""generator"": ""CAI_TMS_TASK_GENERATOR_ATTACK_ALL_ENEMY_SETTLEMENTS_IF_HAVENT_EXPANDED_RECENTLY"", ""group"": ""wh3_tms_generator_group_passive"", ""priority"": 4, ""variable_group"": ""timed_priority_boost_quick""}"
cai_task_management_system_task_generator_groups_generators_junctions_tables,deepwar,OVERRIDE_SAME_AS_VANILLA,"[""wh3_tms_generator_group_passive"", ""CAI_TMS_TASK_GENERATOR_ATTACK_ALL_LOCAL_AGENTS_LEVEL_SCALED"", null]",,"{""generator"": ""CAI_TMS_TASK_GENERATOR_ATTACK_ALL_LOCAL_AGENTS_LEVEL_SCALED"", ""group"": ""wh3_tms_generator_group_passive"", ""priority"": 1, ""variable_group"": null}",null
cai_task_management_system_task_generator_groups_generators_junctions_tables,deepwar,OVERRIDE_SAME_AS_VANILLA,"[""wh3_tms_generator_group_passive"", ""CAI_TMS_TASK_GENERATOR_ATTACK_ALL_LOCAL_FORCES_SIZE_SCALED"", null]",,"{""generator"": ""CAI_TMS_TASK_GENERATOR_ATTACK_ALL_LOCAL_FORCES_SIZE_SCALED"", ""group"": ""wh3_tms_generator_group_passive"", ""priority"": 1, ""variable_group"": null}",null
cai_task_management_system_task_generator_groups_generators_junctions_tables,deepwar,OVERRIDE_SAME_AS_VANILLA,"[""wh3_tms_generator_group_passive"", ""CAI_TMS_TASK_GENERATOR_ATTACK_NEIGHBOURING_WAR_REGIONS"", null]",,"{""generator"": ""CAI_TMS_TASK_GENERATOR_ATTACK_NEIGHBOURING_WAR_REGIONS"", ""group"": ""wh3_tms_generator_group_passive"", ""priority"": 1, ""variable_group"": null}",null
cai_task_management_system_task_generator_groups_generators_junctions_tables,deepwar,OVERRIDE_SAME_AS_VANILLA,"[""wh3_tms_generator_group_passive"", ""CAI_TMS_TASK_GENERATOR_ATTACK_TAGGING_FACTION_AGENTS_WITH_TAGGED_AGENTS"", null]",,"{""generator"": ""CAI_TMS_TASK_GENERATOR_ATTACK_TAGGING_FACTION_AGENTS_WITH_TAGGED_AGENTS"", ""group"": ""wh3_tms_generator_group_passive"", ""priority"": 1, ""variable_group"": null}",null
cai_task_management_system_task_generator_groups_generators_junctions_tables,deepwar,OVERRIDE_SAME_AS_VANILLA,"[""wh3_tms_generator_group_passive"", ""CAI_TMS_TASK_GENERATOR_ATTACK_TAGGING_FACTION_FORCES_WITH_TAGGED_FORCES"", null]",,"{""generator"": ""CAI_TMS_TASK_GENERATOR_ATTACK_TAGGING_FACTION_FORCES_WITH_TAGGED_FORCES"", ""group"": ""wh3_tms_generator_group_passive"", ""priority"": 1, ""variable_group"": null}",null
cai_task_management_system_task_generator_groups_generators_junctions_tables,deepwar,OVERRIDE_SAME_AS_VANILLA,"[""wh3_tms_generator_group_passive"", ""CAI_TMS_TASK_GENERATOR_COMPLETE_PROVINCE"", null]",,"{""generator"": ""CAI_TMS_TASK_GENERATOR_COMPLETE_PROVINCE"", ""group"": ""wh3_tms_generator_group_passive"", ""priority"": 1, ""variable_group"": null}",null
cai_task_management_system_task_generator_groups_generators_junctions_tables,deepwar,OVERRIDE_SAME_AS_VANILLA,"[""wh3_tms_generator_group_passive"", ""CAI_TMS_TASK_GENERATOR_DEFEND_OWNED_REGIONS"", null]",,"{""generator"": ""CAI_TMS_TASK_GENERATOR_DEFEND_OWNED_REGIONS"", ""group"": ""wh3_tms_generator_group_passive"", ""priority"": 1, ""variable_group"": null}",null
cai_task_management_system_task_generator_groups_generators_junctions_tables,deepwar,OVERRIDE_SAME_AS_VANILLA,"[""wh3_tms_generator_group_passive"", ""CAI_TMS_TASK_GENERATOR_SALLY_OUT_BEFORE_SETTLEMENT_LOSS"", null]",,"{""generator"": ""CAI_TMS_TASK_GENERATOR_SALLY_OUT_BEFORE_SETTLEMENT_LOSS"", ""group"": ""wh3_tms_generator_group_passive"", ""priority"": 1, ""variable_group"": null}",null
cai_task_management_system_task_generator_groups_generators_junctions_tables,deepwar,OVERRIDE_SAME_AS_VANILLA,"[""wh3_tms_generator_group_passive"", ""CAI_TMS_TASK_GENERATOR_WAR_COORDINATION_ATTACK_FORCES"", null]",,"{""generator"": ""CAI_TMS_TASK_GENERATOR_WAR_COORDINATION_ATTACK_FORCES"", ""group"": ""wh3_tms_generator_group_passive"", ""priority"": 10, ""variable_group"": null}",null
cai_task_management_system_task_generator_groups_generators_junctions_tables,deepwar,OVERRIDE_SAME_AS_VANILLA,"[""wh3_tms_generator_group_passive"", ""CAI_TMS_TASK_GENERATOR_WAR_COORDINATION_ATTACK_REGIONS"", null]",,"{""generator"": ""CAI_TMS_TASK_GENERATOR_WAR_COORDINATION_ATTACK_REGIONS"", ""group"": ""wh3_tms_generator_group_passive"", ""priority"": 10, ""variable_group"": null}",null
cai_task_management_system_task_generator_groups_generators_junctions_tables,deepwar,OVERRIDE_SAME_AS_VANILLA,"[""wh3_tms_generator_group_passive"", ""CAI_TMS_TASK_GENERATOR_WAR_COORDINATION_DEFEND_FORCES"", null]",,"{""generator"": ""CAI_TMS_TASK_GENERATOR_WAR_COORDINATION_DEFEND_FORCES"", ""group"": ""wh3_tms_generator_group_passive"", ""priority"": 10, ""variable_group"": null}",null
cai_task_management_system_task_generator_groups_generators_junctions_tables,deepwar,OVERRIDE_SAME_AS_VANILLA,"[""wh3_tms_generator_group_passive"", ""CAI_TMS_TASK_GENERATOR_WAR_COORDINATION_DEFEND_REGIONS"", null]",,"{""generator"": ""CAI_TMS_TASK_GENERATOR_WAR_COORDINATION_DEFEND_REGIONS"", ""group"": ""wh3_tms_generator_group_passive"", ""priority"": 10, ""variable_group"": null}",null
cai_task_management_system_task_generator_groups_generators_junctions_tables,deepwar,OVERRIDE_SAME_AS_VANILLA,"[""wh3_tms_generator_group_prologue_active"", ""CAI_TMS_GDS_TASK_GENERATOR_AGENT_ATTACK_ALL_ENEMY_AGENTS"", null]",,"{""generator"": ""CAI_TMS_GDS_TASK_GENERATOR_AGENT_ATTACK_ALL_ENEMY_AGENTS"", ""group"": ""wh3_tms_generator_group_prologue_active"", ""priority"": 1, ""variable_group"": null}",null
cai_task_management_system_task_generator_groups_generators_junctions_tables,deepwar,OVERRIDE_SAME_AS_VANILLA,"[""wh3_tms_generator_group_prologue_active"", ""CAI_TMS_GDS_TASK_GENERATOR_AGENT_ATTACK_ALL_ENEMY_FORCES"", null]",,"{""generator"": ""CAI_TMS_GDS_TASK_GENERATOR_AGENT_ATTACK_ALL_ENEMY_FORCES"", ""group"": ""wh3_tms_generator_group_prologue_active"", ""priority"": 1, ""variable_group"": null}",null
cai_task_management_system_task_generator_groups_generators_junctions_tables,deepwar,OVERRIDE_SAME_AS_VANILLA,"[""wh3_tms_generator_group_prologue_active"", ""CAI_TMS_GDS_TASK_GENERATOR_AGENT_ATTACK_ALL_ENEMY_SETTLEMENTS"", null]",,"{""generator"": ""CAI_TMS_GDS_TASK_GENERATOR_AGENT_ATTACK_ALL_ENEMY_SETTLEMENTS"", ""group"": ""wh3_tms_generator_group_prologue_active"", ""priority"": 1, ""variable_group"": null}",null
cai_task_management_system_task_generator_groups_generators_junctions_tables,deepwar,OVERRIDE_SAME_AS_VANILLA,"[""wh3_tms_generator_group_prologue_active"", ""CAI_TMS_TASK_GENERATOR_ACTIVELY_DEFEND_THREATENED_REGIONS"", null]",,"{""generator"": ""CAI_TMS_TASK_GENERATOR_ACTIVELY_DEFEND_THREATENED_REGIONS"", ""group"": ""wh3_tms_generator_group_prologue_active"", ""priority"": 1, ""variable_group"": null}",null
cai_task_management_system_task_generator_groups_generators_junctions_tables,deepwar,OVERRIDE_SAME_AS_VANILLA,"[""wh3_tms_generator_group_prologue_active"", ""CAI_TMS_TASK_GENERATOR_ATTACK_ALL_ENEMY_FORCES"", null]",,"{""generator"": ""CAI_TMS_TASK_GENERATOR_ATTACK_ALL_ENEMY_FORCES"", ""group"": ""wh3_tms_generator_group_prologue_active"", ""priority"": 1, ""variable_group"": null}",null
cai_task_management_system_task_generator_groups_generators_junctions_tables,deepwar,OVERRIDE_SAME_AS_VANILLA,"[""wh3_tms_generator_group_prologue_active"", ""CAI_TMS_TASK_GENERATOR_ATTACK_ALL_ENEMY_FORCES_NEAR_RECENTLY_LOST_REGIONS"", null]",,"{""generator"": ""CAI_TMS_TASK_GENERATOR_ATTACK_ALL_ENEMY_FORCES_NEAR_RECENTLY_LOST_REGIONS"", ""group"": ""wh3_tms_generator_group_prologue_active"", ""priority"": 0.5, ""variable_group"": null}",null
cai_task_management_system_task_generator_groups_generators_junctions_tables,deepwar,OVERRIDE_SAME_AS_VANILLA,"[""wh3_tms_generator_group_prologue_active"", ""CAI_TMS_TASK_GENERATOR_ATTACK_ALL_ENEMY_HUMAN_FORCES"", null]",,"{""generator"": ""CAI_TMS_TASK_GENERATOR_ATTACK_ALL_ENEMY_HUMAN_FORCES"", ""group"": ""wh3_tms_generator_group_prologue_active"", ""priority"": 2, ""variable_group"": null}",null
cai_task_management_system_task_generator_groups_generators_junctions_tables,deepwar,OVERRIDE_SAME_AS_VANILLA,"[""wh3_tms_generator_group_prologue_active"", ""CAI_TMS_TASK_GENERATOR_ATTACK_ALL_ENEMY_SETTLEMENTS"", null]",,"{""generator"": ""CAI_TMS_TASK_GENERATOR_ATTACK_ALL_ENEMY_SETTLEMENTS"", ""group"": ""wh3_tms_generator_group_prologue_active"", ""priority"": 1, ""variable_group"": null}",null
cai_task_management_system_task_generator_groups_generators_junctions_tables,deepwar,OVERRIDE_SAME_AS_VANILLA,"[""wh3_tms_generator_group_prologue_active"", ""CAI_TMS_TASK_GENERATOR_DEFEND_OWNED_REGIONS"", null]",,"{""generator"": ""CAI_TMS_TASK_GENERATOR_DEFEND_OWNED_REGIONS"", ""group"": ""wh3_tms_generator_group_prologue_active"", ""priority"": 1, ""variable_group"": null}",null
cai_task_management_system_task_generator_groups_generators_junctions_tables,deepwar,OVERRIDE_SAME_AS_VANILLA,"[""wh3_tms_generator_group_prologue_active"", ""CAI_TMS_TASK_GENERATOR_RAID_SETTLEMENTS_NEAR_OUR_FORCES"", null]",,"{""generator"": ""CAI_TMS_TASK_GENERATOR_RAID_SETTLEMENTS_NEAR_OUR_FORCES"", ""group"": ""wh3_tms_generator_group_prologue_active"", ""priority"": 1, ""variable_group"": null}",null
cai_task_management_system_task_generator_groups_generators_junctions_tables,deepwar,OVERRIDE_SAME_AS_VANILLA,"[""wh3_tms_generator_group_prologue_active"", ""CAI_TMS_TASK_GENERATOR_RECAPTURE_RECENTLY_LOST_TERRITORY"", null]",,"{""generator"": ""CAI_TMS_TASK_GENERATOR_RECAPTURE_RECENTLY_LOST_TERRITORY"", ""group"": ""wh3_tms_generator_group_prologue_active"", ""priority"": 0.5, ""variable_group"": null}",null
cai_task_management_system_task_generator_groups_generators_junctions_tables,deepwar,OVERRIDE_SAME_AS_VANILLA,"[""wh3_tms_generator_group_prologue_defensive"", ""CAI_TMS_TASK_GENERATOR_ACTIVELY_DEFEND_THREATENED_REGIONS"", null]",,"{""generator"": ""CAI_TMS_TASK_GENERATOR_ACTIVELY_DEFEND_THREATENED_REGIONS"", ""group"": ""wh3_tms_generator_group_prologue_defensive"", ""priority"": 1, ""variable_group"": null}",null
cai_task_management_system_task_generator_groups_generators_junctions_tables,deepwar,OVERRIDE_SAME_AS_VANILLA,"[""wh3_tms_generator_group_prologue_defensive"", ""CAI_TMS_TASK_GENERATOR_DEFEND_OWNED_REGIONS"", null]",,"{""generator"": ""CAI_TMS_TASK_GENERATOR_DEFEND_OWNED_REGIONS"", ""group"": ""wh3_tms_generator_group_prologue_defensive"", ""priority"": 1, ""variable_group"": null}",null
cai_task_management_system_task_generator_groups_generators_junctions_tables,deepwar,OVERRIDE_SAME_AS_VANILLA,"[""wh3_tms_generator_group_prologue_passive"", ""CAI_TMS_GDS_TASK_GENERATOR_RAID_ANY_SETTLEMENT_NEAR_OUR_FORCES"", null]",,"{""generator"": ""CAI_TMS_GDS_TASK_GENERATOR_RAID_ANY_SETTLEMENT_NEAR_OUR_FORCES"", ""group"": ""wh3_tms_generator_group_prologue_passive"", ""priority"": 0, ""variable_group"": null}",null
cai_task_management_system_task_generator_groups_generators_junctions_tables,deepwar,OVERRIDE_SAME_AS_VANILLA,"[""wh3_tms_generator_group_prologue_passive"", ""CAI_TMS_TASK_GENERATOR_ACTIVELY_DEFEND_THREATENED_REGIONS"", null]",,"{""generator"": ""CAI_TMS_TASK_GENERATOR_ACTIVELY_DEFEND_THREATENED_REGIONS"", ""group"": ""wh3_tms_generator_group_prologue_passive"", ""priority"": 0.5, ""variable_group"": null}",null
cai_task_management_system_task_generator_groups_generators_junctions_tables,deepwar,OVERRIDE_SAME_AS_VANILLA,"[""wh3_tms_generator_group_prologue_passive"", ""CAI_TMS_TASK_GENERATOR_DEFEND_ALLIED_TERRITORY"", null]",,"{""generator"": ""CAI_TMS_TASK_GENERATOR_DEFEND_ALLIED_TERRITORY"", ""group"": ""wh3_tms_generator_group_prologue_passive"", ""priority"": 1, ""variable_group"": null}",null
cai_task_management_system_task_generator_groups_generators_junctions_tables,deepwar,OVERRIDE_SAME_AS_VANILLA,"[""wh3_tms_generator_group_prologue_passive"", ""CAI_TMS_TASK_GENERATOR_DEFEND_OWNED_REGIONS"", null]",,"{""generator"": ""CAI_TMS_TASK_GENERATOR_DEFEND_OWNED_REGIONS"", ""group"": ""wh3_tms_generator_group_prologue_passive"", ""priority"": 1, ""variable_group"": null}",null
cai_task_management_system_task_generator_groups_generators_junctions_tables,deepwar,OVERRIDE_SAME_AS_VANILLA,"[""wh3_tms_generator_group_regionless"", ""CAI_TMS_GDS_TASK_GENERATOR_COLONISE_ABANDONED_SETTLEMENTS_NEAR_OUR_FORCES"", null]",,"{""generator"": ""CAI_TMS_GDS_TASK_GENERATOR_COLONISE_ABANDONED_SETTLEMENTS_NEAR_OUR_FORCES"", ""group"": ""wh3_tms_generator_group_regionless"", ""priority"": 3, ""variable_group"": null}",null
cai_task_management_system_task_generator_groups_generators_junctions_tables,deepwar,OVERRIDE_SAME_AS_VANILLA,"[""wh3_tms_generator_group_regionless"", ""CAI_TMS_GDS_TASK_GENERATOR_HORDE_MOVE_TO_ATTACK_ENEMY_FORCES_WHEN_TRESPASS_WARNED"", null]",,"{""generator"": ""CAI_TMS_GDS_TASK_GENERATOR_HORDE_MOVE_TO_ATTACK_ENEMY_FORCES_WHEN_TRESPASS_WARNED"", ""group"": ""wh3_tms_generator_group_regionless"", ""priority"": 15, ""variable_group"": null}",null
cai_task_management_system_task_generator_groups_generators_junctions_tables,deepwar,OVERRIDE_SAME_AS_VANILLA,"[""wh3_tms_generator_group_regionless"", ""CAI_TMS_GDS_TASK_GENERATOR_RAID_ANY_SETTLEMENT_NEAR_OUR_FORCES"", null]",,"{""generator"": ""CAI_TMS_GDS_TASK_GENERATOR_RAID_ANY_SETTLEMENT_NEAR_OUR_FORCES"", ""group"": ""wh3_tms_generator_group_regionless"", ""priority"": 0.5, ""variable_group"": null}",null
cai_task_management_system_task_generator_groups_generators_junctions_tables,deepwar,OVERRIDE_SAME_AS_VANILLA,"[""wh3_tms_generator_group_regionless"", ""CAI_TMS_TASK_GENERATOR_ATTACK_ALL_ENEMY_HUMAN_SETTLEMENTS"", null]",,"{""generator"": ""CAI_TMS_TASK_GENERATOR_ATTACK_ALL_ENEMY_HUMAN_SETTLEMENTS"", ""group"": ""wh3_tms_generator_group_regionless"", ""priority"": 0.5, ""variable_group"": null}",null
cai_task_management_system_task_generator_groups_generators_junctions_tables,deepwar,OVERRIDE_SAME_AS_VANILLA,"[""wh3_tms_generator_group_regionless"", ""CAI_TMS_TASK_GENERATOR_ATTACK_ALL_ENEMY_SETTLEMENTS"", null]",,"{""generator"": ""CAI_TMS_TASK_GENERATOR_ATTACK_ALL_ENEMY_SETTLEMENTS"", ""group"": ""wh3_tms_generator_group_regionless"", ""priority"": 1, ""variable_group"": null}",null
cai_task_management_system_task_generator_groups_generators_junctions_tables,deepwar,OVERRIDE_SAME_AS_VANILLA,"[""wh3_tms_generator_group_regionless"", ""CAI_TMS_TASK_GENERATOR_ATTACK_ENEMY_SETTLEMENTS_LOCAL_TO_OUR_FORCES_THAT_ARE_BESIEGED_BY_OUR_ALLIES"", null]",,"{""generator"": ""CAI_TMS_TASK_GENERATOR_ATTACK_ENEMY_SETTLEMENTS_LOCAL_TO_OUR_FORCES_THAT_ARE_BESIEGED_BY_OUR_ALLIES"", ""group"": ""wh3_tms_generator_group_regionless"", ""priority"": 1, ""variable_group"": null}",null
cai_task_management_system_task_generator_groups_generators_junctions_tables,deepwar,OVERRIDE_SAME_AS_VANILLA,"[""wh3_tms_generator_group_regionless"", ""CAI_TMS_TASK_GENERATOR_ATTACK_SETTLEMENTS_NEAR_OUR_FORCES"", null]",,"{""generator"": ""CAI_TMS_TASK_GENERATOR_ATTACK_SETTLEMENTS_NEAR_OUR_FORCES"", ""group"": ""wh3_tms_generator_group_regionless"", ""priority"": 0.5, ""variable_group"": null}",null
cai_task_management_system_task_generator_groups_generators_junctions_tables,deepwar,OVERRIDE_SAME_AS_VANILLA,"[""wh3_tms_generator_group_regionless"", ""CAI_TMS_TASK_GENERATOR_ATTACK_UNDEFENDED_ENEMY_SETTLEMENTS"", ""timed_priority_boost_instant""]",,"{""generator"": ""CAI_TMS_TASK_GENERATOR_ATTACK_UNDEFENDED_ENEMY_SETTLEMENTS"", ""group"": ""wh3_tms_generator_group_regionless"", ""priority"": 1, ""variable_group"": ""timed_priority_boost_instant""}",null
cai_task_management_system_task_generator_groups_generators_junctions_tables,deepwar,OVERRIDE_SAME_AS_VANILLA,"[""wh3_tms_generator_group_regionless"", ""CAI_TMS_TASK_GENERATOR_DEFEND_ALLIED_TERRITORY"", null]",,"{""generator"": ""CAI_TMS_TASK_GENERATOR_DEFEND_ALLIED_TERRITORY"", ""group"": ""wh3_tms_generator_group_regionless"", ""priority"": 1, ""variable_group"": null}",null
cai_task_management_system_task_generator_groups_generators_junctions_tables,deepwar,OVERRIDE_SAME_AS_VANILLA,"[""wh3_tms_generator_group_regionless"", ""CAI_TMS_TASK_GENERATOR_RAID_SETTLEMENTS_NEAR_OUR_FORCES"", null]",,"{""generator"": ""CAI_TMS_TASK_GENERATOR_RAID_SETTLEMENTS_NEAR_OUR_FORCES"", ""group"": ""wh3_tms_generator_group_regionless"", ""priority"": 0.5, ""variable_group"": null}",null
cai_task_management_system_task_generator_groups_generators_junctions_tables,deepwar,OVERRIDE_SAME_AS_VANILLA,"[""wh3_tms_generator_group_regionless"", ""CAI_TMS_TASK_GENERATOR_RECAPTURE_RECENTLY_LOST_TERRITORY"", null]",,"{""generator"": ""CAI_TMS_TASK_GENERATOR_RECAPTURE_RECENTLY_LOST_TERRITORY"", ""group"": ""wh3_tms_generator_group_regionless"", ""priority"": -1, ""variable_group"": null}",null
cai_task_management_system_task_generator_groups_generators_junctions_tables,deepwar,OVERRIDE_SAME_AS_VANILLA,"[""wh3_tms_generator_group_rift_major_chaos_additive"", ""CAI_TMS_GDS_TASK_GENERATOR_AGENT_ATTACK_SETTLEMENTS_NEAR_FLAGGED_REGIONS_OWNED_BY_ANOTHER_SUBCULTURED_ENEMY"", null]",,"{""generator"": ""CAI_TMS_GDS_TASK_GENERATOR_AGENT_ATTACK_SETTLEMENTS_NEAR_FLAGGED_REGIONS_OWNED_BY_ANOTHER_SUBCULTURED_ENEMY"", ""group"": ""wh3_tms_generator_group_rift_major_chaos_additive"", ""priority"": 10, ""variable_group"": null}",null
cai_task_management_system_task_generator_groups_generators_junctions_tables,deepwar,OVERRIDE_SAME_AS_VANILLA,"[""wh3_tms_generator_group_rift_major_chaos_additive"", ""CAI_TMS_GDS_TASK_GENERATOR_AGENT_DEPLOY_IN_ALL_FLAGGED_REGIONS_OWNED_BY_ANOTHER_SUBCULTURED_FACTION"", ""agent_deploy_to_region""]",,"{""generator"": ""CAI_TMS_GDS_TASK_GENERATOR_AGENT_DEPLOY_IN_ALL_FLAGGED_REGIONS_OWNED_BY_ANOTHER_SUBCULTURED_FACTION"", ""group"": ""wh3_tms_generator_group_rift_major_chaos_additive"", ""priority"": 20, ""variable_group"": ""agent_deploy_to_region""}",null
cai_task_management_system_task_generator_groups_generators_junctions_tables,deepwar,OVERRIDE_SAME_AS_VANILLA,"[""wh3_tms_generator_group_rift_major_chaos_additive"", ""CAI_TMS_GDS_TASK_GENERATOR_ATTACK_CHAOS_CORRUPTED_REGIONS_OWNED_BY_ANOTHER_SUBCULTURED_ENEMY"", null]",,"{""generator"": ""CAI_TMS_GDS_TASK_GENERATOR_ATTACK_CHAOS_CORRUPTED_REGIONS_OWNED_BY_ANOTHER_SUBCULTURED_ENEMY"", ""group"": ""wh3_tms_generator_group_rift_major_chaos_additive"", ""priority"": 5, ""variable_group"": null}",null
cai_task_management_system_task_generator_groups_generators_junctions_tables,deepwar,OVERRIDE_SAME_AS_VANILLA,"[""wh3_tms_generator_group_rift_major_chaos_additive"", ""CAI_TMS_GDS_TASK_GENERATOR_ATTACK_ENEMY_SETTLEMENT_NEAR_FARAWAY_RIFT_NEAR_ARMY"", null]",,"{""generator"": ""CAI_TMS_GDS_TASK_GENERATOR_ATTACK_ENEMY_SETTLEMENT_NEAR_FARAWAY_RIFT_NEAR_ARMY"", ""group"": ""wh3_tms_generator_group_rift_major_chaos_additive"", ""priority"": 10, ""variable_group"": null}",null
cai_task_management_system_task_generator_groups_generators_junctions_tables,deepwar,OVERRIDE_SAME_AS_VANILLA,"[""wh3_tms_generator_group_rift_major_chaos_additive"", ""CAI_TMS_GDS_TASK_GENERATOR_ATTACK_KNOWN_AND_UNKNOWN_FLAGGED_REGIONS_OWNED_BY_ANOTHER_SUBCULTURED_ENEMY"", null]",,"{""generator"": ""CAI_TMS_GDS_TASK_GENERATOR_ATTACK_KNOWN_AND_UNKNOWN_FLAGGED_REGIONS_OWNED_BY_ANOTHER_SUBCULTURED_ENEMY"", ""group"": ""wh3_tms_generator_group_rift_major_chaos_additive"", ""priority"": 15, ""variable_group"": null}",null
cai_task_management_system_task_generator_groups_generators_junctions_tables,deepwar,OVERRIDE_SAME_AS_VANILLA,"[""wh3_tms_generator_group_rift_major_chaos_additive"", ""CAI_TMS_GDS_TASK_GENERATOR_TARGET_ALL_RIFTS_IF_COMPLETED_ALL_REALMS"", ""gds_poi_interaction_rift_realm""]",,"{""generator"": ""CAI_TMS_GDS_TASK_GENERATOR_TARGET_ALL_RIFTS_IF_COMPLETED_ALL_REALMS"", ""group"": ""wh3_tms_generator_group_rift_major_chaos_additive"", ""priority"": 100, ""variable_group"": ""gds_poi_interaction_rift_realm""}",null
cai_task_management_system_task_generator_groups_generators_junctions_tables,deepwar,OVERRIDE_SAME_AS_VANILLA,"[""wh3_tms_generator_group_rift_major_chaos_additive"", ""CAI_TMS_GDS_TASK_GENERATOR_TARGET_RIFTS_NEAR_OUR_ARMIES_IF_LOW_HP_AND_FAR"", ""gds_poi_interaction_rift_teleport""]",,"{""generator"": ""CAI_TMS_GDS_TASK_GENERATOR_TARGET_RIFTS_NEAR_OUR_ARMIES_IF_LOW_HP_AND_FAR"", ""group"": ""wh3_tms_generator_group_rift_major_chaos_additive"", ""priority"": 25, ""variable_group"": ""gds_poi_interaction_rift_teleport""}",null
cai_task_management_system_task_generator_groups_generators_junctions_tables,deepwar,OVERRIDE_SAME_AS_VANILLA,"[""wh3_tms_generator_group_rift_major_chaos_additive"", ""CAI_TMS_GDS_TASK_GENERATOR_TARGET_RIFTS_NEAR_OUR_MAIN_ARMY_IF_COLLECTED_SOUL_THIS_CYCLE"", ""gds_poi_interaction_rift_realm""]",,"{""generator"": ""CAI_TMS_GDS_TASK_GENERATOR_TARGET_RIFTS_NEAR_OUR_MAIN_ARMY_IF_COLLECTED_SOUL_THIS_CYCLE"", ""group"": ""wh3_tms_generator_group_rift_major_chaos_additive"", ""priority"": -100, ""variable_group"": ""gds_poi_interaction_rift_realm""}",null
cai_task_management_system_task_generator_groups_generators_junctions_tables,deepwar,OVERRIDE_SAME_AS_VANILLA,"[""wh3_tms_generator_group_rift_major_chaos_additive"", ""CAI_TMS_GDS_TASK_GENERATOR_TARGET_RIFTS_NEAR_OUR_MAIN_ARMY_IF_HAVENT_INTERACTED_ONLY_FULL_ARMY"", ""gds_poi_interaction_rift_realm""]",,"{""generator"": ""CAI_TMS_GDS_TASK_GENERATOR_TARGET_RIFTS_NEAR_OUR_MAIN_ARMY_IF_HAVENT_INTERACTED_ONLY_FULL_ARMY"", ""group"": ""wh3_tms_generator_group_rift_major_chaos_additive"", ""priority"": 5, ""variable_group"": ""gds_poi_interaction_rift_realm""}",null
cai_task_management_system_task_generator_groups_generators_junctions_tables,deepwar,OVERRIDE_SAME_AS_VANILLA,"[""wh3_tms_generator_group_rift_major_chaos_additive"", ""CAI_TMS_GDS_TASK_GENERATOR_TARGET_RIFTS_NEAR_OUR_REGIONS_IF_COLLECTED_SOUL_THIS_CYCLE"", ""gds_poi_interaction_rift_realm""]",,"{""generator"": ""CAI_TMS_GDS_TASK_GENERATOR_TARGET_RIFTS_NEAR_OUR_REGIONS_IF_COLLECTED_SOUL_THIS_CYCLE"", ""group"": ""wh3_tms_generator_group_rift_major_chaos_additive"", ""priority"": -100, ""variable_group"": ""gds_poi_interaction_rift_realm""}",null
cai_task_management_system_task_generator_groups_generators_junctions_tables,deepwar,OVERRIDE_SAME_AS_VANILLA,"[""wh3_tms_generator_group_rift_major_chaos_additive"", ""CAI_TMS_GDS_TASK_GENERATOR_TARGET_RIFTS_NEAR_OUR_REGIONS_IF_HAVENT_INTERACTED_ONLY_FULL_ARMY"", ""gds_poi_interaction_rift_realm""]",,"{""generator"": ""CAI_TMS_GDS_TASK_GENERATOR_TARGET_RIFTS_NEAR_OUR_REGIONS_IF_HAVENT_INTERACTED_ONLY_FULL_ARMY"", ""group"": ""wh3_tms_generator_group_rift_major_chaos_additive"", ""priority"": 20, ""variable_group"": ""gds_poi_interaction_rift_realm""}",null
cai_task_management_system_task_generator_groups_generators_junctions_tables,deepwar,OVERRIDE_SAME_AS_VANILLA,"[""wh3_tms_generator_group_rift_major_chaos_additive"", ""CAI_TMS_GDS_TASK_GENERATOR_TARGET_RIFTS_NEAR_OUR_REGIONS_IF_HAVENT_INTERACTED_ONLY_FULL_ARMY"", ""gds_poi_interaction_rift_teleport""]",,"{""generator"": ""CAI_TMS_GDS_TASK_GENERATOR_TARGET_RIFTS_NEAR_OUR_REGIONS_IF_HAVENT_INTERACTED_ONLY_FULL_ARMY"", ""group"": ""wh3_tms_generator_group_rift_major_chaos_additive"", ""priority"": 8, ""variable_group"": ""gds_poi_interaction_rift_teleport""}",null
cai_task_management_system_task_generator_groups_generators_junctions_tables,deepwar,OVERRIDE_SAME_AS_VANILLA,"[""wh3_tms_generator_group_rift_major_chaos_additive"", ""CAI_TMS_GDS_TASK_GENERATOR_TARGET_RIFTS_NEAR_OUR_REGIONS_IF_PLAYER_HAS_MORE_SOULS"", ""gds_poi_interaction_rift_realm""]",,"{""generator"": ""CAI_TMS_GDS_TASK_GENERATOR_TARGET_RIFTS_NEAR_OUR_REGIONS_IF_PLAYER_HAS_MORE_SOULS"", ""group"": ""wh3_tms_generator_group_rift_major_chaos_additive"", ""priority"": 8, ""variable_group"": ""gds_poi_interaction_rift_realm""}",null
cai_task_management_system_task_generator_groups_generators_junctions_tables,deepwar,OVERRIDE_SAME_AS_VANILLA,"[""wh3_tms_generator_group_rift_major_chaos_additive"", ""CAI_TMS_GDS_TASK_GENERATOR_TARGET_RIFTS_NEAR_OUR_REGIONS_IF_PLAYER_IS_IN_A_REALM"", ""gds_poi_interaction_rift_realm""]",,"{""generator"": ""CAI_TMS_GDS_TASK_GENERATOR_TARGET_RIFTS_NEAR_OUR_REGIONS_IF_PLAYER_IS_IN_A_REALM"", ""group"": ""wh3_tms_generator_group_rift_major_chaos_additive"", ""priority"": 2, ""variable_group"": ""gds_poi_interaction_rift_realm""}",null
cai_task_management_system_task_generator_groups_generators_junctions_tables,deepwar,OVERRIDE_SAME_AS_VANILLA,"[""wh3_tms_generator_group_rift_major_chaos_additive"", ""CAI_TMS_GDS_TASK_GENERATOR_TARGET_RIFTS_NEAR_OUR_REGIONS_IF_PLAYER_IS_NEAR_VICTORY"", ""gds_poi_interaction_rift_realm""]",,"{""generator"": ""CAI_TMS_GDS_TASK_GENERATOR_TARGET_RIFTS_NEAR_OUR_REGIONS_IF_PLAYER_IS_NEAR_VICTORY"", ""group"": ""wh3_tms_generator_group_rift_major_chaos_additive"", ""priority"": 4, ""variable_group"": ""gds_poi_interaction_rift_realm""}",null
cai_task_management_system_task_generator_groups_generators_junctions_tables,deepwar,OVERRIDE_SAME_AS_VANILLA,"[""wh3_tms_generator_group_rift_major_nonchaos_additive"", ""CAI_TMS_GDS_TASK_GENERATOR_TARGET_ALL_RIFTS_IF_COMPLETED_ALL_REALMS"", ""gds_poi_interaction_rift_realm""]",,"{""generator"": ""CAI_TMS_GDS_TASK_GENERATOR_TARGET_ALL_RIFTS_IF_COMPLETED_ALL_REALMS"", ""group"": ""wh3_tms_generator_group_rift_major_nonchaos_additive"", ""priority"": 100, ""variable_group"": ""gds_poi_interaction_rift_realm""}",null
cai_task_management_system_task_generator_groups_generators_junctions_tables,deepwar,OVERRIDE_SAME_AS_VANILLA,"[""wh3_tms_generator_group_rift_major_nonchaos_additive"", ""CAI_TMS_GDS_TASK_GENERATOR_TARGET_RIFTS_NEAR_OUR_ARMIES_IF_LOW_HP_AND_FAR"", ""gds_poi_interaction_rift_teleport""]",,"{""generator"": ""CAI_TMS_GDS_TASK_GENERATOR_TARGET_RIFTS_NEAR_OUR_ARMIES_IF_LOW_HP_AND_FAR"", ""group"": ""wh3_tms_generator_group_rift_major_nonchaos_additive"", ""priority"": 25, ""variable_group"": ""gds_poi_interaction_rift_teleport""}",null
cai_task_management_system_task_generator_groups_generators_junctions_tables,deepwar,OVERRIDE_SAME_AS_VANILLA,"[""wh3_tms_generator_group_rift_major_nonchaos_additive"", ""CAI_TMS_GDS_TASK_GENERATOR_TARGET_RIFTS_NEAR_OUR_MAIN_ARMY_IF_COLLECTED_SOUL_THIS_CYCLE"", ""gds_poi_interaction_rift_realm""]",,"{""generator"": ""CAI_TMS_GDS_TASK_GENERATOR_TARGET_RIFTS_NEAR_OUR_MAIN_ARMY_IF_COLLECTED_SOUL_THIS_CYCLE"", ""group"": ""wh3_tms_generator_group_rift_major_nonchaos_additive"", ""priority"": -100, ""variable_group"": ""gds_poi_interaction_rift_realm""}",null
cai_task_management_system_task_generator_groups_generators_junctions_tables,deepwar,OVERRIDE_SAME_AS_VANILLA,"[""wh3_tms_generator_group_rift_major_nonchaos_additive"", ""CAI_TMS_GDS_TASK_GENERATOR_TARGET_RIFTS_NEAR_OUR_MAIN_ARMY_IF_HAVENT_INTERACTED_ONLY_FULL_ARMY"", ""gds_poi_interaction_rift_realm""]",,"{""generator"": ""CAI_TMS_GDS_TASK_GENERATOR_TARGET_RIFTS_NEAR_OUR_MAIN_ARMY_IF_HAVENT_INTERACTED_ONLY_FULL_ARMY"", ""group"": ""wh3_tms_generator_group_rift_major_nonchaos_additive"", ""priority"": 5, ""variable_group"": ""gds_poi_interaction_rift_realm""}",null
cai_task_management_system_task_generator_groups_generators_junctions_tables,deepwar,OVERRIDE_SAME_AS_VANILLA,"[""wh3_tms_generator_group_rift_major_nonchaos_additive"", ""CAI_TMS_GDS_TASK_GENERATOR_TARGET_RIFTS_NEAR_OUR_REGIONS_IF_CHAOS_CORRUPTION_HIGH"", ""gds_poi_interaction_rift_close""]",,"{""generator"": ""CAI_TMS_GDS_TASK_GENERATOR_TARGET_RIFTS_NEAR_OUR_REGIONS_IF_CHAOS_CORRUPTION_HIGH"", ""group"": ""wh3_tms_generator_group_rift_major_nonchaos_additive"", ""priority"": 3, ""variable_group"": ""gds_poi_interaction_rift_close""}",null
cai_task_management_system_task_generator_groups_generators_junctions_tables,deepwar,OVERRIDE_SAME_AS_VANILLA,"[""wh3_tms_generator_group_rift_major_nonchaos_additive"", ""CAI_TMS_GDS_TASK_GENERATOR_TARGET_RIFTS_NEAR_OUR_REGIONS_IF_COLLECTED_SOUL_THIS_CYCLE"", ""gds_poi_interaction_rift_realm""]",,"{""generator"": ""CAI_TMS_GDS_TASK_GENERATOR_TARGET_RIFTS_NEAR_OUR_REGIONS_IF_COLLECTED_SOUL_THIS_CYCLE"", ""group"": ""wh3_tms_generator_group_rift_major_nonchaos_additive"", ""priority"": -100, ""variable_group"": ""gds_poi_interaction_rift_realm""}",null
cai_task_management_system_task_generator_groups_generators_junctions_tables,deepwar,OVERRIDE_SAME_AS_VANILLA,"[""wh3_tms_generator_group_rift_major_nonchaos_additive"", ""CAI_TMS_GDS_TASK_GENERATOR_TARGET_RIFTS_NEAR_OUR_REGIONS_IF_HAVENT_INTERACTED"", ""gds_poi_interaction_rift_close""]",,"{""generator"": ""CAI_TMS_GDS_TASK_GENERATOR_TARGET_RIFTS_NEAR_OUR_REGIONS_IF_HAVENT_INTERACTED"", ""group"": ""wh3_tms_generator_group_rift_major_nonchaos_additive"", ""priority"": 5, ""variable_group"": ""gds_poi_interaction_rift_close""}",null
cai_task_management_system_task_generator_groups_generators_junctions_tables,deepwar,OVERRIDE_SAME_AS_VANILLA,"[""wh3_tms_generator_group_rift_major_nonchaos_additive"", ""CAI_TMS_GDS_TASK_GENERATOR_TARGET_RIFTS_NEAR_OUR_REGIONS_IF_HAVENT_INTERACTED_ONLY_FULL_ARMY"", ""gds_poi_interaction_rift_realm""]",,"{""generator"": ""CAI_TMS_GDS_TASK_GENERATOR_TARGET_RIFTS_NEAR_OUR_REGIONS_IF_HAVENT_INTERACTED_ONLY_FULL_ARMY"", ""group"": ""wh3_tms_generator_group_rift_major_nonchaos_additive"", ""priority"": 20, ""variable_group"": ""gds_poi_interaction_rift_realm""}",null
cai_task_management_system_task_generator_groups_generators_junctions_tables,deepwar,OVERRIDE_SAME_AS_VANILLA,"[""wh3_tms_generator_group_rift_major_nonchaos_additive"", ""CAI_TMS_GDS_TASK_GENERATOR_TARGET_RIFTS_NEAR_OUR_REGIONS_IF_HAVENT_INTERACTED_ONLY_FULL_ARMY"", ""gds_poi_interaction_rift_teleport""]",,"{""generator"": ""CAI_TMS_GDS_TASK_GENERATOR_TARGET_RIFTS_NEAR_OUR_REGIONS_IF_HAVENT_INTERACTED_ONLY_FULL_ARMY"", ""group"": ""wh3_tms_generator_group_rift_major_nonchaos_additive"", ""priority"": 0, ""variable_group"": ""gds_poi_interaction_rift_teleport""}",null
cai_task_management_system_task_generator_groups_generators_junctions_tables,deepwar,OVERRIDE_SAME_AS_VANILLA,"[""wh3_tms_generator_group_rift_major_nonchaos_additive"", ""CAI_TMS_GDS_TASK_GENERATOR_TARGET_RIFTS_NEAR_OUR_REGIONS_IF_PLAYER_HAS_MORE_SOULS"", ""gds_poi_interaction_rift_realm""]",,"{""generator"": ""CAI_TMS_GDS_TASK_GENERATOR_TARGET_RIFTS_NEAR_OUR_REGIONS_IF_PLAYER_HAS_MORE_SOULS"", ""group"": ""wh3_tms_generator_group_rift_major_nonchaos_additive"", ""priority"": 8, ""variable_group"": ""gds_poi_interaction_rift_realm""}",null
cai_task_management_system_task_generator_groups_generators_junctions_tables,deepwar,OVERRIDE_SAME_AS_VANILLA,"[""wh3_tms_generator_group_rift_major_nonchaos_additive"", ""CAI_TMS_GDS_TASK_GENERATOR_TARGET_RIFTS_NEAR_OUR_REGIONS_IF_PLAYER_IS_IN_A_REALM"", ""gds_poi_interaction_rift_realm""]",,"{""generator"": ""CAI_TMS_GDS_TASK_GENERATOR_TARGET_RIFTS_NEAR_OUR_REGIONS_IF_PLAYER_IS_IN_A_REALM"", ""group"": ""wh3_tms_generator_group_rift_major_nonchaos_additive"", ""priority"": 2, ""variable_group"": ""gds_poi_interaction_rift_realm""}",null
cai_task_management_system_task_generator_groups_generators_junctions_tables,deepwar,OVERRIDE_SAME_AS_VANILLA,"[""wh3_tms_generator_group_rift_major_nonchaos_additive"", ""CAI_TMS_GDS_TASK_GENERATOR_TARGET_RIFTS_NEAR_OUR_REGIONS_IF_PLAYER_IS_NEAR_VICTORY"", ""gds_poi_interaction_rift_realm""]",,"{""generator"": ""CAI_TMS_GDS_TASK_GENERATOR_TARGET_RIFTS_NEAR_OUR_REGIONS_IF_PLAYER_IS_NEAR_VICTORY"", ""group"": ""wh3_tms_generator_group_rift_major_nonchaos_additive"", ""priority"": 4, ""variable_group"": ""gds_poi_interaction_rift_realm""}",null
cai_task_management_system_task_generator_groups_generators_junctions_tables,deepwar,OVERRIDE_SAME_AS_VANILLA,"[""wh3_tms_generator_group_rift_minor_chaos_override"", ""CAI_TMS_GDS_TASK_GENERATOR_ATTACK_ENEMY_HUMAN_FORCES_IF_HUMAN_IN_REALM"", null]",,"{""generator"": ""CAI_TMS_GDS_TASK_GENERATOR_ATTACK_ENEMY_HUMAN_FORCES_IF_HUMAN_IN_REALM"", ""group"": ""wh3_tms_generator_group_rift_minor_chaos_override"", ""priority"": 8, ""variable_group"": null}",null
cai_task_management_system_task_generator_groups_generators_junctions_tables,deepwar,OVERRIDE_SAME_AS_VANILLA,"[""wh3_tms_generator_group_rift_minor_chaos_override"", ""CAI_TMS_GDS_TASK_GENERATOR_ATTACK_ENEMY_HUMAN_SETTLEMENTS_IF_HUMAN_IN_REALM"", null]",,"{""generator"": ""CAI_TMS_GDS_TASK_GENERATOR_ATTACK_ENEMY_HUMAN_SETTLEMENTS_IF_HUMAN_IN_REALM"", ""group"": ""wh3_tms_generator_group_rift_minor_chaos_override"", ""priority"": 8, ""variable_group"": null}",null
cai_task_management_system_task_generator_groups_generators_junctions_tables,deepwar,OVERRIDE_SAME_AS_VANILLA,"[""wh3_tms_generator_group_rift_minor_chaos_override"", ""CAI_TMS_GDS_TASK_GENERATOR_TARGET_RIFTS_NEAR_OUR_ARMIES_IF_LOW_HP_AND_FAR"", ""gds_poi_interaction_rift_teleport""]",,"{""generator"": ""CAI_TMS_GDS_TASK_GENERATOR_TARGET_RIFTS_NEAR_OUR_ARMIES_IF_LOW_HP_AND_FAR"", ""group"": ""wh3_tms_generator_group_rift_minor_chaos_override"", ""priority"": -1, ""variable_group"": ""gds_poi_interaction_rift_teleport""}",null
cai_task_management_system_task_generator_groups_generators_junctions_tables,deepwar,OVERRIDE_SAME_AS_VANILLA,"[""wh3_tms_generator_group_rift_minor_chaos_override"", ""CAI_TMS_GDS_TASK_GENERATOR_TARGET_RIFTS_NEAR_OUR_REGIONS_IF_HAVENT_INTERACTED_ONLY_FULL_ARMY"", ""gds_poi_interaction_rift_realm""]",,"{""generator"": ""CAI_TMS_GDS_TASK_GENERATOR_TARGET_RIFTS_NEAR_OUR_REGIONS_IF_HAVENT_INTERACTED_ONLY_FULL_ARMY"", ""group"": ""wh3_tms_generator_group_rift_minor_chaos_override"", ""priority"": -1, ""variable_group"": ""gds_poi_interaction_rift_realm""}",null
cai_task_management_system_task_generator_groups_generators_junctions_tables,deepwar,OVERRIDE_SAME_AS_VANILLA,"[""wh3_tms_generator_group_rift_minor_chaos_override"", ""CAI_TMS_GDS_TASK_GENERATOR_TARGET_RIFTS_NEAR_OUR_REGIONS_IF_HAVENT_INTERACTED_ONLY_FULL_ARMY"", ""gds_poi_interaction_rift_teleport""]",,"{""generator"": ""CAI_TMS_GDS_TASK_GENERATOR_TARGET_RIFTS_NEAR_OUR_REGIONS_IF_HAVENT_INTERACTED_ONLY_FULL_ARMY"", ""group"": ""wh3_tms_generator_group_rift_minor_chaos_override"", ""priority"": -1, ""variable_group"": ""gds_poi_interaction_rift_teleport""}",null
cai_task_management_system_task_generator_groups_generators_junctions_tables,deepwar,OVERRIDE_SAME_AS_VANILLA,"[""wh3_tms_generator_group_rift_minor_chaos_override"", ""CAI_TMS_GDS_TASK_GENERATOR_TARGET_RIFTS_NEAR_OUR_REGIONS_IF_PLAYER_HAS_MORE_SOULS"", ""gds_poi_interaction_rift_realm""]",,"{""generator"": ""CAI_TMS_GDS_TASK_GENERATOR_TARGET_RIFTS_NEAR_OUR_REGIONS_IF_PLAYER_HAS_MORE_SOULS"", ""group"": ""wh3_tms_generator_group_rift_minor_chaos_override"", ""priority"": -1, ""variable_group"": ""gds_poi_interaction_rift_realm""}",null
cai_task_management_system_task_generator_groups_generators_junctions_tables,deepwar,OVERRIDE_SAME_AS_VANILLA,"[""wh3_tms_generator_group_rift_minor_chaos_override"", ""CAI_TMS_GDS_TASK_GENERATOR_TARGET_RIFTS_NEAR_OUR_REGIONS_IF_PLAYER_IS_IN_A_REALM"", ""gds_poi_interaction_rift_realm""]",,"{""generator"": ""CAI_TMS_GDS_TASK_GENERATOR_TARGET_RIFTS_NEAR_OUR_REGIONS_IF_PLAYER_IS_IN_A_REALM"", ""group"": ""wh3_tms_generator_group_rift_minor_chaos_override"", ""priority"": -1, ""variable_group"": ""gds_poi_interaction_rift_realm""}",null
cai_task_management_system_task_generator_groups_generators_junctions_tables,deepwar,OVERRIDE_SAME_AS_VANILLA,"[""wh3_tms_generator_group_rift_minor_chaos_override"", ""CAI_TMS_GDS_TASK_GENERATOR_TARGET_RIFTS_NEAR_OUR_REGIONS_IF_PLAYER_IS_NEAR_VICTORY"", ""gds_poi_interaction_rift_realm""]",,"{""generator"": ""CAI_TMS_GDS_TASK_GENERATOR_TARGET_RIFTS_NEAR_OUR_REGIONS_IF_PLAYER_IS_NEAR_VICTORY"", ""group"": ""wh3_tms_generator_group_rift_minor_chaos_override"", ""priority"": -1, ""variable_group"": ""gds_poi_interaction_rift_realm""}",null
cai_task_management_system_task_generator_groups_generators_junctions_tables,deepwar,OVERRIDE_SAME_AS_VANILLA,"[""wh3_tms_generator_group_rift_minor_nonchaos_override"", ""CAI_TMS_GDS_TASK_GENERATOR_ATTACK_ENEMY_HUMAN_FORCES_IF_HUMAN_IN_REALM"", null]",,"{""generator"": ""CAI_TMS_GDS_TASK_GENERATOR_ATTACK_ENEMY_HUMAN_FORCES_IF_HUMAN_IN_REALM"", ""group"": ""wh3_tms_generator_group_rift_minor_nonchaos_override"", ""priority"": 8, ""variable_group"": null}",null
cai_task_management_system_task_generator_groups_generators_junctions_tables,deepwar,OVERRIDE_SAME_AS_VANILLA,"[""wh3_tms_generator_group_rift_minor_nonchaos_override"", ""CAI_TMS_GDS_TASK_GENERATOR_ATTACK_ENEMY_HUMAN_SETTLEMENTS_IF_HUMAN_IN_REALM"", null]",,"{""generator"": ""CAI_TMS_GDS_TASK_GENERATOR_ATTACK_ENEMY_HUMAN_SETTLEMENTS_IF_HUMAN_IN_REALM"", ""group"": ""wh3_tms_generator_group_rift_minor_nonchaos_override"", ""priority"": 8, ""variable_group"": null}",null
cai_task_management_system_task_generator_groups_generators_junctions_tables,deepwar,OVERRIDE_SAME_AS_VANILLA,"[""wh3_tms_generator_group_rift_minor_nonchaos_override"", ""CAI_TMS_GDS_TASK_GENERATOR_TARGET_RIFTS_IN_OUR_REGIONS_IF_CHAOS_CORRUPTION_HIGH_NONSCALED"", ""gds_poi_interaction_rift_close""]",,"{""generator"": ""CAI_TMS_GDS_TASK_GENERATOR_TARGET_RIFTS_IN_OUR_REGIONS_IF_CHAOS_CORRUPTION_HIGH_NONSCALED"", ""group"": ""wh3_tms_generator_group_rift_minor_nonchaos_override"", ""priority"": 2, ""variable_group"": ""gds_poi_interaction_rift_close""}",null
cai_task_management_system_task_generator_groups_generators_junctions_tables,deepwar,OVERRIDE_SAME_AS_VANILLA,"[""wh3_tms_generator_group_rift_minor_nonchaos_override"", ""CAI_TMS_GDS_TASK_GENERATOR_TARGET_RIFTS_NEAR_OUR_ARMIES_IF_LOW_HP_AND_FAR"", ""gds_poi_interaction_rift_teleport""]",,"{""generator"": ""CAI_TMS_GDS_TASK_GENERATOR_TARGET_RIFTS_NEAR_OUR_ARMIES_IF_LOW_HP_AND_FAR"", ""group"": ""wh3_tms_generator_group_rift_minor_nonchaos_override"", ""priority"": -1, ""variable_group"": ""gds_poi_interaction_rift_teleport""}",null
cai_task_management_system_task_generator_groups_generators_junctions_tables,deepwar,OVERRIDE_SAME_AS_VANILLA,"[""wh3_tms_generator_group_rift_minor_nonchaos_override"", ""CAI_TMS_GDS_TASK_GENERATOR_TARGET_RIFTS_NEAR_OUR_REGIONS_IF_CHAOS_CORRUPTION_HIGH"", ""gds_poi_interaction_rift_close""]",,"{""generator"": ""CAI_TMS_GDS_TASK_GENERATOR_TARGET_RIFTS_NEAR_OUR_REGIONS_IF_CHAOS_CORRUPTION_HIGH"", ""group"": ""wh3_tms_generator_group_rift_minor_nonchaos_override"", ""priority"": 4, ""variable_group"": ""gds_poi_interaction_rift_close""}",null
cai_task_management_system_task_generator_groups_generators_junctions_tables,deepwar,OVERRIDE_SAME_AS_VANILLA,"[""wh3_tms_generator_group_rift_minor_nonchaos_override"", ""CAI_TMS_GDS_TASK_GENERATOR_TARGET_RIFTS_NEAR_OUR_REGIONS_IF_HAVENT_INTERACTED"", ""gds_poi_interaction_rift_close""]",,"{""generator"": ""CAI_TMS_GDS_TASK_GENERATOR_TARGET_RIFTS_NEAR_OUR_REGIONS_IF_HAVENT_INTERACTED"", ""group"": ""wh3_tms_generator_group_rift_minor_nonchaos_override"", ""priority"": 2, ""variable_group"": ""gds_poi_interaction_rift_close""}",null
cai_task_management_system_task_generator_groups_generators_junctions_tables,deepwar,OVERRIDE_SAME_AS_VANILLA,"[""wh3_tms_generator_group_rift_minor_nonchaos_override"", ""CAI_TMS_GDS_TASK_GENERATOR_TARGET_RIFTS_NEAR_OUR_REGIONS_IF_HAVENT_INTERACTED_ONLY_FULL_ARMY"", ""gds_poi_interaction_rift_realm""]",,"{""generator"": ""CAI_TMS_GDS_TASK_GENERATOR_TARGET_RIFTS_NEAR_OUR_REGIONS_IF_HAVENT_INTERACTED_ONLY_FULL_ARMY"", ""group"": ""wh3_tms_generator_group_rift_minor_nonchaos_override"", ""priority"": -1, ""variable_group"": ""gds_poi_interaction_rift_realm""}",null
cai_task_management_system_task_generator_groups_generators_junctions_tables,deepwar,OVERRIDE_SAME_AS_VANILLA,"[""wh3_tms_generator_group_rift_minor_nonchaos_override"", ""CAI_TMS_GDS_TASK_GENERATOR_TARGET_RIFTS_NEAR_OUR_REGIONS_IF_HAVENT_INTERACTED_ONLY_FULL_ARMY"", ""gds_poi_interaction_rift_teleport""]",,"{""generator"": ""CAI_TMS_GDS_TASK_GENERATOR_TARGET_RIFTS_NEAR_OUR_REGIONS_IF_HAVENT_INTERACTED_ONLY_FULL_ARMY"", ""group"": ""wh3_tms_generator_group_rift_minor_nonchaos_override"", ""priority"": -1, ""variable_group"": ""gds_poi_interaction_rift_teleport""}",null
cai_task_management_system_task_generator_groups_generators_junctions_tables,deepwar,OVERRIDE_SAME_AS_VANILLA,"[""wh3_tms_generator_group_rift_minor_nonchaos_override"", ""CAI_TMS_GDS_TASK_GENERATOR_TARGET_RIFTS_NEAR_OUR_REGIONS_IF_PLAYER_HAS_MORE_SOULS"", ""gds_poi_interaction_rift_realm""]",,"{""generator"": ""CAI_TMS_GDS_TASK_GENERATOR_TARGET_RIFTS_NEAR_OUR_REGIONS_IF_PLAYER_HAS_MORE_SOULS"", ""group"": ""wh3_tms_generator_group_rift_minor_nonchaos_override"", ""priority"": -1, ""variable_group"": ""gds_poi_interaction_rift_realm""}",null
cai_task_management_system_task_generator_groups_generators_junctions_tables,deepwar,OVERRIDE_SAME_AS_VANILLA,"[""wh3_tms_generator_group_rift_minor_nonchaos_override"", ""CAI_TMS_GDS_TASK_GENERATOR_TARGET_RIFTS_NEAR_OUR_REGIONS_IF_PLAYER_IS_IN_A_REALM"", ""gds_poi_interaction_rift_realm""]",,"{""generator"": ""CAI_TMS_GDS_TASK_GENERATOR_TARGET_RIFTS_NEAR_OUR_REGIONS_IF_PLAYER_IS_IN_A_REALM"", ""group"": ""wh3_tms_generator_group_rift_minor_nonchaos_override"", ""priority"": -1, ""variable_group"": ""gds_poi_interaction_rift_realm""}",null
cai_task_management_system_task_generator_groups_generators_junctions_tables,deepwar,OVERRIDE_SAME_AS_VANILLA,"[""wh3_tms_generator_group_rift_minor_nonchaos_override"", ""CAI_TMS_GDS_TASK_GENERATOR_TARGET_RIFTS_NEAR_OUR_REGIONS_IF_PLAYER_IS_NEAR_VICTORY"", ""gds_poi_interaction_rift_realm""]",,"{""generator"": ""CAI_TMS_GDS_TASK_GENERATOR_TARGET_RIFTS_NEAR_OUR_REGIONS_IF_PLAYER_IS_NEAR_VICTORY"", ""group"": ""wh3_tms_generator_group_rift_minor_nonchaos_override"", ""priority"": -1, ""variable_group"": ""gds_poi_interaction_rift_realm""}",null
cai_task_management_system_task_generator_groups_generators_junctions_tables,deepwar,OVERRIDE_SAME_AS_VANILLA,"[""wh3_tms_generator_group_rift_spawned_khorne"", ""CAI_TMS_GDS_TASK_GENERATOR_AGENT_ATTACK_NEARBY_SETTLEMENT_IF_FRIENDLY_ARMY_PRESENT"", null]",,"{""generator"": ""CAI_TMS_GDS_TASK_GENERATOR_AGENT_ATTACK_NEARBY_SETTLEMENT_IF_FRIENDLY_ARMY_PRESENT"", ""group"": ""wh3_tms_generator_group_rift_spawned_khorne"", ""priority"": 20, ""variable_group"": null}",null
cai_task_management_system_task_generator_groups_generators_junctions_tables,deepwar,OVERRIDE_SAME_AS_VANILLA,"[""wh3_tms_generator_group_rift_spawned_khorne"", ""CAI_TMS_GDS_TASK_GENERATOR_AGENT_DEPLOY_IN_NEARBY_ENEMY_REGION_LOW_ON_CORRUPTION_KHORNE"", ""agent_deploy_to_region""]",,"{""generator"": ""CAI_TMS_GDS_TASK_GENERATOR_AGENT_DEPLOY_IN_NEARBY_ENEMY_REGION_LOW_ON_CORRUPTION_KHORNE"", ""group"": ""wh3_tms_generator_group_rift_spawned_khorne"", ""priority"": 10, ""variable_group"": ""agent_deploy_to_region""}",null
cai_task_management_system_task_generator_groups_generators_junctions_tables,deepwar,OVERRIDE_SAME_AS_VANILLA,"[""wh3_tms_generator_group_rift_spawned_khorne"", ""CAI_TMS_GDS_TASK_GENERATOR_AGENT_DEPLOY_IN_NEARBY_REGION"", ""agent_deploy_to_region""]",,"{""generator"": ""CAI_TMS_GDS_TASK_GENERATOR_AGENT_DEPLOY_IN_NEARBY_REGION"", ""group"": ""wh3_tms_generator_group_rift_spawned_khorne"", ""priority"": 1, ""variable_group"": ""agent_deploy_to_region""}",null
cai_task_management_system_task_generator_groups_generators_junctions_tables,deepwar,OVERRIDE_SAME_AS_VANILLA,"[""wh3_tms_generator_group_rift_spawned_khorne"", ""CAI_TMS_GDS_TASK_GENERATOR_RAID_ANY_SETTLEMENT_NEAR_OUR_FORCES"", null]",,"{""generator"": ""CAI_TMS_GDS_TASK_GENERATOR_RAID_ANY_SETTLEMENT_NEAR_OUR_FORCES"", ""group"": ""wh3_tms_generator_group_rift_spawned_khorne"", ""priority"": 1, ""variable_group"": null}",null
cai_task_management_system_task_generator_groups_generators_junctions_tables,deepwar,OVERRIDE_SAME_AS_VANILLA,"[""wh3_tms_generator_group_rift_spawned_khorne"", ""CAI_TMS_TASK_GENERATOR_ATTACK_ALL_LOCAL_FORCES_SIZE_SCALED"", null]",,"{""generator"": ""CAI_TMS_TASK_GENERATOR_ATTACK_ALL_LOCAL_FORCES_SIZE_SCALED"", ""group"": ""wh3_tms_generator_group_rift_spawned_khorne"", ""priority"": 5, ""variable_group"": null}",null
cai_task_management_system_task_generator_groups_generators_junctions_tables,deepwar,OVERRIDE_SAME_AS_VANILLA,"[""wh3_tms_generator_group_rift_spawned_khorne"", ""CAI_TMS_TASK_GENERATOR_ATTACK_SETTLEMENTS_NEAR_OUR_FORCES"", null]",,"{""generator"": ""CAI_TMS_TASK_GENERATOR_ATTACK_SETTLEMENTS_NEAR_OUR_FORCES"", ""group"": ""wh3_tms_generator_group_rift_spawned_khorne"", ""priority"": 20, ""variable_group"": null}",null
cai_task_management_system_task_generator_groups_generators_junctions_tables,deepwar,OVERRIDE_SAME_AS_VANILLA,"[""wh3_tms_generator_group_rift_spawned_legion"", ""CAI_TMS_GDS_TASK_GENERATOR_AGENT_ATTACK_NEARBY_SETTLEMENT_IF_FRIENDLY_ARMY_PRESENT"", null]",,"{""generator"": ""CAI_TMS_GDS_TASK_GENERATOR_AGENT_ATTACK_NEARBY_SETTLEMENT_IF_FRIENDLY_ARMY_PRESENT"", ""group"": ""wh3_tms_generator_group_rift_spawned_legion"", ""priority"": 20, ""variable_group"": null}",null
cai_task_management_system_task_generator_groups_generators_junctions_tables,deepwar,OVERRIDE_SAME_AS_VANILLA,"[""wh3_tms_generator_group_rift_spawned_legion"", ""CAI_TMS_GDS_TASK_GENERATOR_AGENT_DEPLOY_IN_NEARBY_ENEMY_REGION_LOW_ON_CORRUPTION_ANY"", ""agent_deploy_to_region""]",,"{""generator"": ""CAI_TMS_GDS_TASK_GENERATOR_AGENT_DEPLOY_IN_NEARBY_ENEMY_REGION_LOW_ON_CORRUPTION_ANY"", ""group"": ""wh3_tms_generator_group_rift_spawned_legion"", ""priority"": 10, ""variable_group"": ""agent_deploy_to_region""}",null
cai_task_management_system_task_generator_groups_generators_junctions_tables,deepwar,OVERRIDE_SAME_AS_VANILLA,"[""wh3_tms_generator_group_rift_spawned_legion"", ""CAI_TMS_GDS_TASK_GENERATOR_AGENT_DEPLOY_IN_NEARBY_REGION"", ""agent_deploy_to_region""]",,"{""generator"": ""CAI_TMS_GDS_TASK_GENERATOR_AGENT_DEPLOY_IN_NEARBY_REGION"", ""group"": ""wh3_tms_generator_group_rift_spawned_legion"", ""priority"": 1, ""variable_group"": ""agent_deploy_to_region""}",null
cai_task_management_system_task_generator_groups_generators_junctions_tables,deepwar,OVERRIDE_SAME_AS_VANILLA,"[""wh3_tms_generator_group_rift_spawned_legion"", ""CAI_TMS_GDS_TASK_GENERATOR_RAID_ANY_SETTLEMENT_NEAR_OUR_FORCES"", null]",,"{""generator"": ""CAI_TMS_GDS_TASK_GENERATOR_RAID_ANY_SETTLEMENT_NEAR_OUR_FORCES"", ""group"": ""wh3_tms_generator_group_rift_spawned_legion"", ""priority"": 1, ""variable_group"": null}",null
cai_task_management_system_task_generator_groups_generators_junctions_tables,deepwar,OVERRIDE_SAME_AS_VANILLA,"[""wh3_tms_generator_group_rift_spawned_legion"", ""CAI_TMS_TASK_GENERATOR_ATTACK_ALL_LOCAL_FORCES_SIZE_SCALED"", null]",,"{""generator"": ""CAI_TMS_TASK_GENERATOR_ATTACK_ALL_LOCAL_FORCES_SIZE_SCALED"", ""group"": ""wh3_tms_generator_group_rift_spawned_legion"", ""priority"": 5, ""variable_group"": null}",null
cai_task_management_system_task_generator_groups_generators_junctions_tables,deepwar,OVERRIDE_SAME_AS_VANILLA,"[""wh3_tms_generator_group_rift_spawned_legion"", ""CAI_TMS_TASK_GENERATOR_ATTACK_SETTLEMENTS_NEAR_OUR_FORCES"", null]",,"{""generator"": ""CAI_TMS_TASK_GENERATOR_ATTACK_SETTLEMENTS_NEAR_OUR_FORCES"", ""group"": ""wh3_tms_generator_group_rift_spawned_legion"", ""priority"": 20, ""variable_group"": null}",null
cai_task_management_system_task_generator_groups_generators_junctions_tables,deepwar,OVERRIDE_SAME_AS_VANILLA,"[""wh3_tms_generator_group_rift_spawned_nurgle"", ""CAI_TMS_GDS_TASK_GENERATOR_AGENT_ATTACK_NEARBY_SETTLEMENT_IF_FRIENDLY_ARMY_PRESENT"", null]",,"{""generator"": ""CAI_TMS_GDS_TASK_GENERATOR_AGENT_ATTACK_NEARBY_SETTLEMENT_IF_FRIENDLY_ARMY_PRESENT"", ""group"": ""wh3_tms_generator_group_rift_spawned_nurgle"", ""priority"": 20, ""variable_group"": null}",null
cai_task_management_system_task_generator_groups_generators_junctions_tables,deepwar,OVERRIDE_SAME_AS_VANILLA,"[""wh3_tms_generator_group_rift_spawned_nurgle"", ""CAI_TMS_GDS_TASK_GENERATOR_AGENT_DEPLOY_IN_NEARBY_ENEMY_REGION_LOW_ON_CORRUPTION_NURGLE"", ""agent_deploy_to_region""]",,"{""generator"": ""CAI_TMS_GDS_TASK_GENERATOR_AGENT_DEPLOY_IN_NEARBY_ENEMY_REGION_LOW_ON_CORRUPTION_NURGLE"", ""group"": ""wh3_tms_generator_group_rift_spawned_nurgle"", ""priority"": 10, ""variable_group"": ""agent_deploy_to_region""}",null
cai_task_management_system_task_generator_groups_generators_junctions_tables,deepwar,OVERRIDE_SAME_AS_VANILLA,"[""wh3_tms_generator_group_rift_spawned_nurgle"", ""CAI_TMS_GDS_TASK_GENERATOR_AGENT_DEPLOY_IN_NEARBY_REGION"", ""agent_deploy_to_region""]",,"{""generator"": ""CAI_TMS_GDS_TASK_GENERATOR_AGENT_DEPLOY_IN_NEARBY_REGION"", ""group"": ""wh3_tms_generator_group_rift_spawned_nurgle"", ""priority"": 1, ""variable_group"": ""agent_deploy_to_region""}",null
cai_task_management_system_task_generator_groups_generators_junctions_tables,deepwar,OVERRIDE_SAME_AS_VANILLA,"[""wh3_tms_generator_group_rift_spawned_nurgle"", ""CAI_TMS_GDS_TASK_GENERATOR_RAID_ANY_SETTLEMENT_NEAR_OUR_FORCES"", null]",,"{""generator"": ""CAI_TMS_GDS_TASK_GENERATOR_RAID_ANY_SETTLEMENT_NEAR_OUR_FORCES"", ""group"": ""wh3_tms_generator_group_rift_spawned_nurgle"", ""priority"": 1, ""variable_group"": null}",null
cai_task_management_system_task_generator_groups_generators_junctions_tables,deepwar,OVERRIDE_SAME_AS_VANILLA,"[""wh3_tms_generator_group_rift_spawned_nurgle"", ""CAI_TMS_TASK_GENERATOR_ATTACK_ALL_LOCAL_FORCES_SIZE_SCALED"", null]",,"{""generator"": ""CAI_TMS_TASK_GENERATOR_ATTACK_ALL_LOCAL_FORCES_SIZE_SCALED"", ""group"": ""wh3_tms_generator_group_rift_spawned_nurgle"", ""priority"": 5, ""variable_group"": null}",null
cai_task_management_system_task_generator_groups_generators_junctions_tables,deepwar,OVERRIDE_SAME_AS_VANILLA,"[""wh3_tms_generator_group_rift_spawned_nurgle"", ""CAI_TMS_TASK_GENERATOR_ATTACK_SETTLEMENTS_NEAR_OUR_FORCES"", null]",,"{""generator"": ""CAI_TMS_TASK_GENERATOR_ATTACK_SETTLEMENTS_NEAR_OUR_FORCES"", ""group"": ""wh3_tms_generator_group_rift_spawned_nurgle"", ""priority"": 20, ""variable_group"": null}",null
cai_task_management_system_task_generator_groups_generators_junctions_tables,deepwar,OVERRIDE_SAME_AS_VANILLA,"[""wh3_tms_generator_group_rift_spawned_slaanesh"", ""CAI_TMS_GDS_TASK_GENERATOR_AGENT_ATTACK_NEARBY_SETTLEMENT_IF_FRIENDLY_ARMY_PRESENT"", null]",,"{""generator"": ""CAI_TMS_GDS_TASK_GENERATOR_AGENT_ATTACK_NEARBY_SETTLEMENT_IF_FRIENDLY_ARMY_PRESENT"", ""group"": ""wh3_tms_generator_group_rift_spawned_slaanesh"", ""priority"": 20, ""variable_group"": null}",null
cai_task_management_system_task_generator_groups_generators_junctions_tables,deepwar,OVERRIDE_SAME_AS_VANILLA,"[""wh3_tms_generator_group_rift_spawned_slaanesh"", ""CAI_TMS_GDS_TASK_GENERATOR_AGENT_DEPLOY_IN_NEARBY_ENEMY_REGION_LOW_ON_CORRUPTION_SLAANESH"", ""agent_deploy_to_region""]",,"{""generator"": ""CAI_TMS_GDS_TASK_GENERATOR_AGENT_DEPLOY_IN_NEARBY_ENEMY_REGION_LOW_ON_CORRUPTION_SLAANESH"", ""group"": ""wh3_tms_generator_group_rift_spawned_slaanesh"", ""priority"": 10, ""variable_group"": ""agent_deploy_to_region""}",null
cai_task_management_system_task_generator_groups_generators_junctions_tables,deepwar,OVERRIDE_SAME_AS_VANILLA,"[""wh3_tms_generator_group_rift_spawned_slaanesh"", ""CAI_TMS_GDS_TASK_GENERATOR_AGENT_DEPLOY_IN_NEARBY_REGION"", ""agent_deploy_to_region""]",,"{""generator"": ""CAI_TMS_GDS_TASK_GENERATOR_AGENT_DEPLOY_IN_NEARBY_REGION"", ""group"": ""wh3_tms_generator_group_rift_spawned_slaanesh"", ""priority"": 1, ""variable_group"": ""agent_deploy_to_region""}",null
cai_task_management_system_task_generator_groups_generators_junctions_tables,deepwar,OVERRIDE_SAME_AS_VANILLA,"[""wh3_tms_generator_group_rift_spawned_slaanesh"", ""CAI_TMS_GDS_TASK_GENERATOR_RAID_ANY_SETTLEMENT_NEAR_OUR_FORCES"", null]",,"{""generator"": ""CAI_TMS_GDS_TASK_GENERATOR_RAID_ANY_SETTLEMENT_NEAR_OUR_FORCES"", ""group"": ""wh3_tms_generator_group_rift_spawned_slaanesh"", ""priority"": 1, ""variable_group"": null}",null
cai_task_management_system_task_generator_groups_generators_junctions_tables,deepwar,OVERRIDE_SAME_AS_VANILLA,"[""wh3_tms_generator_group_rift_spawned_slaanesh"", ""CAI_TMS_TASK_GENERATOR_ATTACK_ALL_LOCAL_FORCES_SIZE_SCALED"", null]",,"{""generator"": ""CAI_TMS_TASK_GENERATOR_ATTACK_ALL_LOCAL_FORCES_SIZE_SCALED"", ""group"": ""wh3_tms_generator_group_rift_spawned_slaanesh"", ""priority"": 5, ""variable_group"": null}",null
cai_task_management_system_task_generator_groups_generators_junctions_tables,deepwar,OVERRIDE_SAME_AS_VANILLA,"[""wh3_tms_generator_group_rift_spawned_slaanesh"", ""CAI_TMS_TASK_GENERATOR_ATTACK_SETTLEMENTS_NEAR_OUR_FORCES"", null]",,"{""generator"": ""CAI_TMS_TASK_GENERATOR_ATTACK_SETTLEMENTS_NEAR_OUR_FORCES"", ""group"": ""wh3_tms_generator_group_rift_spawned_slaanesh"", ""priority"": 20, ""variable_group"": null}",null
cai_task_management_system_task_generator_groups_generators_junctions_tables,deepwar,OVERRIDE_SAME_AS_VANILLA,"[""wh3_tms_generator_group_rift_spawned_tzeentch"", ""CAI_TMS_GDS_TASK_GENERATOR_AGENT_ATTACK_NEARBY_SETTLEMENT_IF_FRIENDLY_ARMY_PRESENT"", null]",,"{""generator"": ""CAI_TMS_GDS_TASK_GENERATOR_AGENT_ATTACK_NEARBY_SETTLEMENT_IF_FRIENDLY_ARMY_PRESENT"", ""group"": ""wh3_tms_generator_group_rift_spawned_tzeentch"", ""priority"": 20, ""variable_group"": null}",null
cai_task_management_system_task_generator_groups_generators_junctions_tables,deepwar,OVERRIDE_SAME_AS_VANILLA,"[""wh3_tms_generator_group_rift_spawned_tzeentch"", ""CAI_TMS_GDS_TASK_GENERATOR_AGENT_DEPLOY_IN_NEARBY_ENEMY_REGION_LOW_ON_CORRUPTION_TZEENTCH"", ""agent_deploy_to_region""]",,"{""generator"": ""CAI_TMS_GDS_TASK_GENERATOR_AGENT_DEPLOY_IN_NEARBY_ENEMY_REGION_LOW_ON_CORRUPTION_TZEENTCH"", ""group"": ""wh3_tms_generator_group_rift_spawned_tzeentch"", ""priority"": 10, ""variable_group"": ""agent_deploy_to_region""}",null
cai_task_management_system_task_generator_groups_generators_junctions_tables,deepwar,OVERRIDE_SAME_AS_VANILLA,"[""wh3_tms_generator_group_rift_spawned_tzeentch"", ""CAI_TMS_GDS_TASK_GENERATOR_AGENT_DEPLOY_IN_NEARBY_REGION"", ""agent_deploy_to_region""]",,"{""generator"": ""CAI_TMS_GDS_TASK_GENERATOR_AGENT_DEPLOY_IN_NEARBY_REGION"", ""group"": ""wh3_tms_generator_group_rift_spawned_tzeentch"", ""priority"": 1, ""variable_group"": ""agent_deploy_to_region""}",null
cai_task_management_system_task_generator_groups_generators_junctions_tables,deepwar,OVERRIDE_SAME_AS_VANILLA,"[""wh3_tms_generator_group_rift_spawned_tzeentch"", ""CAI_TMS_GDS_TASK_GENERATOR_RAID_ANY_SETTLEMENT_NEAR_OUR_FORCES"", null]",,"{""generator"": ""CAI_TMS_GDS_TASK_GENERATOR_RAID_ANY_SETTLEMENT_NEAR_OUR_FORCES"", ""group"": ""wh3_tms_generator_group_rift_spawned_tzeentch"", ""priority"": 1, ""variable_group"": null}",null
cai_task_management_system_task_generator_groups_generators_junctions_tables,deepwar,OVERRIDE_SAME_AS_VANILLA,"[""wh3_tms_generator_group_rift_spawned_tzeentch"", ""CAI_TMS_TASK_GENERATOR_ATTACK_ALL_LOCAL_FORCES_SIZE_SCALED"", null]",,"{""generator"": ""CAI_TMS_TASK_GENERATOR_ATTACK_ALL_LOCAL_FORCES_SIZE_SCALED"", ""group"": ""wh3_tms_generator_group_rift_spawned_tzeentch"", ""priority"": 5, ""variable_group"": null}",null
cai_task_management_system_task_generator_groups_generators_junctions_tables,deepwar,OVERRIDE_SAME_AS_VANILLA,"[""wh3_tms_generator_group_rift_spawned_tzeentch"", ""CAI_TMS_TASK_GENERATOR_ATTACK_SETTLEMENTS_NEAR_OUR_FORCES"", null]",,"{""generator"": ""CAI_TMS_TASK_GENERATOR_ATTACK_SETTLEMENTS_NEAR_OUR_FORCES"", ""group"": ""wh3_tms_generator_group_rift_spawned_tzeentch"", ""priority"": 20, ""variable_group"": null}",null
cai_task_management_system_task_generator_groups_generators_junctions_tables,deepwar,OVERRIDE_SAME_AS_VANILLA,"[""wh3_tms_generator_group_simple"", ""CAI_TMS_GDS_TASK_GENERATOR_ATTACK_KISLEV_MAJOR_CITY"", null]",,"{""generator"": ""CAI_TMS_GDS_TASK_GENERATOR_ATTACK_KISLEV_MAJOR_CITY"", ""group"": ""wh3_tms_generator_group_simple"", ""priority"": 0, ""variable_group"": null}",null
cai_task_management_system_task_generator_groups_generators_junctions_tables,deepwar,OVERRIDE_SAME_AS_VANILLA,"[""wh3_tms_generator_group_simple"", ""CAI_TMS_GDS_TASK_GENERATOR_DEFEND_OWN_REGIONS"", null]",,"{""generator"": ""CAI_TMS_GDS_TASK_GENERATOR_DEFEND_OWN_REGIONS"", ""group"": ""wh3_tms_generator_group_simple"", ""priority"": 2, ""variable_group"": null}",null
cai_task_management_system_task_generator_groups_generators_junctions_tables,deepwar,OVERRIDE_SAME_AS_VANILLA,"[""wh3_tms_generator_group_simple"", ""CAI_TMS_GDS_TASK_GENERATOR_RECRUIT_WITH_MAIN_ARMY"", null]",,"{""generator"": ""CAI_TMS_GDS_TASK_GENERATOR_RECRUIT_WITH_MAIN_ARMY"", ""group"": ""wh3_tms_generator_group_simple"", ""priority"": 0, ""variable_group"": null}",null
cai_task_management_system_task_generator_groups_generators_junctions_tables,deepwar,OVERRIDE_SAME_AS_VANILLA,"[""wh3_tms_generator_group_simple"", ""CAI_TMS_TASK_GENERATOR_ACTIVELY_DEFEND_THREATENED_REGIONS"", null]",,"{""generator"": ""CAI_TMS_TASK_GENERATOR_ACTIVELY_DEFEND_THREATENED_REGIONS"", ""group"": ""wh3_tms_generator_group_simple"", ""priority"": 2, ""variable_group"": null}",null
cai_task_management_system_task_generator_groups_generators_junctions_tables,deepwar,OVERRIDE_SAME_AS_VANILLA,"[""wh3_tms_generator_group_simple"", ""CAI_TMS_TASK_GENERATOR_ATTACK_ALL_ENEMY_FORCES"", null]",,"{""generator"": ""CAI_TMS_TASK_GENERATOR_ATTACK_ALL_ENEMY_FORCES"", ""group"": ""wh3_tms_generator_group_simple"", ""priority"": 1, ""variable_group"": null}",null
cai_task_management_system_task_generator_groups_generators_junctions_tables,deepwar,OVERRIDE_SAME_AS_VANILLA,"[""wh3_tms_generator_group_simple"", ""CAI_TMS_TASK_GENERATOR_ATTACK_ALL_ENEMY_FORCES_NEAR_RECENTLY_LOST_REGIONS"", null]",,"{""generator"": ""CAI_TMS_TASK_GENERATOR_ATTACK_ALL_ENEMY_FORCES_NEAR_RECENTLY_LOST_REGIONS"", ""group"": ""wh3_tms_generator_group_simple"", ""priority"": 4, ""variable_group"": null}",null
cai_task_management_system_task_generator_groups_generators_junctions_tables,deepwar,OVERRIDE_SAME_AS_VANILLA,"[""wh3_tms_generator_group_simple"", ""CAI_TMS_TASK_GENERATOR_ATTACK_ALL_ENEMY_MAIN_THREAT_FORCES"", null]",,"{""generator"": ""CAI_TMS_TASK_GENERATOR_ATTACK_ALL_ENEMY_MAIN_THREAT_FORCES"", ""group"": ""wh3_tms_generator_group_simple"", ""priority"": 2, ""variable_group"": null}",null
cai_task_management_system_task_generator_groups_generators_junctions_tables,deepwar,OVERRIDE_SAME_AS_VANILLA,"[""wh3_tms_generator_group_simple"", ""CAI_TMS_TASK_GENERATOR_ATTACK_ALL_ENEMY_MAIN_THREAT_SETTLEMENTS"", null]",,"{""generator"": ""CAI_TMS_TASK_GENERATOR_ATTACK_ALL_ENEMY_MAIN_THREAT_SETTLEMENTS"", ""group"": ""wh3_tms_generator_group_simple"", ""priority"": 2, ""variable_group"": null}",null
cai_task_management_system_task_generator_groups_generators_junctions_tables,deepwar,OVERRIDE_SAME_AS_VANILLA,"[""wh3_tms_generator_group_simple"", ""CAI_TMS_TASK_GENERATOR_ATTACK_ALL_ENEMY_SETTLEMENTS"", null]",,"{""generator"": ""CAI_TMS_TASK_GENERATOR_ATTACK_ALL_ENEMY_SETTLEMENTS"", ""group"": ""wh3_tms_generator_group_simple"", ""priority"": 1, ""variable_group"": null}",null
cai_task_management_system_task_generator_groups_generators_junctions_tables,deepwar,OVERRIDE_SAME_AS_VANILLA,"[""wh3_tms_generator_group_simple"", ""CAI_TMS_TASK_GENERATOR_ATTACK_ALL_ENEMY_SETTLEMENTS_IF_HAVENT_EXPANDED_RECENTLY"", ""timed_priority_boost_quick""]",,"{""generator"": ""CAI_TMS_TASK_GENERATOR_ATTACK_ALL_ENEMY_SETTLEMENTS_IF_HAVENT_EXPANDED_RECENTLY"", ""group"": ""wh3_tms_generator_group_simple"", ""priority"": 3, ""variable_group"": ""timed_priority_boost_quick""}",null
cai_task_management_system_task_generator_groups_generators_junctions_tables,deepwar,OVERRIDE_SAME_AS_VANILLA,"[""wh3_tms_generator_group_simple"", ""CAI_TMS_TASK_GENERATOR_ATTACK_ALL_LOCAL_AGENTS_LEVEL_SCALED"", null]",,"{""generator"": ""CAI_TMS_TASK_GENERATOR_ATTACK_ALL_LOCAL_AGENTS_LEVEL_SCALED"", ""group"": ""wh3_tms_generator_group_simple"", ""priority"": 5, ""variable_group"": null}",null
cai_task_management_system_task_generator_groups_generators_junctions_tables,deepwar,OVERRIDE_SAME_AS_VANILLA,"[""wh3_tms_generator_group_simple"", ""CAI_TMS_TASK_GENERATOR_ATTACK_ALL_LOCAL_FORCES_SIZE_SCALED"", null]",,"{""generator"": ""CAI_TMS_TASK_GENERATOR_ATTACK_ALL_LOCAL_FORCES_SIZE_SCALED"", ""group"": ""wh3_tms_generator_group_simple"", ""priority"": 4, ""variable_group"": null}",null
cai_task_management_system_task_generator_groups_generators_junctions_tables,deepwar,OVERRIDE_SAME_AS_VANILLA,"[""wh3_tms_generator_group_simple"", ""CAI_TMS_TASK_GENERATOR_ATTACK_NEIGHBOURING_WAR_REGIONS"", null]",,"{""generator"": ""CAI_TMS_TASK_GENERATOR_ATTACK_NEIGHBOURING_WAR_REGIONS"", ""group"": ""wh3_tms_generator_group_simple"", ""priority"": 2, ""variable_group"": null}",null
cai_task_management_system_task_generator_groups_generators_junctions_tables,deepwar,OVERRIDE_SAME_AS_VANILLA,"[""wh3_tms_generator_group_simple"", ""CAI_TMS_TASK_GENERATOR_ATTACK_SETTLEMENTS_NEAR_OUR_FORCES"", null]",,"{""generator"": ""CAI_TMS_TASK_GENERATOR_ATTACK_SETTLEMENTS_NEAR_OUR_FORCES"", ""group"": ""wh3_tms_generator_group_simple"", ""priority"": 2, ""variable_group"": null}",null
cai_task_management_system_task_generator_groups_generators_junctions_tables,deepwar,OVERRIDE_SAME_AS_VANILLA,"[""wh3_tms_generator_group_simple"", ""CAI_TMS_TASK_GENERATOR_ATTACK_SETTLEMENTS_UNDER_SIEGE_BY_NON_ALLIES"", null]",,"{""generator"": ""CAI_TMS_TASK_GENERATOR_ATTACK_SETTLEMENTS_UNDER_SIEGE_BY_NON_ALLIES"", ""group"": ""wh3_tms_generator_group_simple"", ""priority"": -10, ""variable_group"": null}",null
cai_task_management_system_task_generator_groups_generators_junctions_tables,deepwar,OVERRIDE_SAME_AS_VANILLA,"[""wh3_tms_generator_group_simple"", ""CAI_TMS_TASK_GENERATOR_COMPLETE_PROVINCE"", null]",,"{""generator"": ""CAI_TMS_TASK_GENERATOR_COMPLETE_PROVINCE"", ""group"": ""wh3_tms_generator_group_simple"", ""priority"": 2, ""variable_group"": null}",null
cai_task_management_system_task_generator_groups_generators_junctions_tables,deepwar,OVERRIDE_SAME_AS_VANILLA,"[""wh3_tms_generator_group_simple"", ""CAI_TMS_TASK_GENERATOR_CONSOLIDATE_BORDERS"", null]",,"{""generator"": ""CAI_TMS_TASK_GENERATOR_CONSOLIDATE_BORDERS"", ""group"": ""wh3_tms_generator_group_simple"", ""priority"": 2, ""variable_group"": null}",null
cai_task_management_system_task_generator_groups_generators_junctions_tables,deepwar,OVERRIDE_SAME_AS_VANILLA,"[""wh3_tms_generator_group_simple"", ""CAI_TMS_TASK_GENERATOR_DEFEND_BESIEGED_SETTLEMENT"", null]",,"{""generator"": ""CAI_TMS_TASK_GENERATOR_DEFEND_BESIEGED_SETTLEMENT"", ""group"": ""wh3_tms_generator_group_simple"", ""priority"": 3, ""variable_group"": null}",null
cai_task_management_system_task_generator_groups_generators_junctions_tables,deepwar,OVERRIDE_SAME_AS_VANILLA,"[""wh3_tms_generator_group_simple"", ""CAI_TMS_TASK_GENERATOR_DEFEND_OWNED_REGIONS"", null]",,"{""generator"": ""CAI_TMS_TASK_GENERATOR_DEFEND_OWNED_REGIONS"", ""group"": ""wh3_tms_generator_group_simple"", ""priority"": 3, ""variable_group"": null}",null
cai_task_management_system_task_generator_groups_generators_junctions_tables,deepwar,OVERRIDE_SAME_AS_VANILLA,"[""wh3_tms_generator_group_simple"", ""CAI_TMS_TASK_GENERATOR_FOLLOW_ARMY"", null]",,"{""generator"": ""CAI_TMS_TASK_GENERATOR_FOLLOW_ARMY"", ""group"": ""wh3_tms_generator_group_simple"", ""priority"": 0, ""variable_group"": null}",null
cai_task_management_system_task_generator_groups_generators_junctions_tables,deepwar,OVERRIDE_SAME_AS_VANILLA,"[""wh3_tms_generator_group_simple"", ""CAI_TMS_TASK_GENERATOR_RAID_RECENTLY_SACKED_SETTLEMENTS"", ""time_horizon_4""]",,"{""generator"": ""CAI_TMS_TASK_GENERATOR_RAID_RECENTLY_SACKED_SETTLEMENTS"", ""group"": ""wh3_tms_generator_group_simple"", ""priority"": -5, ""variable_group"": ""time_horizon_4""}",null
cai_task_management_system_task_generator_groups_generators_junctions_tables,deepwar,OVERRIDE_SAME_AS_VANILLA,"[""wh3_tms_generator_group_skaven_specific_additive"", ""CAI_TMS_TASK_GENERATOR_ATTACK_SETTLEMENT_TO_SPREAD_PLAGUE"", null]",,"{""generator"": ""CAI_TMS_TASK_GENERATOR_ATTACK_SETTLEMENT_TO_SPREAD_PLAGUE"", ""group"": ""wh3_tms_generator_group_skaven_specific_additive"", ""priority"": 100, ""variable_group"": null}",null
cai_task_management_system_task_generator_groups_generators_junctions_tables,deepwar,OVERRIDE_SAME_AS_VANILLA,"[""wh3_tms_generator_group_skaven_specific_additive"", ""CAI_TMS_TASK_GENERATOR_ATTACK_UNDEFENDED_ENEMY_SETTLEMENTS"", null]",,"{""generator"": ""CAI_TMS_TASK_GENERATOR_ATTACK_UNDEFENDED_ENEMY_SETTLEMENTS"", ""group"": ""wh3_tms_generator_group_skaven_specific_additive"", ""priority"": 5, ""variable_group"": null}",null
cai_task_management_system_task_generator_groups_generators_junctions_tables,deepwar,OVERRIDE_SAME_AS_VANILLA,"[""wh3_tms_generator_group_slaanesh_nkari_specific_additive"", ""CAI_TMS_GDS_TASK_GENERATOR_RAID_DISLIKED_HIGH_PO_REGIONS_NEAR_OUR_SETTLEMENTS"", null]",,"{""generator"": ""CAI_TMS_GDS_TASK_GENERATOR_RAID_DISLIKED_HIGH_PO_REGIONS_NEAR_OUR_SETTLEMENTS"", ""group"": ""wh3_tms_generator_group_slaanesh_nkari_specific_additive"", ""priority"": 3, ""variable_group"": null}",null
cai_task_management_system_task_generator_groups_generators_junctions_tables,deepwar,OVERRIDE_SAME_AS_VANILLA,"[""wh3_tms_generator_group_slaanesh_specific_additive"", ""CAI_TMS_TASK_GENERATOR_WITHDRAW_LOW_WINDS_OF_MAGIC_ARMIES_TO_REGION"", null]",,"{""generator"": ""CAI_TMS_TASK_GENERATOR_WITHDRAW_LOW_WINDS_OF_MAGIC_ARMIES_TO_REGION"", ""group"": ""wh3_tms_generator_group_slaanesh_specific_additive"", ""priority"": 5, ""variable_group"": null}",null
cai_task_management_system_task_generator_groups_generators_junctions_tables,deepwar,OVERRIDE_SAME_AS_VANILLA,"[""wh3_tms_generator_group_slaanesh_tormentors_additive"", ""CAI_TMS_GDS_TASK_GENERATOR_RAID_DISLIKED_HIGH_PO_REGIONS_NEAR_OUR_SETTLEMENTS"", null]",,"{""generator"": ""CAI_TMS_GDS_TASK_GENERATOR_RAID_DISLIKED_HIGH_PO_REGIONS_NEAR_OUR_SETTLEMENTS"", ""group"": ""wh3_tms_generator_group_slaanesh_tormentors_additive"", ""priority"": 1, ""variable_group"": null}",null
cai_task_management_system_task_generator_groups_generators_junctions_tables,deepwar,OVERRIDE_SAME_AS_VANILLA,"[""wh3_tms_generator_group_tombking_specific_additive"", ""CAI_TMS_TASK_GENERATOR_ATTACK_UNSUITABLE_CLIMATE_REGIONS"", null]",,"{""generator"": ""CAI_TMS_TASK_GENERATOR_ATTACK_UNSUITABLE_CLIMATE_REGIONS"", ""group"": ""wh3_tms_generator_group_tombking_specific_additive"", ""priority"": -3, ""variable_group"": null}",null
cai_task_management_system_task_generator_groups_generators_junctions_tables,deepwar,OVERRIDE_SAME_AS_VANILLA,"[""wh3_tms_generator_group_tzeentch_changeling"", ""CAI_TMS_TASK_GENERATOR_ATTACK_OWN_FOREIGN_SLOT_REGIONS"", null]",,"{""generator"": ""CAI_TMS_TASK_GENERATOR_ATTACK_OWN_FOREIGN_SLOT_REGIONS"", ""group"": ""wh3_tms_generator_group_tzeentch_changeling"", ""priority"": -100, ""variable_group"": null}",null
cai_task_management_system_task_generator_groups_generators_junctions_tables,deepwar,OVERRIDE_SAME_AS_VANILLA,"[""wh3_tms_generator_group_tzeentch_specific_additive"", ""CAI_TMS_GDS_TASK_GENERATOR_DONT_RECOLONISE_GATE_RUINS"", null]",,"{""generator"": ""CAI_TMS_GDS_TASK_GENERATOR_DONT_RECOLONISE_GATE_RUINS"", ""group"": ""wh3_tms_generator_group_tzeentch_specific_additive"", ""priority"": -100, ""variable_group"": null}",null
cai_task_management_system_task_generator_groups_generators_junctions_tables,deepwar,OVERRIDE_SAME_AS_VANILLA,"[""wh3_tms_generator_group_tzeentch_specific_additive"", ""CAI_TMS_TASK_GENERATOR_WITHDRAW_LOW_WINDS_OF_MAGIC_ARMIES_TO_REGION"", null]",,"{""generator"": ""CAI_TMS_TASK_GENERATOR_WITHDRAW_LOW_WINDS_OF_MAGIC_ARMIES_TO_REGION"", ""group"": ""wh3_tms_generator_group_tzeentch_specific_additive"", ""priority"": 5, ""variable_group"": null}",null
cai_task_management_system_task_generator_groups_generators_junctions_tables,deepwar,OVERRIDE_CHANGED,"[""wh3_tms_generator_group_woodelf_specific_additive"", ""CAI_TMS_TASK_GENERATOR_ACTIVELY_DEFEND_CAPITAL"", null]",priority,"{""generator"": ""CAI_TMS_TASK_GENERATOR_ACTIVELY_DEFEND_CAPITAL"", ""group"": ""wh3_tms_generator_group_woodelf_specific_additive"", ""priority"": 1.60000002, ""variable_group"": null}","{""generator"": ""CAI_TMS_TASK_GENERATOR_ACTIVELY_DEFEND_CAPITAL"", ""group"": ""wh3_tms_generator_group_woodelf_specific_additive"", ""priority"": 6, ""variable_group"": null}"
cai_task_management_system_task_generator_groups_generators_junctions_tables,hecleas,OVERRIDE_CHANGED,"[""wh3_combi_tms_generator_group_aggressive_additive"", ""CAI_TMS_TASK_GENERATOR_ACTIVELY_DEFEND_RECENTLY_CAPTURED_TERRITORY"", ""time_horizon_4""]",priority,"{""generator"": ""CAI_TMS_TASK_GENERATOR_ACTIVELY_DEFEND_RECENTLY_CAPTURED_TERRITORY"", ""group"": ""wh3_combi_tms_generator_group_aggressive_additive"", ""priority"": -3, ""variable_group"": ""time_horizon_4""}","{""generator"": ""CAI_TMS_TASK_GENERATOR_ACTIVELY_DEFEND_RECENTLY_CAPTURED_TERRITORY"", ""group"": ""wh3_combi_tms_generator_group_aggressive_additive"", ""priority"": 25, ""variable_group"": ""time_horizon_4""}"
cai_task_management_system_task_generator_groups_generators_junctions_tables,hecleas,OVERRIDE_CHANGED,"[""wh3_combi_tms_generator_group_aggressive_additive"", ""CAI_TMS_TASK_GENERATOR_ATTACK_ALL_ENEMY_FORCES"", null]",priority,"{""generator"": ""CAI_TMS_TASK_GENERATOR_ATTACK_ALL_ENEMY_FORCES"", ""group"": ""wh3_combi_tms_generator_group_aggressive_additive"", ""priority"": 5, ""variable_group"": null}","{""generator"": ""CAI_TMS_TASK_GENERATOR_ATTACK_ALL_ENEMY_FORCES"", ""group"": ""wh3_combi_tms_generator_group_aggressive_additive"", ""priority"": 90, ""variable_group"": null}"
cai_task_management_system_task_generator_groups_generators_junctions_tables,hecleas,OVERRIDE_CHANGED,"[""wh3_combi_tms_generator_group_aggressive_additive"", ""CAI_TMS_TASK_GENERATOR_ATTACK_ALL_ENEMY_FORCES_NEAR_RECENTLY_LOST_REGIONS"", null]",priority,"{""generator"": ""CAI_TMS_TASK_GENERATOR_ATTACK_ALL_ENEMY_FORCES_NEAR_RECENTLY_LOST_REGIONS"", ""group"": ""wh3_combi_tms_generator_group_aggressive_additive"", ""priority"": -4, ""variable_group"": null}","{""generator"": ""CAI_TMS_TASK_GENERATOR_ATTACK_ALL_ENEMY_FORCES_NEAR_RECENTLY_LOST_REGIONS"", ""group"": ""wh3_combi_tms_generator_group_aggressive_additive"", ""priority"": 90, ""variable_group"": null}"
cai_task_management_system_task_generator_groups_generators_junctions_tables,hecleas,OVERRIDE_CHANGED,"[""wh3_combi_tms_generator_group_aggressive_additive"", ""CAI_TMS_TASK_GENERATOR_ATTACK_ALL_ENEMY_SETTLEMENTS"", null]",priority,"{""generator"": ""CAI_TMS_TASK_GENERATOR_ATTACK_ALL_ENEMY_SETTLEMENTS"", ""group"": ""wh3_combi_tms_generator_group_aggressive_additive"", ""priority"": 5, ""variable_group"": null}","{""generator"": ""CAI_TMS_TASK_GENERATOR_ATTACK_ALL_ENEMY_SETTLEMENTS"", ""group"": ""wh3_combi_tms_generator_group_aggressive_additive"", ""priority"": 90, ""variable_group"": null}"
cai_task_management_system_task_generator_groups_generators_junctions_tables,hecleas,OVERRIDE_CHANGED,"[""wh3_combi_tms_generator_group_aggressive_additive"", ""CAI_TMS_TASK_GENERATOR_RECAPTURE_RECENTLY_LOST_TERRITORY"", null]",priority,"{""generator"": ""CAI_TMS_TASK_GENERATOR_RECAPTURE_RECENTLY_LOST_TERRITORY"", ""group"": ""wh3_combi_tms_generator_group_aggressive_additive"", ""priority"": -4, ""variable_group"": null}","{""generator"": ""CAI_TMS_TASK_GENERATOR_RECAPTURE_RECENTLY_LOST_TERRITORY"", ""group"": ""wh3_combi_tms_generator_group_aggressive_additive"", ""priority"": 100, ""variable_group"": null}"
cai_task_management_system_task_generator_groups_generators_junctions_tables,hecleas,OVERRIDE_CHANGED,"[""wh3_combi_tms_generator_group_beastmen_brayherd"", ""CAI_TMS_TASK_GENERATOR_WAAGH_ARMY_FOLLOW_LEADER"", null]",priority,"{""generator"": ""CAI_TMS_TASK_GENERATOR_WAAGH_ARMY_FOLLOW_LEADER"", ""group"": ""wh3_combi_tms_generator_group_beastmen_brayherd"", ""priority"": 1, ""variable_group"": null}","{""generator"": ""CAI_TMS_TASK_GENERATOR_WAAGH_ARMY_FOLLOW_LEADER"", ""group"": ""wh3_combi_tms_generator_group_beastmen_brayherd"", ""priority"": 80, ""variable_group"": null}"
cai_task_management_system_task_generator_groups_generators_junctions_tables,hecleas,OVERRIDE_CHANGED,"[""wh3_combi_tms_generator_group_beastmen_brayherd"", ""CAI_TMS_TASK_GENERATOR_WAR_COORDINATION_ATTACK_FORCES"", null]",priority,"{""generator"": ""CAI_TMS_TASK_GENERATOR_WAR_COORDINATION_ATTACK_FORCES"", ""group"": ""wh3_combi_tms_generator_group_beastmen_brayherd"", ""priority"": 1, ""variable_group"": null}","{""generator"": ""CAI_TMS_TASK_GENERATOR_WAR_COORDINATION_ATTACK_FORCES"", ""group"": ""wh3_combi_tms_generator_group_beastmen_brayherd"", ""priority"": 92, ""variable_group"": null}"
cai_task_management_system_task_generator_groups_generators_junctions_tables,hecleas,OVERRIDE_CHANGED,"[""wh3_combi_tms_generator_group_beastmen_brayherd"", ""CAI_TMS_TASK_GENERATOR_WAR_COORDINATION_ATTACK_REGIONS"", null]",priority,"{""generator"": ""CAI_TMS_TASK_GENERATOR_WAR_COORDINATION_ATTACK_REGIONS"", ""group"": ""wh3_combi_tms_generator_group_beastmen_brayherd"", ""priority"": 1, ""variable_group"": null}","{""generator"": ""CAI_TMS_TASK_GENERATOR_WAR_COORDINATION_ATTACK_REGIONS"", ""group"": ""wh3_combi_tms_generator_group_beastmen_brayherd"", ""priority"": 92, ""variable_group"": null}"
cai_task_management_system_task_generator_groups_generators_junctions_tables,hecleas,OVERRIDE_CHANGED,"[""wh3_combi_tms_generator_group_beastmen_specific_additive"", ""CAI_TMS_TASK_GENERATOR_BEASTMEN_ATTACK_POTENTIAL_HERDSTONE_SITES"", null]",priority,"{""generator"": ""CAI_TMS_TASK_GENERATOR_BEASTMEN_ATTACK_POTENTIAL_HERDSTONE_SITES"", ""group"": ""wh3_combi_tms_generator_group_beastmen_specific_additive"", ""priority"": 4, ""variable_group"": null}","{""generator"": ""CAI_TMS_TASK_GENERATOR_BEASTMEN_ATTACK_POTENTIAL_HERDSTONE_SITES"", ""group"": ""wh3_combi_tms_generator_group_beastmen_specific_additive"", ""priority"": 90, ""variable_group"": null}"
cai_task_management_system_task_generator_groups_generators_junctions_tables,hecleas,OVERRIDE_CHANGED,"[""wh3_combi_tms_generator_group_brutal_override"", ""CAI_TMS_GDS_TASK_GENERATOR_DEFEND_OWN_REGIONS"", null]",priority,"{""generator"": ""CAI_TMS_GDS_TASK_GENERATOR_DEFEND_OWN_REGIONS"", ""group"": ""wh3_combi_tms_generator_group_brutal_override"", ""priority"": 1, ""variable_group"": null}","{""generator"": ""CAI_TMS_GDS_TASK_GENERATOR_DEFEND_OWN_REGIONS"", ""group"": ""wh3_combi_tms_generator_group_brutal_override"", ""priority"": 30, ""variable_group"": null}"
cai_task_management_system_task_generator_groups_generators_junctions_tables,hecleas,OVERRIDE_CHANGED,"[""wh3_combi_tms_generator_group_brutal_override"", ""CAI_TMS_GDS_TASK_GENERATOR_DEFEND_REGIONS_NEIGHBOURING_ENEMY"", null]",priority,"{""generator"": ""CAI_TMS_GDS_TASK_GENERATOR_DEFEND_REGIONS_NEIGHBOURING_ENEMY"", ""group"": ""wh3_combi_tms_generator_group_brutal_override"", ""priority"": 0, ""variable_group"": null}","{""generator"": ""CAI_TMS_GDS_TASK_GENERATOR_DEFEND_REGIONS_NEIGHBOURING_ENEMY"", ""group"": ""wh3_combi_tms_generator_group_brutal_override"", ""priority"": 80, ""variable_group"": null}"
cai_task_management_system_task_generator_groups_generators_junctions_tables,hecleas,OVERRIDE_CHANGED,"[""wh3_combi_tms_generator_group_brutal_override"", ""CAI_TMS_TASK_GENERATOR_ACTIVELY_DEFEND_CAPITAL"", null]",priority,"{""generator"": ""CAI_TMS_TASK_GENERATOR_ACTIVELY_DEFEND_CAPITAL"", ""group"": ""wh3_combi_tms_generator_group_brutal_override"", ""priority"": 0, ""variable_group"": null}","{""generator"": ""CAI_TMS_TASK_GENERATOR_ACTIVELY_DEFEND_CAPITAL"", ""group"": ""wh3_combi_tms_generator_group_brutal_override"", ""priority"": 25, ""variable_group"": null}"
cai_task_management_system_task_generator_groups_generators_junctions_tables,hecleas,OVERRIDE_CHANGED,"[""wh3_combi_tms_generator_group_brutal_override"", ""CAI_TMS_TASK_GENERATOR_ACTIVELY_DEFEND_RECENTLY_CAPTURED_ALLIED_HUMAN_TERRITORY"", null]",priority,"{""generator"": ""CAI_TMS_TASK_GENERATOR_ACTIVELY_DEFEND_RECENTLY_CAPTURED_ALLIED_HUMAN_TERRITORY"", ""group"": ""wh3_combi_tms_generator_group_brutal_override"", ""priority"": 0, ""variable_group"": null}","{""generator"": ""CAI_TMS_TASK_GENERATOR_ACTIVELY_DEFEND_RECENTLY_CAPTURED_ALLIED_HUMAN_TERRITORY"", ""group"": ""wh3_combi_tms_generator_group_brutal_override"", ""priority"": 20, ""variable_group"": null}"
cai_task_management_system_task_generator_groups_generators_junctions_tables,hecleas,OVERRIDE_CHANGED,"[""wh3_combi_tms_generator_group_brutal_override"", ""CAI_TMS_TASK_GENERATOR_ACTIVELY_DEFEND_RECENTLY_CAPTURED_TERRITORY"", ""time_horizon_4""]",priority,"{""generator"": ""CAI_TMS_TASK_GENERATOR_ACTIVELY_DEFEND_RECENTLY_CAPTURED_TERRITORY"", ""group"": ""wh3_combi_tms_generator_group_brutal_override"", ""priority"": 0, ""variable_group"": ""time_horizon_4""}","{""generator"": ""CAI_TMS_TASK_GENERATOR_ACTIVELY_DEFEND_RECENTLY_CAPTURED_TERRITORY"", ""group"": ""wh3_combi_tms_generator_group_brutal_override"", ""priority"": 25, ""variable_group"": ""time_horizon_4""}"
cai_task_management_system_task_generator_groups_generators_junctions_tables,hecleas,OVERRIDE_CHANGED,"[""wh3_combi_tms_generator_group_brutal_override"", ""CAI_TMS_TASK_GENERATOR_ACTIVELY_DEFEND_REGIONS_NEIGHBOURING_ENEMY_MAIN_THREAT"", null]",priority,"{""generator"": ""CAI_TMS_TASK_GENERATOR_ACTIVELY_DEFEND_REGIONS_NEIGHBOURING_ENEMY_MAIN_THREAT"", ""group"": ""wh3_combi_tms_generator_group_brutal_override"", ""priority"": 0, ""variable_group"": null}","{""generator"": ""CAI_TMS_TASK_GENERATOR_ACTIVELY_DEFEND_REGIONS_NEIGHBOURING_ENEMY_MAIN_THREAT"", ""group"": ""wh3_combi_tms_generator_group_brutal_override"", ""priority"": 90, ""variable_group"": null}"
cai_task_management_system_task_generator_groups_generators_junctions_tables,hecleas,OVERRIDE_CHANGED,"[""wh3_combi_tms_generator_group_brutal_override"", ""CAI_TMS_TASK_GENERATOR_ACTIVELY_DEFEND_REGIONS_NEIGHBOURING_MAIN_THREAT"", null]",priority,"{""generator"": ""CAI_TMS_TASK_GENERATOR_ACTIVELY_DEFEND_REGIONS_NEIGHBOURING_MAIN_THREAT"", ""group"": ""wh3_combi_tms_generator_group_brutal_override"", ""priority"": 0, ""variable_group"": null}","{""generator"": ""CAI_TMS_TASK_GENERATOR_ACTIVELY_DEFEND_REGIONS_NEIGHBOURING_MAIN_THREAT"", ""group"": ""wh3_combi_tms_generator_group_brutal_override"", ""priority"": 50, ""variable_group"": null}"
cai_task_management_system_task_generator_groups_generators_junctions_tables,hecleas,OVERRIDE_CHANGED,"[""wh3_combi_tms_generator_group_brutal_override"", ""CAI_TMS_TASK_GENERATOR_DEFEND_BESIEGED_SETTLEMENT"", null]",priority,"{""generator"": ""CAI_TMS_TASK_GENERATOR_DEFEND_BESIEGED_SETTLEMENT"", ""group"": ""wh3_combi_tms_generator_group_brutal_override"", ""priority"": 0, ""variable_group"": null}","{""generator"": ""CAI_TMS_TASK_GENERATOR_DEFEND_BESIEGED_SETTLEMENT"", ""group"": ""wh3_combi_tms_generator_group_brutal_override"", ""priority"": 100, ""variable_group"": null}"
cai_task_management_system_task_generator_groups_generators_junctions_tables,hecleas,OVERRIDE_CHANGED,"[""wh3_combi_tms_generator_group_brutal_override"", ""CAI_TMS_TASK_GENERATOR_DEFEND_OWNED_REGIONS"", null]",priority,"{""generator"": ""CAI_TMS_TASK_GENERATOR_DEFEND_OWNED_REGIONS"", ""group"": ""wh3_combi_tms_generator_group_brutal_override"", ""priority"": 0, ""variable_group"": null}","{""generator"": ""CAI_TMS_TASK_GENERATOR_DEFEND_OWNED_REGIONS"", ""group"": ""wh3_combi_tms_generator_group_brutal_override"", ""priority"": 30, ""variable_group"": null}"
cai_task_management_system_task_generator_groups_generators_junctions_tables,hecleas,OVERRIDE_CHANGED,"[""wh3_combi_tms_generator_group_cathay_gatecapture_additive"", ""CAI_TMS_TASK_GENERATOR_ATTACK_ALL_FLAGGED_REGIONS_OWNED_BY_ANOTHER_SUBCULTURED_ENEMY"", null]",priority,"{""generator"": ""CAI_TMS_TASK_GENERATOR_ATTACK_ALL_FLAGGED_REGIONS_OWNED_BY_ANOTHER_SUBCULTURED_ENEMY"", ""group"": ""wh3_combi_tms_generator_group_cathay_gatecapture_additive"", ""priority"": 10, ""variable_group"": null}","{""generator"": ""CAI_TMS_TASK_GENERATOR_ATTACK_ALL_FLAGGED_REGIONS_OWNED_BY_ANOTHER_SUBCULTURED_ENEMY"", ""group"": ""wh3_combi_tms_generator_group_cathay_gatecapture_additive"", ""priority"": 80, ""variable_group"": null}"
cai_task_management_system_task_generator_groups_generators_junctions_tables,hecleas,OVERRIDE_CHANGED,"[""wh3_combi_tms_generator_group_cathay_gatecapture_additive"", ""CAI_TMS_TASK_GENERATOR_ATTACK_ALL_FLAGGED_VICTORY_CONDITION_REGIONS"", null]",priority,"{""generator"": ""CAI_TMS_TASK_GENERATOR_ATTACK_ALL_FLAGGED_VICTORY_CONDITION_REGIONS"", ""group"": ""wh3_combi_tms_generator_group_cathay_gatecapture_additive"", ""priority"": 10, ""variable_group"": null}","{""generator"": ""CAI_TMS_TASK_GENERATOR_ATTACK_ALL_FLAGGED_VICTORY_CONDITION_REGIONS"", ""group"": ""wh3_combi_tms_generator_group_cathay_gatecapture_additive"", ""priority"": 86, ""variable_group"": null}"
cai_task_management_system_task_generator_groups_generators_junctions_tables,hecleas,OVERRIDE_CHANGED,"[""wh3_combi_tms_generator_group_cathay_gatecapture_additive"", ""CAI_TMS_TASK_GENERATOR_ATTACK_LOCAL_FLAGGED_VICTORY_CONDITION_REGIONS"", null]",priority,"{""generator"": ""CAI_TMS_TASK_GENERATOR_ATTACK_LOCAL_FLAGGED_VICTORY_CONDITION_REGIONS"", ""group"": ""wh3_combi_tms_generator_group_cathay_gatecapture_additive"", ""priority"": 10, ""variable_group"": null}","{""generator"": ""CAI_TMS_TASK_GENERATOR_ATTACK_LOCAL_FLAGGED_VICTORY_CONDITION_REGIONS"", ""group"": ""wh3_combi_tms_generator_group_cathay_gatecapture_additive"", ""priority"": 86, ""variable_group"": null}"
cai_task_management_system_task_generator_groups_generators_junctions_tables,hecleas,OVERRIDE_SAME_AS_VANILLA,"[""wh3_combi_tms_generator_group_cathay_specific_additive"", ""CAI_TMS_GDS_TASK_GENERATOR_ATTACK_FORCES_IN_CATHAY_SHOULDNT_ENTER"", null]",,"{""generator"": ""CAI_TMS_GDS_TASK_GENERATOR_ATTACK_FORCES_IN_CATHAY_SHOULDNT_ENTER"", ""group"": ""wh3_combi_tms_generator_group_cathay_specific_additive"", ""priority"": -30, ""variable_group"": null}",null
cai_task_management_system_task_generator_groups_generators_junctions_tables,hecleas,OVERRIDE_SAME_AS_VANILLA,"[""wh3_combi_tms_generator_group_cathay_specific_additive"", ""CAI_TMS_GDS_TASK_GENERATOR_ATTACK_REGIONS_IN_CATHAY_SHOULDNT_ENTER"", null]",,"{""generator"": ""CAI_TMS_GDS_TASK_GENERATOR_ATTACK_REGIONS_IN_CATHAY_SHOULDNT_ENTER"", ""group"": ""wh3_combi_tms_generator_group_cathay_specific_additive"", ""priority"": -30, ""variable_group"": null}",null
cai_task_management_system_task_generator_groups_generators_junctions_tables,hecleas,OVERRIDE_CHANGED,"[""wh3_combi_tms_generator_group_cathay_specific_additive"", ""CAI_TMS_TASK_GENERATOR_DEFEND_FLAGGED_VICTORY_CONDITION_REGIONS"", null]",priority,"{""generator"": ""CAI_TMS_TASK_GENERATOR_DEFEND_FLAGGED_VICTORY_CONDITION_REGIONS"", ""group"": ""wh3_combi_tms_generator_group_cathay_specific_additive"", ""priority"": 5, ""variable_group"": null}","{""generator"": ""CAI_TMS_TASK_GENERATOR_DEFEND_FLAGGED_VICTORY_CONDITION_REGIONS"", ""group"": ""wh3_combi_tms_generator_group_cathay_specific_additive"", ""priority"": 35, ""variable_group"": null}"
cai_task_management_system_task_generator_groups_generators_junctions_tables,hecleas,OVERRIDE_CHANGED,"[""wh3_combi_tms_generator_group_chaos_gatedestroyer"", ""CAI_TMS_GDS_TASK_GENERATOR_AGENT_ATTACK_NEARBY_SETTLEMENT_IF_FRIENDLY_ARMY_PRESENT"", null]",priority,"{""generator"": ""CAI_TMS_GDS_TASK_GENERATOR_AGENT_ATTACK_NEARBY_SETTLEMENT_IF_FRIENDLY_ARMY_PRESENT"", ""group"": ""wh3_combi_tms_generator_group_chaos_gatedestroyer"", ""priority"": 10, ""variable_group"": null}","{""generator"": ""CAI_TMS_GDS_TASK_GENERATOR_AGENT_ATTACK_NEARBY_SETTLEMENT_IF_FRIENDLY_ARMY_PRESENT"", ""group"": ""wh3_combi_tms_generator_group_chaos_gatedestroyer"", ""priority"": 80, ""variable_group"": null}"
cai_task_management_system_task_generator_groups_generators_junctions_tables,hecleas,OVERRIDE_CHANGED,"[""wh3_combi_tms_generator_group_chaos_gatedestroyer"", ""CAI_TMS_GDS_TASK_GENERATOR_AGENT_ATTACK_SETTLEMENTS_NEAR_FLAGGED_REGIONS_OWNED_BY_ANOTHER_SUBCULTURED_ENEMY"", null]",priority,"{""generator"": ""CAI_TMS_GDS_TASK_GENERATOR_AGENT_ATTACK_SETTLEMENTS_NEAR_FLAGGED_REGIONS_OWNED_BY_ANOTHER_SUBCULTURED_ENEMY"", ""group"": ""wh3_combi_tms_generator_group_chaos_gatedestroyer"", ""priority"": 1, ""variable_group"": null}","{""generator"": ""CAI_TMS_GDS_TASK_GENERATOR_AGENT_ATTACK_SETTLEMENTS_NEAR_FLAGGED_REGIONS_OWNED_BY_ANOTHER_SUBCULTURED_ENEMY"", ""group"": ""wh3_combi_tms_generator_group_chaos_gatedestroyer"", ""priority"": 80, ""variable_group"": null}"
cai_task_management_system_task_generator_groups_generators_junctions_tables,hecleas,OVERRIDE_CHANGED,"[""wh3_combi_tms_generator_group_chaos_gatedestroyer"", ""CAI_TMS_TASK_GENERATOR_ATTACK_ALL_FLAGGED_REGIONS_OWNED_BY_ANOTHER_SUBCULTURED_ENEMY"", null]",priority,"{""generator"": ""CAI_TMS_TASK_GENERATOR_ATTACK_ALL_FLAGGED_REGIONS_OWNED_BY_ANOTHER_SUBCULTURED_ENEMY"", ""group"": ""wh3_combi_tms_generator_group_chaos_gatedestroyer"", ""priority"": 5, ""variable_group"": null}","{""generator"": ""CAI_TMS_TASK_GENERATOR_ATTACK_ALL_FLAGGED_REGIONS_OWNED_BY_ANOTHER_SUBCULTURED_ENEMY"", ""group"": ""wh3_combi_tms_generator_group_chaos_gatedestroyer"", ""priority"": 80, ""variable_group"": null}"
cai_task_management_system_task_generator_groups_generators_junctions_tables,hecleas,OVERRIDE_CHANGED,"[""wh3_combi_tms_generator_group_chaos_gatedestroyer"", ""CAI_TMS_TASK_GENERATOR_ATTACK_ALL_FLAGGED_VICTORY_CONDITION_REGIONS"", null]",priority,"{""generator"": ""CAI_TMS_TASK_GENERATOR_ATTACK_ALL_FLAGGED_VICTORY_CONDITION_REGIONS"", ""group"": ""wh3_combi_tms_generator_group_chaos_gatedestroyer"", ""priority"": 5, ""variable_group"": null}","{""generator"": ""CAI_TMS_TASK_GENERATOR_ATTACK_ALL_FLAGGED_VICTORY_CONDITION_REGIONS"", ""group"": ""wh3_combi_tms_generator_group_chaos_gatedestroyer"", ""priority"": 86, ""variable_group"": null}"
cai_task_management_system_task_generator_groups_generators_junctions_tables,hecleas,OVERRIDE_CHANGED,"[""wh3_combi_tms_generator_group_chaos_gatedestroyer"", ""CAI_TMS_TASK_GENERATOR_ATTACK_LOCAL_FLAGGED_VICTORY_CONDITION_REGIONS"", null]",priority,"{""generator"": ""CAI_TMS_TASK_GENERATOR_ATTACK_LOCAL_FLAGGED_VICTORY_CONDITION_REGIONS"", ""group"": ""wh3_combi_tms_generator_group_chaos_gatedestroyer"", ""priority"": 10, ""variable_group"": null}","{""generator"": ""CAI_TMS_TASK_GENERATOR_ATTACK_LOCAL_FLAGGED_VICTORY_CONDITION_REGIONS"", ""group"": ""wh3_combi_tms_generator_group_chaos_gatedestroyer"", ""priority"": 86, ""variable_group"": null}"
cai_task_management_system_task_generator_groups_generators_junctions_tables,hecleas,OVERRIDE_CHANGED,"[""wh3_combi_tms_generator_group_chaos_settled_belakor"", ""CAI_TMS_GDS_TASK_GENERATOR_AGENT_DEPLOY_IN_UNDISCOVERED_FACTIONS_REGIONS_WHEN_HAVE_NO_PORTS"", ""agent_deploy_to_region""]",priority,"{""generator"": ""CAI_TMS_GDS_TASK_GENERATOR_AGENT_DEPLOY_IN_UNDISCOVERED_FACTIONS_REGIONS_WHEN_HAVE_NO_PORTS"", ""group"": ""wh3_combi_tms_generator_group_chaos_settled_belakor"", ""priority"": 15, ""variable_group"": ""agent_deploy_to_region""}","{""generator"": ""CAI_TMS_GDS_TASK_GENERATOR_AGENT_DEPLOY_IN_UNDISCOVERED_FACTIONS_REGIONS_WHEN_HAVE_NO_PORTS"", ""group"": ""wh3_combi_tms_generator_group_chaos_settled_belakor"", ""priority"": 80, ""variable_group"": ""agent_deploy_to_region""}"
cai_task_management_system_task_generator_groups_generators_junctions_tables,hecleas,OVERRIDE_CHANGED,"[""wh3_combi_tms_generator_group_chaos_settled_specific_additive"", ""CAI_TMS_GDS_TASK_GENERATOR_ATTACK_DARK_FORTRESS"", null]",priority,"{""generator"": ""CAI_TMS_GDS_TASK_GENERATOR_ATTACK_DARK_FORTRESS"", ""group"": ""wh3_combi_tms_generator_group_chaos_settled_specific_additive"", ""priority"": 4, ""variable_group"": null}","{""generator"": ""CAI_TMS_GDS_TASK_GENERATOR_ATTACK_DARK_FORTRESS"", ""group"": ""wh3_combi_tms_generator_group_chaos_settled_specific_additive"", ""priority"": 90, ""variable_group"": null}"
cai_task_management_system_task_generator_groups_generators_junctions_tables,hecleas,OVERRIDE_SAME_AS_VANILLA,"[""wh3_combi_tms_generator_group_chaos_settled_specific_additive"", ""CAI_TMS_GDS_TASK_GENERATOR_BAY_OF_BLADES_EARLY"", null]",,"{""generator"": ""CAI_TMS_GDS_TASK_GENERATOR_BAY_OF_BLADES_EARLY"", ""group"": ""wh3_combi_tms_generator_group_chaos_settled_specific_additive"", ""priority"": -8, ""variable_group"": null}",null
cai_task_management_system_task_generator_groups_generators_junctions_tables,hecleas,OVERRIDE_SAME_AS_VANILLA,"[""wh3_combi_tms_generator_group_chaos_settled_specific_additive"", ""CAI_TMS_GDS_TASK_GENERATOR_DONT_RECOLONISE_GATE_RUINS"", null]",,"{""generator"": ""CAI_TMS_GDS_TASK_GENERATOR_DONT_RECOLONISE_GATE_RUINS"", ""group"": ""wh3_combi_tms_generator_group_chaos_settled_specific_additive"", ""priority"": -100, ""variable_group"": null}",null
cai_task_management_system_task_generator_groups_generators_junctions_tables,hecleas,OVERRIDE_SAME_AS_VANILLA,"[""wh3_combi_tms_generator_group_chaos_settled_specific_additive"", ""CAI_TMS_GDS_TASK_GENERATOR_RECRUIT_WITH_MAIN_ARMY"", null]",,"{""generator"": ""CAI_TMS_GDS_TASK_GENERATOR_RECRUIT_WITH_MAIN_ARMY"", ""group"": ""wh3_combi_tms_generator_group_chaos_settled_specific_additive"", ""priority"": -150, ""variable_group"": null}",null
cai_task_management_system_task_generator_groups_generators_junctions_tables,hecleas,OVERRIDE_SAME_AS_VANILLA,"[""wh3_combi_tms_generator_group_chaos_settled_specific_additive"", ""CAI_TMS_GDS_TASK_GENERATOR_RECRUIT_WITH_MAIN_ARMY_IN_LOCAL_REGION"", null]",,"{""generator"": ""CAI_TMS_GDS_TASK_GENERATOR_RECRUIT_WITH_MAIN_ARMY_IN_LOCAL_REGION"", ""group"": ""wh3_combi_tms_generator_group_chaos_settled_specific_additive"", ""priority"": -150, ""variable_group"": null}",null
cai_task_management_system_task_generator_groups_generators_junctions_tables,hecleas,OVERRIDE_CHANGED,"[""wh3_combi_tms_generator_group_chaos_settled_specific_additive"", ""CAI_TMS_TASK_GENERATOR_WITHDRAW_LOW_WINDS_OF_MAGIC_ARMIES_TO_REGION"", null]",priority,"{""generator"": ""CAI_TMS_TASK_GENERATOR_WITHDRAW_LOW_WINDS_OF_MAGIC_ARMIES_TO_REGION"", ""group"": ""wh3_combi_tms_generator_group_chaos_settled_specific_additive"", ""priority"": 3, ""variable_group"": null}","{""generator"": ""CAI_TMS_TASK_GENERATOR_WITHDRAW_LOW_WINDS_OF_MAGIC_ARMIES_TO_REGION"", ""group"": ""wh3_combi_tms_generator_group_chaos_settled_specific_additive"", ""priority"": 70, ""variable_group"": null}"
cai_task_management_system_task_generator_groups_generators_junctions_tables,hecleas,OVERRIDE_SAME_AS_VANILLA,"[""wh3_combi_tms_generator_group_chaos_specific_additive"", ""CAI_TMS_GDS_TASK_GENERATOR_DONT_RECOLONISE_GATE_RUINS"", null]",,"{""generator"": ""CAI_TMS_GDS_TASK_GENERATOR_DONT_RECOLONISE_GATE_RUINS"", ""group"": ""wh3_combi_tms_generator_group_chaos_specific_additive"", ""priority"": -100, ""variable_group"": null}",null
cai_task_management_system_task_generator_groups_generators_junctions_tables,hecleas,OVERRIDE_CHANGED,"[""wh3_combi_tms_generator_group_coloniser_additive"", ""CAI_TMS_GDS_TASK_GENERATOR_COLONISE_ABANDONED_SETTLEMENTS_NEAR_OUR_FORCES"", null]",priority,"{""generator"": ""CAI_TMS_GDS_TASK_GENERATOR_COLONISE_ABANDONED_SETTLEMENTS_NEAR_OUR_FORCES"", ""group"": ""wh3_combi_tms_generator_group_coloniser_additive"", ""priority"": 2, ""variable_group"": null}","{""generator"": ""CAI_TMS_GDS_TASK_GENERATOR_COLONISE_ABANDONED_SETTLEMENTS_NEAR_OUR_FORCES"", ""group"": ""wh3_combi_tms_generator_group_coloniser_additive"", ""priority"": 90, ""variable_group"": null}"
cai_task_management_system_task_generator_groups_generators_junctions_tables,hecleas,OVERRIDE_CHANGED,"[""wh3_combi_tms_generator_group_coloniser_additive"", ""CAI_TMS_TASK_GENERATOR_ATTACK_PROVINCES_NEIGHBOURNIG_OWN_PROVINCES_ABANDONED"", null]",priority,"{""generator"": ""CAI_TMS_TASK_GENERATOR_ATTACK_PROVINCES_NEIGHBOURNIG_OWN_PROVINCES_ABANDONED"", ""group"": ""wh3_combi_tms_generator_group_coloniser_additive"", ""priority"": 1, ""variable_group"": null}","{""generator"": ""CAI_TMS_TASK_GENERATOR_ATTACK_PROVINCES_NEIGHBOURNIG_OWN_PROVINCES_ABANDONED"", ""group"": ""wh3_combi_tms_generator_group_coloniser_additive"", ""priority"": 80, ""variable_group"": null}"
cai_task_management_system_task_generator_groups_generators_junctions_tables,hecleas,OVERRIDE_CHANGED,"[""wh3_combi_tms_generator_group_coloniser_additive"", ""CAI_TMS_TASK_GENERATOR_ATTACK_PROVINCES_NEIGHBOURNIG_OWN_REGIONS_ABANDONED"", null]",priority,"{""generator"": ""CAI_TMS_TASK_GENERATOR_ATTACK_PROVINCES_NEIGHBOURNIG_OWN_REGIONS_ABANDONED"", ""group"": ""wh3_combi_tms_generator_group_coloniser_additive"", ""priority"": 2, ""variable_group"": null}","{""generator"": ""CAI_TMS_TASK_GENERATOR_ATTACK_PROVINCES_NEIGHBOURNIG_OWN_REGIONS_ABANDONED"", ""group"": ""wh3_combi_tms_generator_group_coloniser_additive"", ""priority"": 80, ""variable_group"": null}"
cai_task_management_system_task_generator_groups_generators_junctions_tables,hecleas,OVERRIDE_CHANGED,"[""wh3_combi_tms_generator_group_coloniser_additive"", ""CAI_TMS_TASK_GENERATOR_ATTACK_REGIONS_NEIGHBOURNIG_OWN_REGIONS_ABANDONED"", null]",priority,"{""generator"": ""CAI_TMS_TASK_GENERATOR_ATTACK_REGIONS_NEIGHBOURNIG_OWN_REGIONS_ABANDONED"", ""group"": ""wh3_combi_tms_generator_group_coloniser_additive"", ""priority"": 2, ""variable_group"": null}","{""generator"": ""CAI_TMS_TASK_GENERATOR_ATTACK_REGIONS_NEIGHBOURNIG_OWN_REGIONS_ABANDONED"", ""group"": ""wh3_combi_tms_generator_group_coloniser_additive"", ""priority"": 80, ""variable_group"": null}"
cai_task_management_system_task_generator_groups_generators_junctions_tables,hecleas,OVERRIDE_CHANGED,"[""wh3_combi_tms_generator_group_conclave_of_sorcerers"", ""CAI_TMS_TASK_GENERATOR_ACTIVELY_DEFEND_CAPITAL"", null]",priority,"{""generator"": ""CAI_TMS_TASK_GENERATOR_ACTIVELY_DEFEND_CAPITAL"", ""group"": ""wh3_combi_tms_generator_group_conclave_of_sorcerers"", ""priority"": 0.80000001, ""variable_group"": null}","{""generator"": ""CAI_TMS_TASK_GENERATOR_ACTIVELY_DEFEND_CAPITAL"", ""group"": ""wh3_combi_tms_generator_group_conclave_of_sorcerers"", ""priority"": 25, ""variable_group"": null}"
cai_task_management_system_task_generator_groups_generators_junctions_tables,hecleas,OVERRIDE_CHANGED,"[""wh3_combi_tms_generator_group_conclave_of_sorcerers"", ""CAI_TMS_TASK_GENERATOR_DEFEND_OWNED_REGIONS"", null]",priority,"{""generator"": ""CAI_TMS_TASK_GENERATOR_DEFEND_OWNED_REGIONS"", ""group"": ""wh3_combi_tms_generator_group_conclave_of_sorcerers"", ""priority"": 1, ""variable_group"": null}","{""generator"": ""CAI_TMS_TASK_GENERATOR_DEFEND_OWNED_REGIONS"", ""group"": ""wh3_combi_tms_generator_group_conclave_of_sorcerers"", ""priority"": 30, ""variable_group"": null}"
cai_task_management_system_task_generator_groups_generators_junctions_tables,hecleas,OVERRIDE_CHANGED,"[""wh3_combi_tms_generator_group_conclave_of_sorcerers"", ""CAI_TMS_TASK_GENERATOR_SALLY_OUT_BEFORE_SETTLEMENT_LOSS"", null]",priority,"{""generator"": ""CAI_TMS_TASK_GENERATOR_SALLY_OUT_BEFORE_SETTLEMENT_LOSS"", ""group"": ""wh3_combi_tms_generator_group_conclave_of_sorcerers"", ""priority"": 5, ""variable_group"": null}","{""generator"": ""CAI_TMS_TASK_GENERATOR_SALLY_OUT_BEFORE_SETTLEMENT_LOSS"", ""group"": ""wh3_combi_tms_generator_group_conclave_of_sorcerers"", ""priority"": 90, ""variable_group"": null}"
cai_task_management_system_task_generator_groups_generators_junctions_tables,hecleas,OVERRIDE_CHANGED,"[""wh3_combi_tms_generator_group_daemonprince_specific_additive"", ""CAI_TMS_TASK_GENERATOR_WITHDRAW_LOW_WINDS_OF_MAGIC_ARMIES_TO_REGION"", null]",priority,"{""generator"": ""CAI_TMS_TASK_GENERATOR_WITHDRAW_LOW_WINDS_OF_MAGIC_ARMIES_TO_REGION"", ""group"": ""wh3_combi_tms_generator_group_daemonprince_specific_additive"", ""priority"": 5, ""variable_group"": null}","{""generator"": ""CAI_TMS_TASK_GENERATOR_WITHDRAW_LOW_WINDS_OF_MAGIC_ARMIES_TO_REGION"", ""group"": ""wh3_combi_tms_generator_group_daemonprince_specific_additive"", ""priority"": 70, ""variable_group"": null}"
cai_task_management_system_task_generator_groups_generators_junctions_tables,hecleas,OVERRIDE_CHANGED,"[""wh3_combi_tms_generator_group_default"", ""CAI_GDS_TMS_TASK_GENERATOR_DEFEND_ALL_SETTLEMENTS_WHEN_ENEMY_FORCES_IN_OUR_TERRTORY"", null]",priority,"{""generator"": ""CAI_GDS_TMS_TASK_GENERATOR_DEFEND_ALL_SETTLEMENTS_WHEN_ENEMY_FORCES_IN_OUR_TERRTORY"", ""group"": ""wh3_combi_tms_generator_group_default"", ""priority"": 0.75, ""variable_group"": null}","{""generator"": ""CAI_GDS_TMS_TASK_GENERATOR_DEFEND_ALL_SETTLEMENTS_WHEN_ENEMY_FORCES_IN_OUR_TERRTORY"", ""group"": ""wh3_combi_tms_generator_group_default"", ""priority"": 50, ""variable_group"": null}"
cai_task_management_system_task_generator_groups_generators_junctions_tables,hecleas,OVERRIDE_CHANGED,"[""wh3_combi_tms_generator_group_default"", ""CAI_TMS_GDS_TASK_GENERATOR_AGENT_ATTACK_ALL_NEARBY_ENEMY_AGENTS"", null]",priority,"{""generator"": ""CAI_TMS_GDS_TASK_GENERATOR_AGENT_ATTACK_ALL_NEARBY_ENEMY_AGENTS"", ""group"": ""wh3_combi_tms_generator_group_default"", ""priority"": 1, ""variable_group"": null}","{""generator"": ""CAI_TMS_GDS_TASK_GENERATOR_AGENT_ATTACK_ALL_NEARBY_ENEMY_AGENTS"", ""group"": ""wh3_combi_tms_generator_group_default"", ""priority"": 80, ""variable_group"": null}"
cai_task_management_system_task_generator_groups_generators_junctions_tables,hecleas,OVERRIDE_CHANGED,"[""wh3_combi_tms_generator_group_default"", ""CAI_TMS_GDS_TASK_GENERATOR_AGENT_ATTACK_ALL_NEARBY_ENEMY_FORCES"", null]",priority,"{""generator"": ""CAI_TMS_GDS_TASK_GENERATOR_AGENT_ATTACK_ALL_NEARBY_ENEMY_FORCES"", ""group"": ""wh3_combi_tms_generator_group_default"", ""priority"": 4, ""variable_group"": null}","{""generator"": ""CAI_TMS_GDS_TASK_GENERATOR_AGENT_ATTACK_ALL_NEARBY_ENEMY_FORCES"", ""group"": ""wh3_combi_tms_generator_group_default"", ""priority"": 80, ""variable_group"": null}"
cai_task_management_system_task_generator_groups_generators_junctions_tables,hecleas,OVERRIDE_CHANGED,"[""wh3_combi_tms_generator_group_default"", ""CAI_TMS_GDS_TASK_GENERATOR_AGENT_ATTACK_ALL_NEARBY_ENEMY_SETTLEMENTS"", null]",priority,"{""generator"": ""CAI_TMS_GDS_TASK_GENERATOR_AGENT_ATTACK_ALL_NEARBY_ENEMY_SETTLEMENTS"", ""group"": ""wh3_combi_tms_generator_group_default"", ""priority"": 4, ""variable_group"": null}","{""generator"": ""CAI_TMS_GDS_TASK_GENERATOR_AGENT_ATTACK_ALL_NEARBY_ENEMY_SETTLEMENTS"", ""group"": ""wh3_combi_tms_generator_group_default"", ""priority"": 80, ""variable_group"": null}"
cai_task_management_system_task_generator_groups_generators_junctions_tables,hecleas,OVERRIDE_CHANGED,"[""wh3_combi_tms_generator_group_default"", ""CAI_TMS_GDS_TASK_GENERATOR_AGENT_DEPLOY_IN_UNDISCOVERED_FACTIONS_REGIONS_AFTER_TURN_50_AND_STRONG"", ""agent_deploy_to_region""]",priority,"{""generator"": ""CAI_TMS_GDS_TASK_GENERATOR_AGENT_DEPLOY_IN_UNDISCOVERED_FACTIONS_REGIONS_AFTER_TURN_50_AND_STRONG"", ""group"": ""wh3_combi_tms_generator_group_default"", ""priority"": 15, ""variable_group"": ""agent_deploy_to_region""}","{""generator"": ""CAI_TMS_GDS_TASK_GENERATOR_AGENT_DEPLOY_IN_UNDISCOVERED_FACTIONS_REGIONS_AFTER_TURN_50_AND_STRONG"", ""group"": ""wh3_combi_tms_generator_group_default"", ""priority"": 80, ""variable_group"": ""agent_deploy_to_region""}"
cai_task_management_system_task_generator_groups_generators_junctions_tables,hecleas,OVERRIDE_CHANGED,"[""wh3_combi_tms_generator_group_default"", ""CAI_TMS_GDS_TASK_GENERATOR_ATTACK_ALL_ENEMY_HUMAN_FORCES_ON_EASY"", null]",priority,"{""generator"": ""CAI_TMS_GDS_TASK_GENERATOR_ATTACK_ALL_ENEMY_HUMAN_FORCES_ON_EASY"", ""group"": ""wh3_combi_tms_generator_group_default"", ""priority"": -1, ""variable_group"": null}","{""generator"": ""CAI_TMS_GDS_TASK_GENERATOR_ATTACK_ALL_ENEMY_HUMAN_FORCES_ON_EASY"", ""group"": ""wh3_combi_tms_generator_group_default"", ""priority"": 90, ""variable_group"": null}"
cai_task_management_system_task_generator_groups_generators_junctions_tables,hecleas,OVERRIDE_CHANGED,"[""wh3_combi_tms_generator_group_default"", ""CAI_TMS_GDS_TASK_GENERATOR_ATTACK_ALL_ENEMY_HUMAN_FORCES_ON_HARD"", null]",priority,"{""generator"": ""CAI_TMS_GDS_TASK_GENERATOR_ATTACK_ALL_ENEMY_HUMAN_FORCES_ON_HARD"", ""group"": ""wh3_combi_tms_generator_group_default"", ""priority"": 0, ""variable_group"": null}","{""generator"": ""CAI_TMS_GDS_TASK_GENERATOR_ATTACK_ALL_ENEMY_HUMAN_FORCES_ON_HARD"", ""group"": ""wh3_combi_tms_generator_group_default"", ""priority"": 90, ""variable_group"": null}"
cai_task_management_system_task_generator_groups_generators_junctions_tables,hecleas,OVERRIDE_CHANGED,"[""wh3_combi_tms_generator_group_default"", ""CAI_TMS_GDS_TASK_GENERATOR_ATTACK_ALL_ENEMY_HUMAN_FORCES_ON_LEGENDARY"", null]",priority,"{""generator"": ""CAI_TMS_GDS_TASK_GENERATOR_ATTACK_ALL_ENEMY_HUMAN_FORCES_ON_LEGENDARY"", ""group"": ""wh3_combi_tms_generator_group_default"", ""priority"": 0, ""variable_group"": null}","{""generator"": ""CAI_TMS_GDS_TASK_GENERATOR_ATTACK_ALL_ENEMY_HUMAN_FORCES_ON_LEGENDARY"", ""group"": ""wh3_combi_tms_generator_group_default"", ""priority"": 90, ""variable_group"": null}"
cai_task_management_system_task_generator_groups_generators_junctions_tables,hecleas,OVERRIDE_CHANGED,"[""wh3_combi_tms_generator_group_default"", ""CAI_TMS_GDS_TASK_GENERATOR_ATTACK_ALL_ENEMY_HUMAN_FORCES_ON_NORMAL"", null]",priority,"{""generator"": ""CAI_TMS_GDS_TASK_GENERATOR_ATTACK_ALL_ENEMY_HUMAN_FORCES_ON_NORMAL"", ""group"": ""wh3_combi_tms_generator_group_default"", ""priority"": 0, ""variable_group"": null}","{""generator"": ""CAI_TMS_GDS_TASK_GENERATOR_ATTACK_ALL_ENEMY_HUMAN_FORCES_ON_NORMAL"", ""group"": ""wh3_combi_tms_generator_group_default"", ""priority"": 90, ""variable_group"": null}"
cai_task_management_system_task_generator_groups_generators_junctions_tables,hecleas,OVERRIDE_CHANGED,"[""wh3_combi_tms_generator_group_default"", ""CAI_TMS_GDS_TASK_GENERATOR_ATTACK_ALL_ENEMY_HUMAN_FORCES_ON_VERYHARD"", null]",priority,"{""generator"": ""CAI_TMS_GDS_TASK_GENERATOR_ATTACK_ALL_ENEMY_HUMAN_FORCES_ON_VERYHARD"", ""group"": ""wh3_combi_tms_generator_group_default"", ""priority"": 0, ""variable_group"": null}","{""generator"": ""CAI_TMS_GDS_TASK_GENERATOR_ATTACK_ALL_ENEMY_HUMAN_FORCES_ON_VERYHARD"", ""group"": ""wh3_combi_tms_generator_group_default"", ""priority"": 90, ""variable_group"": null}"
cai_task_management_system_task_generator_groups_generators_junctions_tables,hecleas,OVERRIDE_CHANGED,"[""wh3_combi_tms_generator_group_default"", ""CAI_TMS_GDS_TASK_GENERATOR_ATTACK_ALL_ENEMY_HUMAN_SETTLEMENTS_ON_EASY"", null]",priority,"{""generator"": ""CAI_TMS_GDS_TASK_GENERATOR_ATTACK_ALL_ENEMY_HUMAN_SETTLEMENTS_ON_EASY"", ""group"": ""wh3_combi_tms_generator_group_default"", ""priority"": -1, ""variable_group"": null}","{""generator"": ""CAI_TMS_GDS_TASK_GENERATOR_ATTACK_ALL_ENEMY_HUMAN_SETTLEMENTS_ON_EASY"", ""group"": ""wh3_combi_tms_generator_group_default"", ""priority"": 90, ""variable_group"": null}"
cai_task_management_system_task_generator_groups_generators_junctions_tables,hecleas,OVERRIDE_CHANGED,"[""wh3_combi_tms_generator_group_default"", ""CAI_TMS_GDS_TASK_GENERATOR_ATTACK_ALL_ENEMY_HUMAN_SETTLEMENTS_ON_HARD"", null]",priority,"{""generator"": ""CAI_TMS_GDS_TASK_GENERATOR_ATTACK_ALL_ENEMY_HUMAN_SETTLEMENTS_ON_HARD"", ""group"": ""wh3_combi_tms_generator_group_default"", ""priority"": 0, ""variable_group"": null}","{""generator"": ""CAI_TMS_GDS_TASK_GENERATOR_ATTACK_ALL_ENEMY_HUMAN_SETTLEMENTS_ON_HARD"", ""group"": ""wh3_combi_tms_generator_group_default"", ""priority"": 90, ""variable_group"": null}"
cai_task_management_system_task_generator_groups_generators_junctions_tables,hecleas,OVERRIDE_CHANGED,"[""wh3_combi_tms_generator_group_default"", ""CAI_TMS_GDS_TASK_GENERATOR_ATTACK_ALL_ENEMY_HUMAN_SETTLEMENTS_ON_LEGENDARY"", null]",priority,"{""generator"": ""CAI_TMS_GDS_TASK_GENERATOR_ATTACK_ALL_ENEMY_HUMAN_SETTLEMENTS_ON_LEGENDARY"", ""group"": ""wh3_combi_tms_generator_group_default"", ""priority"": 0, ""variable_group"": null}","{""generator"": ""CAI_TMS_GDS_TASK_GENERATOR_ATTACK_ALL_ENEMY_HUMAN_SETTLEMENTS_ON_LEGENDARY"", ""group"": ""wh3_combi_tms_generator_group_default"", ""priority"": 90, ""variable_group"": null}"
cai_task_management_system_task_generator_groups_generators_junctions_tables,hecleas,OVERRIDE_CHANGED,"[""wh3_combi_tms_generator_group_default"", ""CAI_TMS_GDS_TASK_GENERATOR_ATTACK_ALL_ENEMY_HUMAN_SETTLEMENTS_ON_NORMAL"", null]",priority,"{""generator"": ""CAI_TMS_GDS_TASK_GENERATOR_ATTACK_ALL_ENEMY_HUMAN_SETTLEMENTS_ON_NORMAL"", ""group"": ""wh3_combi_tms_generator_group_default"", ""priority"": 0, ""variable_group"": null}","{""generator"": ""CAI_TMS_GDS_TASK_GENERATOR_ATTACK_ALL_ENEMY_HUMAN_SETTLEMENTS_ON_NORMAL"", ""group"": ""wh3_combi_tms_generator_group_default"", ""priority"": 90, ""variable_group"": null}"
cai_task_management_system_task_generator_groups_generators_junctions_tables,hecleas,OVERRIDE_CHANGED,"[""wh3_combi_tms_generator_group_default"", ""CAI_TMS_GDS_TASK_GENERATOR_ATTACK_ALL_ENEMY_HUMAN_SETTLEMENTS_ON_VERYHARD"", null]",priority,"{""generator"": ""CAI_TMS_GDS_TASK_GENERATOR_ATTACK_ALL_ENEMY_HUMAN_SETTLEMENTS_ON_VERYHARD"", ""group"": ""wh3_combi_tms_generator_group_default"", ""priority"": 0, ""variable_group"": null}","{""generator"": ""CAI_TMS_GDS_TASK_GENERATOR_ATTACK_ALL_ENEMY_HUMAN_SETTLEMENTS_ON_VERYHARD"", ""group"": ""wh3_combi_tms_generator_group_default"", ""priority"": 90, ""variable_group"": null}"
cai_task_management_system_task_generator_groups_generators_junctions_tables,hecleas,OVERRIDE_CHANGED,"[""wh3_combi_tms_generator_group_default"", ""CAI_TMS_GDS_TASK_GENERATOR_ATTACK_ENEMY_ARMIES_IN_PERSONALITY_REGION_GROUP_1_EARLY"", null]",priority,"{""generator"": ""CAI_TMS_GDS_TASK_GENERATOR_ATTACK_ENEMY_ARMIES_IN_PERSONALITY_REGION_GROUP_1_EARLY"", ""group"": ""wh3_combi_tms_generator_group_default"", ""priority"": 3, ""variable_group"": null}","{""generator"": ""CAI_TMS_GDS_TASK_GENERATOR_ATTACK_ENEMY_ARMIES_IN_PERSONALITY_REGION_GROUP_1_EARLY"", ""group"": ""wh3_combi_tms_generator_group_default"", ""priority"": 90, ""variable_group"": null}"
cai_task_management_system_task_generator_groups_generators_junctions_tables,hecleas,OVERRIDE_CHANGED,"[""wh3_combi_tms_generator_group_default"", ""CAI_TMS_GDS_TASK_GENERATOR_ATTACK_ENEMY_ARMIES_IN_PERSONALITY_REGION_GROUP_2_MID"", null]",priority,"{""generator"": ""CAI_TMS_GDS_TASK_GENERATOR_ATTACK_ENEMY_ARMIES_IN_PERSONALITY_REGION_GROUP_2_MID"", ""group"": ""wh3_combi_tms_generator_group_default"", ""priority"": 3, ""variable_group"": null}","{""generator"": ""CAI_TMS_GDS_TASK_GENERATOR_ATTACK_ENEMY_ARMIES_IN_PERSONALITY_REGION_GROUP_2_MID"", ""group"": ""wh3_combi_tms_generator_group_default"", ""priority"": 90, ""variable_group"": null}"
cai_task_management_system_task_generator_groups_generators_junctions_tables,hecleas,OVERRIDE_CHANGED,"[""wh3_combi_tms_generator_group_default"", ""CAI_TMS_GDS_TASK_GENERATOR_ATTACK_ENEMY_ARMIES_IN_PERSONALITY_REGION_GROUP_3_LATE"", null]",priority,"{""generator"": ""CAI_TMS_GDS_TASK_GENERATOR_ATTACK_ENEMY_ARMIES_IN_PERSONALITY_REGION_GROUP_3_LATE"", ""group"": ""wh3_combi_tms_generator_group_default"", ""priority"": 3, ""variable_group"": null}","{""generator"": ""CAI_TMS_GDS_TASK_GENERATOR_ATTACK_ENEMY_ARMIES_IN_PERSONALITY_REGION_GROUP_3_LATE"", ""group"": ""wh3_combi_tms_generator_group_default"", ""priority"": 90, ""variable_group"": null}"
cai_task_management_system_task_generator_groups_generators_junctions_tables,hecleas,OVERRIDE_CHANGED,"[""wh3_combi_tms_generator_group_default"", ""CAI_TMS_GDS_TASK_GENERATOR_ATTACK_ENEMY_LAST_SETTLEMENT"", null]",priority,"{""generator"": ""CAI_TMS_GDS_TASK_GENERATOR_ATTACK_ENEMY_LAST_SETTLEMENT"", ""group"": ""wh3_combi_tms_generator_group_default"", ""priority"": 5, ""variable_group"": null}","{""generator"": ""CAI_TMS_GDS_TASK_GENERATOR_ATTACK_ENEMY_LAST_SETTLEMENT"", ""group"": ""wh3_combi_tms_generator_group_default"", ""priority"": 90, ""variable_group"": null}"
cai_task_management_system_task_generator_groups_generators_junctions_tables,hecleas,OVERRIDE_CHANGED,"[""wh3_combi_tms_generator_group_default"", ""CAI_TMS_GDS_TASK_GENERATOR_ATTACK_ENEMY_LAST_SETTLEMENT_ZHAO_IF_BHASHIVA_IS_HUMAN"", null]",priority,"{""generator"": ""CAI_TMS_GDS_TASK_GENERATOR_ATTACK_ENEMY_LAST_SETTLEMENT_ZHAO_IF_BHASHIVA_IS_HUMAN"", ""group"": ""wh3_combi_tms_generator_group_default"", ""priority"": -100, ""variable_group"": null}","{""generator"": ""CAI_TMS_GDS_TASK_GENERATOR_ATTACK_ENEMY_LAST_SETTLEMENT_ZHAO_IF_BHASHIVA_IS_HUMAN"", ""group"": ""wh3_combi_tms_generator_group_default"", ""priority"": 90, ""variable_group"": null}"
cai_task_management_system_task_generator_groups_generators_junctions_tables,hecleas,OVERRIDE_CHANGED,"[""wh3_combi_tms_generator_group_default"", ""CAI_TMS_GDS_TASK_GENERATOR_ATTACK_ENEMY_SETTLEMENTS_IN_PERSONALITY_REGION_GROUP_1_EARLY"", null]",priority,"{""generator"": ""CAI_TMS_GDS_TASK_GENERATOR_ATTACK_ENEMY_SETTLEMENTS_IN_PERSONALITY_REGION_GROUP_1_EARLY"", ""group"": ""wh3_combi_tms_generator_group_default"", ""priority"": 2, ""variable_group"": null}","{""generator"": ""CAI_TMS_GDS_TASK_GENERATOR_ATTACK_ENEMY_SETTLEMENTS_IN_PERSONALITY_REGION_GROUP_1_EARLY"", ""group"": ""wh3_combi_tms_generator_group_default"", ""priority"": 90, ""variable_group"": null}"
cai_task_management_system_task_generator_groups_generators_junctions_tables,hecleas,OVERRIDE_CHANGED,"[""wh3_combi_tms_generator_group_default"", ""CAI_TMS_GDS_TASK_GENERATOR_ATTACK_ENEMY_SETTLEMENTS_IN_PERSONALITY_REGION_GROUP_2_MID"", null]",priority,"{""generator"": ""CAI_TMS_GDS_TASK_GENERATOR_ATTACK_ENEMY_SETTLEMENTS_IN_PERSONALITY_REGION_GROUP_2_MID"", ""group"": ""wh3_combi_tms_generator_group_default"", ""priority"": 2, ""variable_group"": null}","{""generator"": ""CAI_TMS_GDS_TASK_GENERATOR_ATTACK_ENEMY_SETTLEMENTS_IN_PERSONALITY_REGION_GROUP_2_MID"", ""group"": ""wh3_combi_tms_generator_group_default"", ""priority"": 90, ""variable_group"": null}"
cai_task_management_system_task_generator_groups_generators_junctions_tables,hecleas,OVERRIDE_CHANGED,"[""wh3_combi_tms_generator_group_default"", ""CAI_TMS_GDS_TASK_GENERATOR_ATTACK_ENEMY_SETTLEMENTS_IN_PERSONALITY_REGION_GROUP_3_LATE"", null]",priority,"{""generator"": ""CAI_TMS_GDS_TASK_GENERATOR_ATTACK_ENEMY_SETTLEMENTS_IN_PERSONALITY_REGION_GROUP_3_LATE"", ""group"": ""wh3_combi_tms_generator_group_default"", ""priority"": 2, ""variable_group"": null}","{""generator"": ""CAI_TMS_GDS_TASK_GENERATOR_ATTACK_ENEMY_SETTLEMENTS_IN_PERSONALITY_REGION_GROUP_3_LATE"", ""group"": ""wh3_combi_tms_generator_group_default"", ""priority"": 90, ""variable_group"": null}"
cai_task_management_system_task_generator_groups_generators_junctions_tables,hecleas,OVERRIDE_CHANGED,"[""wh3_combi_tms_generator_group_default"", ""CAI_TMS_GDS_TASK_GENERATOR_COLONISE_ABANDONED_SETTLEMENTS_IN_PERSONALITY_REGION_GROUP_1_EARLY"", null]",priority,"{""generator"": ""CAI_TMS_GDS_TASK_GENERATOR_COLONISE_ABANDONED_SETTLEMENTS_IN_PERSONALITY_REGION_GROUP_1_EARLY"", ""group"": ""wh3_combi_tms_generator_group_default"", ""priority"": 3, ""variable_group"": null}","{""generator"": ""CAI_TMS_GDS_TASK_GENERATOR_COLONISE_ABANDONED_SETTLEMENTS_IN_PERSONALITY_REGION_GROUP_1_EARLY"", ""group"": ""wh3_combi_tms_generator_group_default"", ""priority"": 90, ""variable_group"": null}"
cai_task_management_system_task_generator_groups_generators_junctions_tables,hecleas,OVERRIDE_CHANGED,"[""wh3_combi_tms_generator_group_default"", ""CAI_TMS_GDS_TASK_GENERATOR_COLONISE_ABANDONED_SETTLEMENTS_IN_PERSONALITY_REGION_GROUP_2_MID"", null]",priority,"{""generator"": ""CAI_TMS_GDS_TASK_GENERATOR_COLONISE_ABANDONED_SETTLEMENTS_IN_PERSONALITY_REGION_GROUP_2_MID"", ""group"": ""wh3_combi_tms_generator_group_default"", ""priority"": 3, ""variable_group"": null}","{""generator"": ""CAI_TMS_GDS_TASK_GENERATOR_COLONISE_ABANDONED_SETTLEMENTS_IN_PERSONALITY_REGION_GROUP_2_MID"", ""group"": ""wh3_combi_tms_generator_group_default"", ""priority"": 90, ""variable_group"": null}"
cai_task_management_system_task_generator_groups_generators_junctions_tables,hecleas,OVERRIDE_CHANGED,"[""wh3_combi_tms_generator_group_default"", ""CAI_TMS_GDS_TASK_GENERATOR_COLONISE_ABANDONED_SETTLEMENTS_IN_PERSONALITY_REGION_GROUP_3_LATE"", null]",priority,"{""generator"": ""CAI_TMS_GDS_TASK_GENERATOR_COLONISE_ABANDONED_SETTLEMENTS_IN_PERSONALITY_REGION_GROUP_3_LATE"", ""group"": ""wh3_combi_tms_generator_group_default"", ""priority"": 3, ""variable_group"": null}","{""generator"": ""CAI_TMS_GDS_TASK_GENERATOR_COLONISE_ABANDONED_SETTLEMENTS_IN_PERSONALITY_REGION_GROUP_3_LATE"", ""group"": ""wh3_combi_tms_generator_group_default"", ""priority"": 90, ""variable_group"": null}"
cai_task_management_system_task_generator_groups_generators_junctions_tables,hecleas,OVERRIDE_CHANGED,"[""wh3_combi_tms_generator_group_default"", ""CAI_TMS_GDS_TASK_GENERATOR_DEFEND_OWN_REGIONS"", null]",priority,"{""generator"": ""CAI_TMS_GDS_TASK_GENERATOR_DEFEND_OWN_REGIONS"", ""group"": ""wh3_combi_tms_generator_group_default"", ""priority"": 1, ""variable_group"": null}","{""generator"": ""CAI_TMS_GDS_TASK_GENERATOR_DEFEND_OWN_REGIONS"", ""group"": ""wh3_combi_tms_generator_group_default"", ""priority"": 30, ""variable_group"": null}"
cai_task_management_system_task_generator_groups_generators_junctions_tables,hecleas,OVERRIDE_CHANGED,"[""wh3_combi_tms_generator_group_default"", ""CAI_TMS_GDS_TASK_GENERATOR_DEFEND_OWN_SETTLEMENTS_IN_PERSONALITY_REGION_GROUP"", ""elapsed_rounds_bounded_lerp""]",priority,"{""generator"": ""CAI_TMS_GDS_TASK_GENERATOR_DEFEND_OWN_SETTLEMENTS_IN_PERSONALITY_REGION_GROUP"", ""group"": ""wh3_combi_tms_generator_group_default"", ""priority"": 2, ""variable_group"": ""elapsed_rounds_bounded_lerp""}","{""generator"": ""CAI_TMS_GDS_TASK_GENERATOR_DEFEND_OWN_SETTLEMENTS_IN_PERSONALITY_REGION_GROUP"", ""group"": ""wh3_combi_tms_generator_group_default"", ""priority"": 30, ""variable_group"": ""elapsed_rounds_bounded_lerp""}"
cai_task_management_system_task_generator_groups_generators_junctions_tables,hecleas,OVERRIDE_CHANGED,"[""wh3_combi_tms_generator_group_default"", ""CAI_TMS_GDS_TASK_GENERATOR_DEFEND_REGIONS_NEIGHBOURING_ENEMY"", null]",priority,"{""generator"": ""CAI_TMS_GDS_TASK_GENERATOR_DEFEND_REGIONS_NEIGHBOURING_ENEMY"", ""group"": ""wh3_combi_tms_generator_group_default"", ""priority"": 3, ""variable_group"": null}","{""generator"": ""CAI_TMS_GDS_TASK_GENERATOR_DEFEND_REGIONS_NEIGHBOURING_ENEMY"", ""group"": ""wh3_combi_tms_generator_group_default"", ""priority"": 80, ""variable_group"": null}"
cai_task_management_system_task_generator_groups_generators_junctions_tables,hecleas,OVERRIDE_CHANGED,"[""wh3_combi_tms_generator_group_default"", ""CAI_TMS_GDS_TASK_GENERATOR_RECRUIT_WITH_MAIN_ARMY"", null]",priority,"{""generator"": ""CAI_TMS_GDS_TASK_GENERATOR_RECRUIT_WITH_MAIN_ARMY"", ""group"": ""wh3_combi_tms_generator_group_default"", ""priority"": 100, ""variable_group"": null}","{""generator"": ""CAI_TMS_GDS_TASK_GENERATOR_RECRUIT_WITH_MAIN_ARMY"", ""group"": ""wh3_combi_tms_generator_group_default"", ""priority"": 70, ""variable_group"": null}"
cai_task_management_system_task_generator_groups_generators_junctions_tables,hecleas,OVERRIDE_CHANGED,"[""wh3_combi_tms_generator_group_default"", ""CAI_TMS_GDS_TASK_GENERATOR_RECRUIT_WITH_MAIN_ARMY_IN_HIGH_QUALITY_REGION"", null]",priority,"{""generator"": ""CAI_TMS_GDS_TASK_GENERATOR_RECRUIT_WITH_MAIN_ARMY_IN_HIGH_QUALITY_REGION"", ""group"": ""wh3_combi_tms_generator_group_default"", ""priority"": 20, ""variable_group"": null}","{""generator"": ""CAI_TMS_GDS_TASK_GENERATOR_RECRUIT_WITH_MAIN_ARMY_IN_HIGH_QUALITY_REGION"", ""group"": ""wh3_combi_tms_generator_group_default"", ""priority"": 80, ""variable_group"": null}"
cai_task_management_system_task_generator_groups_generators_junctions_tables,hecleas,OVERRIDE_CHANGED,"[""wh3_combi_tms_generator_group_default"", ""CAI_TMS_GDS_TASK_GENERATOR_RECRUIT_WITH_MAIN_ARMY_IN_HIGH_VARIETY_REGION"", null]",priority,"{""generator"": ""CAI_TMS_GDS_TASK_GENERATOR_RECRUIT_WITH_MAIN_ARMY_IN_HIGH_VARIETY_REGION"", ""group"": ""wh3_combi_tms_generator_group_default"", ""priority"": 10, ""variable_group"": null}","{""generator"": ""CAI_TMS_GDS_TASK_GENERATOR_RECRUIT_WITH_MAIN_ARMY_IN_HIGH_VARIETY_REGION"", ""group"": ""wh3_combi_tms_generator_group_default"", ""priority"": 60, ""variable_group"": null}"
cai_task_management_system_task_generator_groups_generators_junctions_tables,hecleas,OVERRIDE_CHANGED,"[""wh3_combi_tms_generator_group_default"", ""CAI_TMS_GDS_TASK_GENERATOR_RECRUIT_WITH_MAIN_ARMY_IN_LOCAL_REGION"", null]",priority,"{""generator"": ""CAI_TMS_GDS_TASK_GENERATOR_RECRUIT_WITH_MAIN_ARMY_IN_LOCAL_REGION"", ""group"": ""wh3_combi_tms_generator_group_default"", ""priority"": 20, ""variable_group"": null}","{""generator"": ""CAI_TMS_GDS_TASK_GENERATOR_RECRUIT_WITH_MAIN_ARMY_IN_LOCAL_REGION"", ""group"": ""wh3_combi_tms_generator_group_default"", ""priority"": 60, ""variable_group"": null}"
cai_task_management_system_task_generator_groups_generators_junctions_tables,hecleas,OVERRIDE_SAME_AS_VANILLA,"[""wh3_combi_tms_generator_group_default"", ""CAI_TMS_GDS_TASK_GENERATOR_TARGET_ABANDONED_REGIONS_WITH_LOW_HP_FORCES"", null]",,"{""generator"": ""CAI_TMS_GDS_TASK_GENERATOR_TARGET_ABANDONED_REGIONS_WITH_LOW_HP_FORCES"", ""group"": ""wh3_combi_tms_generator_group_default"", ""priority"": -50, ""variable_group"": null}",null
cai_task_management_system_task_generator_groups_generators_junctions_tables,hecleas,OVERRIDE_CHANGED,"[""wh3_combi_tms_generator_group_default"", ""CAI_TMS_GDS_TASK_GENERATOR_WITHDRAW_DAMAGED_ARMIES"", null]",priority,"{""generator"": ""CAI_TMS_GDS_TASK_GENERATOR_WITHDRAW_DAMAGED_ARMIES"", ""group"": ""wh3_combi_tms_generator_group_default"", ""priority"": 10, ""variable_group"": null}","{""generator"": ""CAI_TMS_GDS_TASK_GENERATOR_WITHDRAW_DAMAGED_ARMIES"", ""group"": ""wh3_combi_tms_generator_group_default"", ""priority"": 70, ""variable_group"": null}"
cai_task_management_system_task_generator_groups_generators_junctions_tables,hecleas,OVERRIDE_CHANGED,"[""wh3_combi_tms_generator_group_default"", ""CAI_TMS_GDS_TASK_GENERATOR_WITHDRAW_TO_CAPITOL_WHEN_TRESPASS_WARNED"", null]",priority,"{""generator"": ""CAI_TMS_GDS_TASK_GENERATOR_WITHDRAW_TO_CAPITOL_WHEN_TRESPASS_WARNED"", ""group"": ""wh3_combi_tms_generator_group_default"", ""priority"": 15, ""variable_group"": null}","{""generator"": ""CAI_TMS_GDS_TASK_GENERATOR_WITHDRAW_TO_CAPITOL_WHEN_TRESPASS_WARNED"", ""group"": ""wh3_combi_tms_generator_group_default"", ""priority"": 30, ""variable_group"": null}"
cai_task_management_system_task_generator_groups_generators_junctions_tables,hecleas,OVERRIDE_CHANGED,"[""wh3_combi_tms_generator_group_default"", ""CAI_TMS_TASK_GENERATOR_ACTIVELY_DEFEND_CAPITAL"", null]",priority,"{""generator"": ""CAI_TMS_TASK_GENERATOR_ACTIVELY_DEFEND_CAPITAL"", ""group"": ""wh3_combi_tms_generator_group_default"", ""priority"": 0.80000001, ""variable_group"": null}","{""generator"": ""CAI_TMS_TASK_GENERATOR_ACTIVELY_DEFEND_CAPITAL"", ""group"": ""wh3_combi_tms_generator_group_default"", ""priority"": 25, ""variable_group"": null}"
cai_task_management_system_task_generator_groups_generators_junctions_tables,hecleas,OVERRIDE_CHANGED,"[""wh3_combi_tms_generator_group_default"", ""CAI_TMS_TASK_GENERATOR_ACTIVELY_DEFEND_RECENTLY_CAPTURED_ALLIED_HUMAN_TERRITORY"", null]",priority,"{""generator"": ""CAI_TMS_TASK_GENERATOR_ACTIVELY_DEFEND_RECENTLY_CAPTURED_ALLIED_HUMAN_TERRITORY"", ""group"": ""wh3_combi_tms_generator_group_default"", ""priority"": 2, ""variable_group"": null}","{""generator"": ""CAI_TMS_TASK_GENERATOR_ACTIVELY_DEFEND_RECENTLY_CAPTURED_ALLIED_HUMAN_TERRITORY"", ""group"": ""wh3_combi_tms_generator_group_default"", ""priority"": 20, ""variable_group"": null}"
cai_task_management_system_task_generator_groups_generators_junctions_tables,hecleas,OVERRIDE_CHANGED,"[""wh3_combi_tms_generator_group_default"", ""CAI_TMS_TASK_GENERATOR_ACTIVELY_DEFEND_RECENTLY_CAPTURED_TERRITORY"", ""time_horizon_4""]",priority,"{""generator"": ""CAI_TMS_TASK_GENERATOR_ACTIVELY_DEFEND_RECENTLY_CAPTURED_TERRITORY"", ""group"": ""wh3_combi_tms_generator_group_default"", ""priority"": 4, ""variable_group"": ""time_horizon_4""}","{""generator"": ""CAI_TMS_TASK_GENERATOR_ACTIVELY_DEFEND_RECENTLY_CAPTURED_TERRITORY"", ""group"": ""wh3_combi_tms_generator_group_default"", ""priority"": 25, ""variable_group"": ""time_horizon_4""}"
cai_task_management_system_task_generator_groups_generators_junctions_tables,hecleas,OVERRIDE_CHANGED,"[""wh3_combi_tms_generator_group_default"", ""CAI_TMS_TASK_GENERATOR_ACTIVELY_DEFEND_REGIONS_NEIGHBOURING_ENEMY_MAIN_THREAT"", null]",priority,"{""generator"": ""CAI_TMS_TASK_GENERATOR_ACTIVELY_DEFEND_REGIONS_NEIGHBOURING_ENEMY_MAIN_THREAT"", ""group"": ""wh3_combi_tms_generator_group_default"", ""priority"": 2, ""variable_group"": null}","{""generator"": ""CAI_TMS_TASK_GENERATOR_ACTIVELY_DEFEND_REGIONS_NEIGHBOURING_ENEMY_MAIN_THREAT"", ""group"": ""wh3_combi_tms_generator_group_default"", ""priority"": 90, ""variable_group"": null}"
cai_task_management_system_task_generator_groups_generators_junctions_tables,hecleas,OVERRIDE_CHANGED,"[""wh3_combi_tms_generator_group_default"", ""CAI_TMS_TASK_GENERATOR_ACTIVELY_DEFEND_REGIONS_NEIGHBOURING_MAIN_THREAT"", null]",priority,"{""generator"": ""CAI_TMS_TASK_GENERATOR_ACTIVELY_DEFEND_REGIONS_NEIGHBOURING_MAIN_THREAT"", ""group"": ""wh3_combi_tms_generator_group_default"", ""priority"": 1, ""variable_group"": null}","{""generator"": ""CAI_TMS_TASK_GENERATOR_ACTIVELY_DEFEND_REGIONS_NEIGHBOURING_MAIN_THREAT"", ""group"": ""wh3_combi_tms_generator_group_default"", ""priority"": 50, ""variable_group"": null}"
cai_task_management_system_task_generator_groups_generators_junctions_tables,hecleas,OVERRIDE_CHANGED,"[""wh3_combi_tms_generator_group_default"", ""CAI_TMS_TASK_GENERATOR_ATTACK_ALL_ENEMY_FORCES"", null]",priority,"{""generator"": ""CAI_TMS_TASK_GENERATOR_ATTACK_ALL_ENEMY_FORCES"", ""group"": ""wh3_combi_tms_generator_group_default"", ""priority"": 4, ""variable_group"": null}","{""generator"": ""CAI_TMS_TASK_GENERATOR_ATTACK_ALL_ENEMY_FORCES"", ""group"": ""wh3_combi_tms_generator_group_default"", ""priority"": 90, ""variable_group"": null}"
cai_task_management_system_task_generator_groups_generators_junctions_tables,hecleas,OVERRIDE_CHANGED,"[""wh3_combi_tms_generator_group_default"", ""CAI_TMS_TASK_GENERATOR_ATTACK_ALL_ENEMY_FORCES_NEAR_RECENTLY_LOST_ALLIED_HUMAN_REGION"", null]",priority,"{""generator"": ""CAI_TMS_TASK_GENERATOR_ATTACK_ALL_ENEMY_FORCES_NEAR_RECENTLY_LOST_ALLIED_HUMAN_REGION"", ""group"": ""wh3_combi_tms_generator_group_default"", ""priority"": 3, ""variable_group"": null}","{""generator"": ""CAI_TMS_TASK_GENERATOR_ATTACK_ALL_ENEMY_FORCES_NEAR_RECENTLY_LOST_ALLIED_HUMAN_REGION"", ""group"": ""wh3_combi_tms_generator_group_default"", ""priority"": 90, ""variable_group"": null}"
cai_task_management_system_task_generator_groups_generators_junctions_tables,hecleas,OVERRIDE_CHANGED,"[""wh3_combi_tms_generator_group_default"", ""CAI_TMS_TASK_GENERATOR_ATTACK_ALL_ENEMY_FORCES_NEAR_RECENTLY_LOST_REGIONS"", null]",priority,"{""generator"": ""CAI_TMS_TASK_GENERATOR_ATTACK_ALL_ENEMY_FORCES_NEAR_RECENTLY_LOST_REGIONS"", ""group"": ""wh3_combi_tms_generator_group_default"", ""priority"": 6, ""variable_group"": null}","{""generator"": ""CAI_TMS_TASK_GENERATOR_ATTACK_ALL_ENEMY_FORCES_NEAR_RECENTLY_LOST_REGIONS"", ""group"": ""wh3_combi_tms_generator_group_default"", ""priority"": 90, ""variable_group"": null}"
cai_task_management_system_task_generator_groups_generators_junctions_tables,hecleas,OVERRIDE_CHANGED,"[""wh3_combi_tms_generator_group_default"", ""CAI_TMS_TASK_GENERATOR_ATTACK_ALL_ENEMY_HUMAN_FORCES_NEAR_RECENTLY_LOST_ALLIED_REGION"", null]",priority,"{""generator"": ""CAI_TMS_TASK_GENERATOR_ATTACK_ALL_ENEMY_HUMAN_FORCES_NEAR_RECENTLY_LOST_ALLIED_REGION"", ""group"": ""wh3_combi_tms_generator_group_default"", ""priority"": 0, ""variable_group"": null}","{""generator"": ""CAI_TMS_TASK_GENERATOR_ATTACK_ALL_ENEMY_HUMAN_FORCES_NEAR_RECENTLY_LOST_ALLIED_REGION"", ""group"": ""wh3_combi_tms_generator_group_default"", ""priority"": 90, ""variable_group"": null}"
cai_task_management_system_task_generator_groups_generators_junctions_tables,hecleas,OVERRIDE_CHANGED,"[""wh3_combi_tms_generator_group_default"", ""CAI_TMS_TASK_GENERATOR_ATTACK_ALL_ENEMY_MAIN_THREAT_FORCES"", null]",priority,"{""generator"": ""CAI_TMS_TASK_GENERATOR_ATTACK_ALL_ENEMY_MAIN_THREAT_FORCES"", ""group"": ""wh3_combi_tms_generator_group_default"", ""priority"": 6, ""variable_group"": null}","{""generator"": ""CAI_TMS_TASK_GENERATOR_ATTACK_ALL_ENEMY_MAIN_THREAT_FORCES"", ""group"": ""wh3_combi_tms_generator_group_default"", ""priority"": 94, ""variable_group"": null}"
cai_task_management_system_task_generator_groups_generators_junctions_tables,hecleas,OVERRIDE_CHANGED,"[""wh3_combi_tms_generator_group_default"", ""CAI_TMS_TASK_GENERATOR_ATTACK_ALL_ENEMY_MAIN_THREAT_SETTLEMENTS"", null]",priority,"{""generator"": ""CAI_TMS_TASK_GENERATOR_ATTACK_ALL_ENEMY_MAIN_THREAT_SETTLEMENTS"", ""group"": ""wh3_combi_tms_generator_group_default"", ""priority"": 4, ""variable_group"": null}","{""generator"": ""CAI_TMS_TASK_GENERATOR_ATTACK_ALL_ENEMY_MAIN_THREAT_SETTLEMENTS"", ""group"": ""wh3_combi_tms_generator_group_default"", ""priority"": 94, ""variable_group"": null}"
cai_task_management_system_task_generator_groups_generators_junctions_tables,hecleas,OVERRIDE_CHANGED,"[""wh3_combi_tms_generator_group_default"", ""CAI_TMS_TASK_GENERATOR_ATTACK_ALL_ENEMY_SETTLEMENTS"", null]",priority,"{""generator"": ""CAI_TMS_TASK_GENERATOR_ATTACK_ALL_ENEMY_SETTLEMENTS"", ""group"": ""wh3_combi_tms_generator_group_default"", ""priority"": 1, ""variable_group"": null}","{""generator"": ""CAI_TMS_TASK_GENERATOR_ATTACK_ALL_ENEMY_SETTLEMENTS"", ""group"": ""wh3_combi_tms_generator_group_default"", ""priority"": 90, ""variable_group"": null}"
cai_task_management_system_task_generator_groups_generators_junctions_tables,hecleas,OVERRIDE_CHANGED,"[""wh3_combi_tms_generator_group_default"", ""CAI_TMS_TASK_GENERATOR_ATTACK_ALL_ENEMY_SETTLEMENTS_IF_HAVENT_EXPANDED_RECENTLY"", ""timed_priority_boost_quick""]",priority,"{""generator"": ""CAI_TMS_TASK_GENERATOR_ATTACK_ALL_ENEMY_SETTLEMENTS_IF_HAVENT_EXPANDED_RECENTLY"", ""group"": ""wh3_combi_tms_generator_group_default"", ""priority"": 6, ""variable_group"": ""timed_priority_boost_quick""}","{""generator"": ""CAI_TMS_TASK_GENERATOR_ATTACK_ALL_ENEMY_SETTLEMENTS_IF_HAVENT_EXPANDED_RECENTLY"", ""group"": ""wh3_combi_tms_generator_group_default"", ""priority"": 90, ""variable_group"": ""timed_priority_boost_quick""}"
cai_task_management_system_task_generator_groups_generators_junctions_tables,hecleas,OVERRIDE_CHANGED,"[""wh3_combi_tms_generator_group_default"", ""CAI_TMS_TASK_GENERATOR_ATTACK_ALL_LOCAL_AGENTS_LEVEL_SCALED"", null]",priority,"{""generator"": ""CAI_TMS_TASK_GENERATOR_ATTACK_ALL_LOCAL_AGENTS_LEVEL_SCALED"", ""group"": ""wh3_combi_tms_generator_group_default"", ""priority"": 5, ""variable_group"": null}","{""generator"": ""CAI_TMS_TASK_GENERATOR_ATTACK_ALL_LOCAL_AGENTS_LEVEL_SCALED"", ""group"": ""wh3_combi_tms_generator_group_default"", ""priority"": 80, ""variable_group"": null}"
cai_task_management_system_task_generator_groups_generators_junctions_tables,hecleas,OVERRIDE_CHANGED,"[""wh3_combi_tms_generator_group_default"", ""CAI_TMS_TASK_GENERATOR_ATTACK_ALL_LOCAL_FORCES_SIZE_SCALED"", null]",priority,"{""generator"": ""CAI_TMS_TASK_GENERATOR_ATTACK_ALL_LOCAL_FORCES_SIZE_SCALED"", ""group"": ""wh3_combi_tms_generator_group_default"", ""priority"": 4, ""variable_group"": null}","{""generator"": ""CAI_TMS_TASK_GENERATOR_ATTACK_ALL_LOCAL_FORCES_SIZE_SCALED"", ""group"": ""wh3_combi_tms_generator_group_default"", ""priority"": 90, ""variable_group"": null}"
cai_task_management_system_task_generator_groups_generators_junctions_tables,hecleas,OVERRIDE_CHANGED,"[""wh3_combi_tms_generator_group_default"", ""CAI_TMS_TASK_GENERATOR_ATTACK_ENEMY_PORT_SETTLEMENTS"", null]",priority,"{""generator"": ""CAI_TMS_TASK_GENERATOR_ATTACK_ENEMY_PORT_SETTLEMENTS"", ""group"": ""wh3_combi_tms_generator_group_default"", ""priority"": 0, ""variable_group"": null}","{""generator"": ""CAI_TMS_TASK_GENERATOR_ATTACK_ENEMY_PORT_SETTLEMENTS"", ""group"": ""wh3_combi_tms_generator_group_default"", ""priority"": 90, ""variable_group"": null}"
cai_task_management_system_task_generator_groups_generators_junctions_tables,hecleas,OVERRIDE_CHANGED,"[""wh3_combi_tms_generator_group_default"", ""CAI_TMS_TASK_GENERATOR_ATTACK_ENEMY_SETTLEMENTS_LOCAL_TO_OUR_FORCES_THAT_ARE_BESIEGED_BY_OUR_ALLIES"", null]",priority,"{""generator"": ""CAI_TMS_TASK_GENERATOR_ATTACK_ENEMY_SETTLEMENTS_LOCAL_TO_OUR_FORCES_THAT_ARE_BESIEGED_BY_OUR_ALLIES"", ""group"": ""wh3_combi_tms_generator_group_default"", ""priority"": 6, ""variable_group"": null}","{""generator"": ""CAI_TMS_TASK_GENERATOR_ATTACK_ENEMY_SETTLEMENTS_LOCAL_TO_OUR_FORCES_THAT_ARE_BESIEGED_BY_OUR_ALLIES"", ""group"": ""wh3_combi_tms_generator_group_default"", ""priority"": 90, ""variable_group"": null}"
cai_task_management_system_task_generator_groups_generators_junctions_tables,hecleas,OVERRIDE_CHANGED,"[""wh3_combi_tms_generator_group_default"", ""CAI_TMS_TASK_GENERATOR_ATTACK_NEIGHBOURING_WAR_REGIONS"", null]",priority,"{""generator"": ""CAI_TMS_TASK_GENERATOR_ATTACK_NEIGHBOURING_WAR_REGIONS"", ""group"": ""wh3_combi_tms_generator_group_default"", ""priority"": 1, ""variable_group"": null}","{""generator"": ""CAI_TMS_TASK_GENERATOR_ATTACK_NEIGHBOURING_WAR_REGIONS"", ""group"": ""wh3_combi_tms_generator_group_default"", ""priority"": 92, ""variable_group"": null}"
cai_task_management_system_task_generator_groups_generators_junctions_tables,hecleas,OVERRIDE_CHANGED,"[""wh3_combi_tms_generator_group_default"", ""CAI_TMS_TASK_GENERATOR_ATTACK_PROVINCES_NEIGHBOURNIG_OWN_PROVINCES_ABANDONED"", ""timed_priority_boost_quick""]",priority,"{""generator"": ""CAI_TMS_TASK_GENERATOR_ATTACK_PROVINCES_NEIGHBOURNIG_OWN_PROVINCES_ABANDONED"", ""group"": ""wh3_combi_tms_generator_group_default"", ""priority"": 1, ""variable_group"": ""timed_priority_boost_quick""}","{""generator"": ""CAI_TMS_TASK_GENERATOR_ATTACK_PROVINCES_NEIGHBOURNIG_OWN_PROVINCES_ABANDONED"", ""group"": ""wh3_combi_tms_generator_group_default"", ""priority"": 80, ""variable_group"": ""timed_priority_boost_quick""}"
cai_task_management_system_task_generator_groups_generators_junctions_tables,hecleas,OVERRIDE_CHANGED,"[""wh3_combi_tms_generator_group_default"", ""CAI_TMS_TASK_GENERATOR_ATTACK_PROVINCES_NEIGHBOURNIG_OWN_PROVINCES_ENEMY"", null]",priority,"{""generator"": ""CAI_TMS_TASK_GENERATOR_ATTACK_PROVINCES_NEIGHBOURNIG_OWN_PROVINCES_ENEMY"", ""group"": ""wh3_combi_tms_generator_group_default"", ""priority"": 0, ""variable_group"": null}","{""generator"": ""CAI_TMS_TASK_GENERATOR_ATTACK_PROVINCES_NEIGHBOURNIG_OWN_PROVINCES_ENEMY"", ""group"": ""wh3_combi_tms_generator_group_default"", ""priority"": 92, ""variable_group"": null}"
cai_task_management_system_task_generator_groups_generators_junctions_tables,hecleas,OVERRIDE_CHANGED,"[""wh3_combi_tms_generator_group_default"", ""CAI_TMS_TASK_GENERATOR_ATTACK_PROVINCES_NEIGHBOURNIG_OWN_REGIONS_ABANDONED"", ""timed_priority_boost_quick""]",priority,"{""generator"": ""CAI_TMS_TASK_GENERATOR_ATTACK_PROVINCES_NEIGHBOURNIG_OWN_REGIONS_ABANDONED"", ""group"": ""wh3_combi_tms_generator_group_default"", ""priority"": 1, ""variable_group"": ""timed_priority_boost_quick""}","{""generator"": ""CAI_TMS_TASK_GENERATOR_ATTACK_PROVINCES_NEIGHBOURNIG_OWN_REGIONS_ABANDONED"", ""group"": ""wh3_combi_tms_generator_group_default"", ""priority"": 80, ""variable_group"": ""timed_priority_boost_quick""}"
cai_task_management_system_task_generator_groups_generators_junctions_tables,hecleas,OVERRIDE_CHANGED,"[""wh3_combi_tms_generator_group_default"", ""CAI_TMS_TASK_GENERATOR_ATTACK_PROVINCES_NEIGHBOURNIG_OWN_REGIONS_ENEMY"", null]",priority,"{""generator"": ""CAI_TMS_TASK_GENERATOR_ATTACK_PROVINCES_NEIGHBOURNIG_OWN_REGIONS_ENEMY"", ""group"": ""wh3_combi_tms_generator_group_default"", ""priority"": 1, ""variable_group"": null}","{""generator"": ""CAI_TMS_TASK_GENERATOR_ATTACK_PROVINCES_NEIGHBOURNIG_OWN_REGIONS_ENEMY"", ""group"": ""wh3_combi_tms_generator_group_default"", ""priority"": 92, ""variable_group"": null}"
cai_task_management_system_task_generator_groups_generators_junctions_tables,hecleas,OVERRIDE_SAME_AS_VANILLA,"[""wh3_combi_tms_generator_group_default"", ""CAI_TMS_TASK_GENERATOR_ATTACK_RECENTLY_SACKED_SETTLEMENTS"", ""time_horizon_4""]",,"{""generator"": ""CAI_TMS_TASK_GENERATOR_ATTACK_RECENTLY_SACKED_SETTLEMENTS"", ""group"": ""wh3_combi_tms_generator_group_default"", ""priority"": -5, ""variable_group"": ""time_horizon_4""}",null
cai_task_management_system_task_generator_groups_generators_junctions_tables,hecleas,OVERRIDE_CHANGED,"[""wh3_combi_tms_generator_group_default"", ""CAI_TMS_TASK_GENERATOR_ATTACK_REGIONS_NEIGHBOURNIG_OWN_REGIONS_ABANDONED"", ""timed_priority_boost_quick""]",priority,"{""generator"": ""CAI_TMS_TASK_GENERATOR_ATTACK_REGIONS_NEIGHBOURNIG_OWN_REGIONS_ABANDONED"", ""group"": ""wh3_combi_tms_generator_group_default"", ""priority"": 2, ""variable_group"": ""timed_priority_boost_quick""}","{""generator"": ""CAI_TMS_TASK_GENERATOR_ATTACK_REGIONS_NEIGHBOURNIG_OWN_REGIONS_ABANDONED"", ""group"": ""wh3_combi_tms_generator_group_default"", ""priority"": 80, ""variable_group"": ""timed_priority_boost_quick""}"
cai_task_management_system_task_generator_groups_generators_junctions_tables,hecleas,OVERRIDE_CHANGED,"[""wh3_combi_tms_generator_group_default"", ""CAI_TMS_TASK_GENERATOR_ATTACK_REGIONS_NEIGHBOURNIG_OWN_REGIONS_ENEMY"", null]",priority,"{""generator"": ""CAI_TMS_TASK_GENERATOR_ATTACK_REGIONS_NEIGHBOURNIG_OWN_REGIONS_ENEMY"", ""group"": ""wh3_combi_tms_generator_group_default"", ""priority"": 3, ""variable_group"": null}","{""generator"": ""CAI_TMS_TASK_GENERATOR_ATTACK_REGIONS_NEIGHBOURNIG_OWN_REGIONS_ENEMY"", ""group"": ""wh3_combi_tms_generator_group_default"", ""priority"": 80, ""variable_group"": null}"
cai_task_management_system_task_generator_groups_generators_junctions_tables,hecleas,OVERRIDE_CHANGED,"[""wh3_combi_tms_generator_group_default"", ""CAI_TMS_TASK_GENERATOR_ATTACK_SETTLEMENTS_NEAR_OUR_FORCES"", null]",priority,"{""generator"": ""CAI_TMS_TASK_GENERATOR_ATTACK_SETTLEMENTS_NEAR_OUR_FORCES"", ""group"": ""wh3_combi_tms_generator_group_default"", ""priority"": 1, ""variable_group"": null}","{""generator"": ""CAI_TMS_TASK_GENERATOR_ATTACK_SETTLEMENTS_NEAR_OUR_FORCES"", ""group"": ""wh3_combi_tms_generator_group_default"", ""priority"": 90, ""variable_group"": null}"
cai_task_management_system_task_generator_groups_generators_junctions_tables,hecleas,OVERRIDE_SAME_AS_VANILLA,"[""wh3_combi_tms_generator_group_default"", ""CAI_TMS_TASK_GENERATOR_ATTACK_SETTLEMENTS_UNDER_SIEGE_BY_NON_ALLIES"", null]",,"{""generator"": ""CAI_TMS_TASK_GENERATOR_ATTACK_SETTLEMENTS_UNDER_SIEGE_BY_NON_ALLIES"", ""group"": ""wh3_combi_tms_generator_group_default"", ""priority"": -5, ""variable_group"": null}",null
cai_task_management_system_task_generator_groups_generators_junctions_tables,hecleas,OVERRIDE_CHANGED,"[""wh3_combi_tms_generator_group_default"", ""CAI_TMS_TASK_GENERATOR_ATTACK_TAGGING_FACTION_AGENTS_WITH_TAGGED_AGENTS"", null]",priority,"{""generator"": ""CAI_TMS_TASK_GENERATOR_ATTACK_TAGGING_FACTION_AGENTS_WITH_TAGGED_AGENTS"", ""group"": ""wh3_combi_tms_generator_group_default"", ""priority"": 2, ""variable_group"": null}","{""generator"": ""CAI_TMS_TASK_GENERATOR_ATTACK_TAGGING_FACTION_AGENTS_WITH_TAGGED_AGENTS"", ""group"": ""wh3_combi_tms_generator_group_default"", ""priority"": 80, ""variable_group"": null}"
cai_task_management_system_task_generator_groups_generators_junctions_tables,hecleas,OVERRIDE_CHANGED,"[""wh3_combi_tms_generator_group_default"", ""CAI_TMS_TASK_GENERATOR_ATTACK_TAGGING_FACTION_FORCES_WITH_TAGGED_FORCES"", null]",priority,"{""generator"": ""CAI_TMS_TASK_GENERATOR_ATTACK_TAGGING_FACTION_FORCES_WITH_TAGGED_FORCES"", ""group"": ""wh3_combi_tms_generator_group_default"", ""priority"": 2, ""variable_group"": null}","{""generator"": ""CAI_TMS_TASK_GENERATOR_ATTACK_TAGGING_FACTION_FORCES_WITH_TAGGED_FORCES"", ""group"": ""wh3_combi_tms_generator_group_default"", ""priority"": 90, ""variable_group"": null}"
cai_task_management_system_task_generator_groups_generators_junctions_tables,hecleas,OVERRIDE_CHANGED,"[""wh3_combi_tms_generator_group_default"", ""CAI_TMS_TASK_GENERATOR_ATTACK_UNDEFENDED_ENEMY_SETTLEMENTS"", null]",priority,"{""generator"": ""CAI_TMS_TASK_GENERATOR_ATTACK_UNDEFENDED_ENEMY_SETTLEMENTS"", ""group"": ""wh3_combi_tms_generator_group_default"", ""priority"": 1, ""variable_group"": null}","{""generator"": ""CAI_TMS_TASK_GENERATOR_ATTACK_UNDEFENDED_ENEMY_SETTLEMENTS"", ""group"": ""wh3_combi_tms_generator_group_default"", ""priority"": 90, ""variable_group"": null}"
cai_task_management_system_task_generator_groups_generators_junctions_tables,hecleas,OVERRIDE_SAME_AS_VANILLA,"[""wh3_combi_tms_generator_group_default"", ""CAI_TMS_TASK_GENERATOR_ATTACK_UNSUITABLE_CLIMATE_REGIONS"", null]",,"{""generator"": ""CAI_TMS_TASK_GENERATOR_ATTACK_UNSUITABLE_CLIMATE_REGIONS"", ""group"": ""wh3_combi_tms_generator_group_default"", ""priority"": -1, ""variable_group"": null}",null
cai_task_management_system_task_generator_groups_generators_junctions_tables,hecleas,OVERRIDE_CHANGED,"[""wh3_combi_tms_generator_group_default"", ""CAI_TMS_TASK_GENERATOR_BUILD_UP_NAVIES"", null]",priority,"{""generator"": ""CAI_TMS_TASK_GENERATOR_BUILD_UP_NAVIES"", ""group"": ""wh3_combi_tms_generator_group_default"", ""priority"": 5, ""variable_group"": null}","{""generator"": ""CAI_TMS_TASK_GENERATOR_BUILD_UP_NAVIES"", ""group"": ""wh3_combi_tms_generator_group_default"", ""priority"": 80, ""variable_group"": null}"
cai_task_management_system_task_generator_groups_generators_junctions_tables,hecleas,OVERRIDE_CHANGED,"[""wh3_combi_tms_generator_group_default"", ""CAI_TMS_TASK_GENERATOR_COMPLETE_PROVINCE"", null]",priority,"{""generator"": ""CAI_TMS_TASK_GENERATOR_COMPLETE_PROVINCE"", ""group"": ""wh3_combi_tms_generator_group_default"", ""priority"": 1, ""variable_group"": null}","{""generator"": ""CAI_TMS_TASK_GENERATOR_COMPLETE_PROVINCE"", ""group"": ""wh3_combi_tms_generator_group_default"", ""priority"": 80, ""variable_group"": null}"
cai_task_management_system_task_generator_groups_generators_junctions_tables,hecleas,OVERRIDE_CHANGED,"[""wh3_combi_tms_generator_group_default"", ""CAI_TMS_TASK_GENERATOR_DEFEND_BESIEGED_SETTLEMENT"", null]",priority,"{""generator"": ""CAI_TMS_TASK_GENERATOR_DEFEND_BESIEGED_SETTLEMENT"", ""group"": ""wh3_combi_tms_generator_group_default"", ""priority"": 3, ""variable_group"": null}","{""generator"": ""CAI_TMS_TASK_GENERATOR_DEFEND_BESIEGED_SETTLEMENT"", ""group"": ""wh3_combi_tms_generator_group_default"", ""priority"": 100, ""variable_group"": null}"
cai_task_management_system_task_generator_groups_generators_junctions_tables,hecleas,OVERRIDE_CHANGED,"[""wh3_combi_tms_generator_group_default"", ""CAI_TMS_TASK_GENERATOR_DEFEND_OWNED_REGIONS"", null]",priority,"{""generator"": ""CAI_TMS_TASK_GENERATOR_DEFEND_OWNED_REGIONS"", ""group"": ""wh3_combi_tms_generator_group_default"", ""priority"": 2, ""variable_group"": null}","{""generator"": ""CAI_TMS_TASK_GENERATOR_DEFEND_OWNED_REGIONS"", ""group"": ""wh3_combi_tms_generator_group_default"", ""priority"": 30, ""variable_group"": null}"
cai_task_management_system_task_generator_groups_generators_junctions_tables,hecleas,OVERRIDE_CHANGED,"[""wh3_combi_tms_generator_group_default"", ""CAI_TMS_TASK_GENERATOR_FOLLOW_ARMY"", null]",priority,"{""generator"": ""CAI_TMS_TASK_GENERATOR_FOLLOW_ARMY"", ""group"": ""wh3_combi_tms_generator_group_default"", ""priority"": 5, ""variable_group"": null}","{""generator"": ""CAI_TMS_TASK_GENERATOR_FOLLOW_ARMY"", ""group"": ""wh3_combi_tms_generator_group_default"", ""priority"": 80, ""variable_group"": null}"
cai_task_management_system_task_generator_groups_generators_junctions_tables,hecleas,OVERRIDE_CHANGED,"[""wh3_combi_tms_generator_group_default"", ""CAI_TMS_TASK_GENERATOR_HORDE_ENCAMP_IN_SAFE_REGION"", null]",priority,"{""generator"": ""CAI_TMS_TASK_GENERATOR_HORDE_ENCAMP_IN_SAFE_REGION"", ""group"": ""wh3_combi_tms_generator_group_default"", ""priority"": 3, ""variable_group"": null}","{""generator"": ""CAI_TMS_TASK_GENERATOR_HORDE_ENCAMP_IN_SAFE_REGION"", ""group"": ""wh3_combi_tms_generator_group_default"", ""priority"": 50, ""variable_group"": null}"
cai_task_management_system_task_generator_groups_generators_junctions_tables,hecleas,OVERRIDE_CHANGED,"[""wh3_combi_tms_generator_group_default"", ""CAI_TMS_TASK_GENERATOR_HORDE_FOLLOW_LEAD_ARMY"", null]",priority,"{""generator"": ""CAI_TMS_TASK_GENERATOR_HORDE_FOLLOW_LEAD_ARMY"", ""group"": ""wh3_combi_tms_generator_group_default"", ""priority"": 3, ""variable_group"": null}","{""generator"": ""CAI_TMS_TASK_GENERATOR_HORDE_FOLLOW_LEAD_ARMY"", ""group"": ""wh3_combi_tms_generator_group_default"", ""priority"": 80, ""variable_group"": null}"
cai_task_management_system_task_generator_groups_generators_junctions_tables,hecleas,OVERRIDE_SAME_AS_VANILLA,"[""wh3_combi_tms_generator_group_default"", ""CAI_TMS_TASK_GENERATOR_RAID_RECENTLY_SACKED_SETTLEMENTS"", ""time_horizon_4""]",,"{""generator"": ""CAI_TMS_TASK_GENERATOR_RAID_RECENTLY_SACKED_SETTLEMENTS"", ""group"": ""wh3_combi_tms_generator_group_default"", ""priority"": -5, ""variable_group"": ""time_horizon_4""}",null
cai_task_management_system_task_generator_groups_generators_junctions_tables,hecleas,OVERRIDE_CHANGED,"[""wh3_combi_tms_generator_group_default"", ""CAI_TMS_TASK_GENERATOR_RAID_SETTLEMENTS_NEAR_OUR_FORCES"", null]",priority,"{""generator"": ""CAI_TMS_TASK_GENERATOR_RAID_SETTLEMENTS_NEAR_OUR_FORCES"", ""group"": ""wh3_combi_tms_generator_group_default"", ""priority"": 1, ""variable_group"": null}","{""generator"": ""CAI_TMS_TASK_GENERATOR_RAID_SETTLEMENTS_NEAR_OUR_FORCES"", ""group"": ""wh3_combi_tms_generator_group_default"", ""priority"": 80, ""variable_group"": null}"
cai_task_management_system_task_generator_groups_generators_junctions_tables,hecleas,OVERRIDE_CHANGED,"[""wh3_combi_tms_generator_group_default"", ""CAI_TMS_TASK_GENERATOR_RAID_UNSTABLE_REGIONS"", null]",priority,"{""generator"": ""CAI_TMS_TASK_GENERATOR_RAID_UNSTABLE_REGIONS"", ""group"": ""wh3_combi_tms_generator_group_default"", ""priority"": 1, ""variable_group"": null}","{""generator"": ""CAI_TMS_TASK_GENERATOR_RAID_UNSTABLE_REGIONS"", ""group"": ""wh3_combi_tms_generator_group_default"", ""priority"": 80, ""variable_group"": null}"
cai_task_management_system_task_generator_groups_generators_junctions_tables,hecleas,OVERRIDE_CHANGED,"[""wh3_combi_tms_generator_group_default"", ""CAI_TMS_TASK_GENERATOR_RECAPTURE_RECENTLY_LOST_TERRITORY"", null]",priority,"{""generator"": ""CAI_TMS_TASK_GENERATOR_RECAPTURE_RECENTLY_LOST_TERRITORY"", ""group"": ""wh3_combi_tms_generator_group_default"", ""priority"": 4, ""variable_group"": null}","{""generator"": ""CAI_TMS_TASK_GENERATOR_RECAPTURE_RECENTLY_LOST_TERRITORY"", ""group"": ""wh3_combi_tms_generator_group_default"", ""priority"": 100, ""variable_group"": null}"
cai_task_management_system_task_generator_groups_generators_junctions_tables,hecleas,OVERRIDE_CHANGED,"[""wh3_combi_tms_generator_group_default"", ""CAI_TMS_TASK_GENERATOR_RECRUIT_AVAILABLE_NAVY"", null]",priority,"{""generator"": ""CAI_TMS_TASK_GENERATOR_RECRUIT_AVAILABLE_NAVY"", ""group"": ""wh3_combi_tms_generator_group_default"", ""priority"": 5, ""variable_group"": null}","{""generator"": ""CAI_TMS_TASK_GENERATOR_RECRUIT_AVAILABLE_NAVY"", ""group"": ""wh3_combi_tms_generator_group_default"", ""priority"": 80, ""variable_group"": null}"
cai_task_management_system_task_generator_groups_generators_junctions_tables,hecleas,OVERRIDE_CHANGED,"[""wh3_combi_tms_generator_group_default"", ""CAI_TMS_TASK_GENERATOR_RECRUIT_FROM_SPECIALISED_MERCENARY_POOLS"", null]",priority,"{""generator"": ""CAI_TMS_TASK_GENERATOR_RECRUIT_FROM_SPECIALISED_MERCENARY_POOLS"", ""group"": ""wh3_combi_tms_generator_group_default"", ""priority"": 5, ""variable_group"": null}","{""generator"": ""CAI_TMS_TASK_GENERATOR_RECRUIT_FROM_SPECIALISED_MERCENARY_POOLS"", ""group"": ""wh3_combi_tms_generator_group_default"", ""priority"": 80, ""variable_group"": null}"
cai_task_management_system_task_generator_groups_generators_junctions_tables,hecleas,OVERRIDE_CHANGED,"[""wh3_combi_tms_generator_group_default"", ""CAI_TMS_TASK_GENERATOR_SALLY_OUT_BEFORE_SETTLEMENT_LOSS"", null]",priority,"{""generator"": ""CAI_TMS_TASK_GENERATOR_SALLY_OUT_BEFORE_SETTLEMENT_LOSS"", ""group"": ""wh3_combi_tms_generator_group_default"", ""priority"": 1, ""variable_group"": null}","{""generator"": ""CAI_TMS_TASK_GENERATOR_SALLY_OUT_BEFORE_SETTLEMENT_LOSS"", ""group"": ""wh3_combi_tms_generator_group_default"", ""priority"": 90, ""variable_group"": null}"
cai_task_management_system_task_generator_groups_generators_junctions_tables,hecleas,OVERRIDE_CHANGED,"[""wh3_combi_tms_generator_group_default"", ""CAI_TMS_TASK_GENERATOR_WAR_COORDINATION_ATTACK_FORCES"", null]",priority,"{""generator"": ""CAI_TMS_TASK_GENERATOR_WAR_COORDINATION_ATTACK_FORCES"", ""group"": ""wh3_combi_tms_generator_group_default"", ""priority"": 10, ""variable_group"": null}","{""generator"": ""CAI_TMS_TASK_GENERATOR_WAR_COORDINATION_ATTACK_FORCES"", ""group"": ""wh3_combi_tms_generator_group_default"", ""priority"": 92, ""variable_group"": null}"
cai_task_management_system_task_generator_groups_generators_junctions_tables,hecleas,OVERRIDE_SAME_AS_VANILLA,"[""wh3_combi_tms_generator_group_default"", ""CAI_TMS_TASK_GENERATOR_WAR_COORDINATION_ATTACK_OUR_ISSUED_TARGET_FORCES"", null]",,"{""generator"": ""CAI_TMS_TASK_GENERATOR_WAR_COORDINATION_ATTACK_OUR_ISSUED_TARGET_FORCES"", ""group"": ""wh3_combi_tms_generator_group_default"", ""priority"": -3, ""variable_group"": null}",null
cai_task_management_system_task_generator_groups_generators_junctions_tables,hecleas,OVERRIDE_SAME_AS_VANILLA,"[""wh3_combi_tms_generator_group_default"", ""CAI_TMS_TASK_GENERATOR_WAR_COORDINATION_ATTACK_OUR_ISSUED_TARGET_REGIONS"", null]",,"{""generator"": ""CAI_TMS_TASK_GENERATOR_WAR_COORDINATION_ATTACK_OUR_ISSUED_TARGET_REGIONS"", ""group"": ""wh3_combi_tms_generator_group_default"", ""priority"": -3, ""variable_group"": null}",null
cai_task_management_system_task_generator_groups_generators_junctions_tables,hecleas,OVERRIDE_CHANGED,"[""wh3_combi_tms_generator_group_default"", ""CAI_TMS_TASK_GENERATOR_WAR_COORDINATION_ATTACK_REGIONS"", null]",priority,"{""generator"": ""CAI_TMS_TASK_GENERATOR_WAR_COORDINATION_ATTACK_REGIONS"", ""group"": ""wh3_combi_tms_generator_group_default"", ""priority"": 10, ""variable_group"": null}","{""generator"": ""CAI_TMS_TASK_GENERATOR_WAR_COORDINATION_ATTACK_REGIONS"", ""group"": ""wh3_combi_tms_generator_group_default"", ""priority"": 92, ""variable_group"": null}"
cai_task_management_system_task_generator_groups_generators_junctions_tables,hecleas,OVERRIDE_CHANGED,"[""wh3_combi_tms_generator_group_default"", ""CAI_TMS_TASK_GENERATOR_WAR_COORDINATION_DEFEND_FORCES"", null]",priority,"{""generator"": ""CAI_TMS_TASK_GENERATOR_WAR_COORDINATION_DEFEND_FORCES"", ""group"": ""wh3_combi_tms_generator_group_default"", ""priority"": 10, ""variable_group"": null}","{""generator"": ""CAI_TMS_TASK_GENERATOR_WAR_COORDINATION_DEFEND_FORCES"", ""group"": ""wh3_combi_tms_generator_group_default"", ""priority"": 86, ""variable_group"": null}"
cai_task_management_system_task_generator_groups_generators_junctions_tables,hecleas,OVERRIDE_CHANGED,"[""wh3_combi_tms_generator_group_default"", ""CAI_TMS_TASK_GENERATOR_WAR_COORDINATION_DEFEND_REGIONS"", null]",priority,"{""generator"": ""CAI_TMS_TASK_GENERATOR_WAR_COORDINATION_DEFEND_REGIONS"", ""group"": ""wh3_combi_tms_generator_group_default"", ""priority"": 10, ""variable_group"": null}","{""generator"": ""CAI_TMS_TASK_GENERATOR_WAR_COORDINATION_DEFEND_REGIONS"", ""group"": ""wh3_combi_tms_generator_group_default"", ""priority"": 86, ""variable_group"": null}"
cai_task_management_system_task_generator_groups_generators_junctions_tables,hecleas,OVERRIDE_CHANGED,"[""wh3_combi_tms_generator_group_defensive_additive"", ""CAI_TMS_TASK_GENERATOR_ACTIVELY_DEFEND_REGIONS_NEIGHBOURING_ENEMY_MAIN_THREAT"", null]",priority,"{""generator"": ""CAI_TMS_TASK_GENERATOR_ACTIVELY_DEFEND_REGIONS_NEIGHBOURING_ENEMY_MAIN_THREAT"", ""group"": ""wh3_combi_tms_generator_group_defensive_additive"", ""priority"": 2, ""variable_group"": null}","{""generator"": ""CAI_TMS_TASK_GENERATOR_ACTIVELY_DEFEND_REGIONS_NEIGHBOURING_ENEMY_MAIN_THREAT"", ""group"": ""wh3_combi_tms_generator_group_defensive_additive"", ""priority"": 90, ""variable_group"": null}"
cai_task_management_system_task_generator_groups_generators_junctions_tables,hecleas,OVERRIDE_CHANGED,"[""wh3_combi_tms_generator_group_defensive_additive"", ""CAI_TMS_TASK_GENERATOR_ACTIVELY_DEFEND_REGIONS_NEIGHBOURING_MAIN_THREAT"", null]",priority,"{""generator"": ""CAI_TMS_TASK_GENERATOR_ACTIVELY_DEFEND_REGIONS_NEIGHBOURING_MAIN_THREAT"", ""group"": ""wh3_combi_tms_generator_group_defensive_additive"", ""priority"": 2, ""variable_group"": null}","{""generator"": ""CAI_TMS_TASK_GENERATOR_ACTIVELY_DEFEND_REGIONS_NEIGHBOURING_MAIN_THREAT"", ""group"": ""wh3_combi_tms_generator_group_defensive_additive"", ""priority"": 50, ""variable_group"": null}"
cai_task_management_system_task_generator_groups_generators_junctions_tables,hecleas,OVERRIDE_CHANGED,"[""wh3_combi_tms_generator_group_defensive_additive"", ""CAI_TMS_TASK_GENERATOR_ATTACK_ALL_ENEMY_MAIN_THREAT_FORCES"", null]",priority,"{""generator"": ""CAI_TMS_TASK_GENERATOR_ATTACK_ALL_ENEMY_MAIN_THREAT_FORCES"", ""group"": ""wh3_combi_tms_generator_group_defensive_additive"", ""priority"": -2, ""variable_group"": null}","{""generator"": ""CAI_TMS_TASK_GENERATOR_ATTACK_ALL_ENEMY_MAIN_THREAT_FORCES"", ""group"": ""wh3_combi_tms_generator_group_defensive_additive"", ""priority"": 94, ""variable_group"": null}"
cai_task_management_system_task_generator_groups_generators_junctions_tables,hecleas,OVERRIDE_CHANGED,"[""wh3_combi_tms_generator_group_defensive_additive"", ""CAI_TMS_TASK_GENERATOR_ATTACK_ALL_ENEMY_MAIN_THREAT_SETTLEMENTS"", null]",priority,"{""generator"": ""CAI_TMS_TASK_GENERATOR_ATTACK_ALL_ENEMY_MAIN_THREAT_SETTLEMENTS"", ""group"": ""wh3_combi_tms_generator_group_defensive_additive"", ""priority"": -2, ""variable_group"": null}","{""generator"": ""CAI_TMS_TASK_GENERATOR_ATTACK_ALL_ENEMY_MAIN_THREAT_SETTLEMENTS"", ""group"": ""wh3_combi_tms_generator_group_defensive_additive"", ""priority"": 94, ""variable_group"": null}"
cai_task_management_system_task_generator_groups_generators_junctions_tables,hecleas,OVERRIDE_SAME_AS_VANILLA,"[""wh3_combi_tms_generator_group_defensive_additive"", ""CAI_TMS_TASK_GENERATOR_ATTACK_UNSUITABLE_CLIMATE_REGIONS"", null]",,"{""generator"": ""CAI_TMS_TASK_GENERATOR_ATTACK_UNSUITABLE_CLIMATE_REGIONS"", ""group"": ""wh3_combi_tms_generator_group_defensive_additive"", ""priority"": -1, ""variable_group"": null}",null
cai_task_management_system_task_generator_groups_generators_junctions_tables,hecleas,OVERRIDE_CHANGED,"[""wh3_combi_tms_generator_group_dont_colonise_additive"", ""CAI_TMS_GDS_TASK_GENERATOR_COLONISE_ABANDONED_SETTLEMENTS_NEAR_OUR_FORCES"", null]",priority,"{""generator"": ""CAI_TMS_GDS_TASK_GENERATOR_COLONISE_ABANDONED_SETTLEMENTS_NEAR_OUR_FORCES"", ""group"": ""wh3_combi_tms_generator_group_dont_colonise_additive"", ""priority"": -20, ""variable_group"": null}","{""generator"": ""CAI_TMS_GDS_TASK_GENERATOR_COLONISE_ABANDONED_SETTLEMENTS_NEAR_OUR_FORCES"", ""group"": ""wh3_combi_tms_generator_group_dont_colonise_additive"", ""priority"": 90, ""variable_group"": null}"
cai_task_management_system_task_generator_groups_generators_junctions_tables,hecleas,OVERRIDE_CHANGED,"[""wh3_combi_tms_generator_group_dont_colonise_additive"", ""CAI_TMS_TASK_GENERATOR_ATTACK_PROVINCES_NEIGHBOURNIG_OWN_PROVINCES_ABANDONED"", null]",priority,"{""generator"": ""CAI_TMS_TASK_GENERATOR_ATTACK_PROVINCES_NEIGHBOURNIG_OWN_PROVINCES_ABANDONED"", ""group"": ""wh3_combi_tms_generator_group_dont_colonise_additive"", ""priority"": -20, ""variable_group"": null}","{""generator"": ""CAI_TMS_TASK_GENERATOR_ATTACK_PROVINCES_NEIGHBOURNIG_OWN_PROVINCES_ABANDONED"", ""group"": ""wh3_combi_tms_generator_group_dont_colonise_additive"", ""priority"": 80, ""variable_group"": null}"
cai_task_management_system_task_generator_groups_generators_junctions_tables,hecleas,OVERRIDE_CHANGED,"[""wh3_combi_tms_generator_group_dont_colonise_additive"", ""CAI_TMS_TASK_GENERATOR_ATTACK_PROVINCES_NEIGHBOURNIG_OWN_REGIONS_ABANDONED"", null]",priority,"{""generator"": ""CAI_TMS_TASK_GENERATOR_ATTACK_PROVINCES_NEIGHBOURNIG_OWN_REGIONS_ABANDONED"", ""group"": ""wh3_combi_tms_generator_group_dont_colonise_additive"", ""priority"": -20, ""variable_group"": null}","{""generator"": ""CAI_TMS_TASK_GENERATOR_ATTACK_PROVINCES_NEIGHBOURNIG_OWN_REGIONS_ABANDONED"", ""group"": ""wh3_combi_tms_generator_group_dont_colonise_additive"", ""priority"": 80, ""variable_group"": null}"
cai_task_management_system_task_generator_groups_generators_junctions_tables,hecleas,OVERRIDE_CHANGED,"[""wh3_combi_tms_generator_group_dont_colonise_additive"", ""CAI_TMS_TASK_GENERATOR_ATTACK_REGIONS_NEIGHBOURNIG_OWN_REGIONS_ABANDONED"", null]",priority,"{""generator"": ""CAI_TMS_TASK_GENERATOR_ATTACK_REGIONS_NEIGHBOURNIG_OWN_REGIONS_ABANDONED"", ""group"": ""wh3_combi_tms_generator_group_dont_colonise_additive"", ""priority"": -20, ""variable_group"": null}","{""generator"": ""CAI_TMS_TASK_GENERATOR_ATTACK_REGIONS_NEIGHBOURNIG_OWN_REGIONS_ABANDONED"", ""group"": ""wh3_combi_tms_generator_group_dont_colonise_additive"", ""priority"": 80, ""variable_group"": null}"
cai_task_management_system_task_generator_groups_generators_junctions_tables,hecleas,OVERRIDE_CHANGED,"[""wh3_combi_tms_generator_group_dwarf_specific_additive"", ""CAI_TMS_TASK_GENERATOR_ACTIVELY_DEFEND_RECENTLY_CAPTURED_TERRITORY"", ""time_horizon_6""]",priority,"{""generator"": ""CAI_TMS_TASK_GENERATOR_ACTIVELY_DEFEND_RECENTLY_CAPTURED_TERRITORY"", ""group"": ""wh3_combi_tms_generator_group_dwarf_specific_additive"", ""priority"": 2, ""variable_group"": ""time_horizon_6""}","{""generator"": ""CAI_TMS_TASK_GENERATOR_ACTIVELY_DEFEND_RECENTLY_CAPTURED_TERRITORY"", ""group"": ""wh3_combi_tms_generator_group_dwarf_specific_additive"", ""priority"": 25, ""variable_group"": ""time_horizon_6""}"
cai_task_management_system_task_generator_groups_generators_junctions_tables,hecleas,OVERRIDE_CHANGED,"[""wh3_combi_tms_generator_group_endgame_overrides"", ""CAI_TMS_GDS_TASK_GENERATOR_DEFEND_OWN_REGIONS"", ""elapsed_rounds_bounded_lerp_to_0_at_30""]",priority,"{""generator"": ""CAI_TMS_GDS_TASK_GENERATOR_DEFEND_OWN_REGIONS"", ""group"": ""wh3_combi_tms_generator_group_endgame_overrides"", ""priority"": 1, ""variable_group"": ""elapsed_rounds_bounded_lerp_to_0_at_30""}","{""generator"": ""CAI_TMS_GDS_TASK_GENERATOR_DEFEND_OWN_REGIONS"", ""group"": ""wh3_combi_tms_generator_group_endgame_overrides"", ""priority"": 30, ""variable_group"": ""elapsed_rounds_bounded_lerp_to_0_at_30""}"
cai_task_management_system_task_generator_groups_generators_junctions_tables,hecleas,OVERRIDE_CHANGED,"[""wh3_combi_tms_generator_group_endgame_overrides"", ""CAI_TMS_GDS_TASK_GENERATOR_DEFEND_OWN_REGIONS"", null]",priority,"{""generator"": ""CAI_TMS_GDS_TASK_GENERATOR_DEFEND_OWN_REGIONS"", ""group"": ""wh3_combi_tms_generator_group_endgame_overrides"", ""priority"": 0, ""variable_group"": null}","{""generator"": ""CAI_TMS_GDS_TASK_GENERATOR_DEFEND_OWN_REGIONS"", ""group"": ""wh3_combi_tms_generator_group_endgame_overrides"", ""priority"": 30, ""variable_group"": null}"
cai_task_management_system_task_generator_groups_generators_junctions_tables,hecleas,OVERRIDE_CHANGED,"[""wh3_combi_tms_generator_group_endgame_overrides"", ""CAI_TMS_TASK_GENERATOR_ACTIVELY_DEFEND_CAPITAL"", null]",priority,"{""generator"": ""CAI_TMS_TASK_GENERATOR_ACTIVELY_DEFEND_CAPITAL"", ""group"": ""wh3_combi_tms_generator_group_endgame_overrides"", ""priority"": 0.1, ""variable_group"": null}","{""generator"": ""CAI_TMS_TASK_GENERATOR_ACTIVELY_DEFEND_CAPITAL"", ""group"": ""wh3_combi_tms_generator_group_endgame_overrides"", ""priority"": 25, ""variable_group"": null}"
cai_task_management_system_task_generator_groups_generators_junctions_tables,hecleas,OVERRIDE_CHANGED,"[""wh3_combi_tms_generator_group_endgame_overrides"", ""CAI_TMS_TASK_GENERATOR_ATTACK_ALL_ENEMY_FORCES"", null]",priority,"{""generator"": ""CAI_TMS_TASK_GENERATOR_ATTACK_ALL_ENEMY_FORCES"", ""group"": ""wh3_combi_tms_generator_group_endgame_overrides"", ""priority"": 9, ""variable_group"": null}","{""generator"": ""CAI_TMS_TASK_GENERATOR_ATTACK_ALL_ENEMY_FORCES"", ""group"": ""wh3_combi_tms_generator_group_endgame_overrides"", ""priority"": 90, ""variable_group"": null}"
cai_task_management_system_task_generator_groups_generators_junctions_tables,hecleas,OVERRIDE_CHANGED,"[""wh3_combi_tms_generator_group_endgame_overrides"", ""CAI_TMS_TASK_GENERATOR_ATTACK_ALL_ENEMY_FORCES_NEAR_RECENTLY_LOST_REGIONS"", null]",priority,"{""generator"": ""CAI_TMS_TASK_GENERATOR_ATTACK_ALL_ENEMY_FORCES_NEAR_RECENTLY_LOST_REGIONS"", ""group"": ""wh3_combi_tms_generator_group_endgame_overrides"", ""priority"": 10, ""variable_group"": null}","{""generator"": ""CAI_TMS_TASK_GENERATOR_ATTACK_ALL_ENEMY_FORCES_NEAR_RECENTLY_LOST_REGIONS"", ""group"": ""wh3_combi_tms_generator_group_endgame_overrides"", ""priority"": 90, ""variable_group"": null}"
cai_task_management_system_task_generator_groups_generators_junctions_tables,hecleas,OVERRIDE_CHANGED,"[""wh3_combi_tms_generator_group_endgame_overrides"", ""CAI_TMS_TASK_GENERATOR_ATTACK_ALL_ENEMY_MAIN_THREAT_FORCES"", null]",priority,"{""generator"": ""CAI_TMS_TASK_GENERATOR_ATTACK_ALL_ENEMY_MAIN_THREAT_FORCES"", ""group"": ""wh3_combi_tms_generator_group_endgame_overrides"", ""priority"": 10, ""variable_group"": null}","{""generator"": ""CAI_TMS_TASK_GENERATOR_ATTACK_ALL_ENEMY_MAIN_THREAT_FORCES"", ""group"": ""wh3_combi_tms_generator_group_endgame_overrides"", ""priority"": 94, ""variable_group"": null}"
cai_task_management_system_task_generator_groups_generators_junctions_tables,hecleas,OVERRIDE_CHANGED,"[""wh3_combi_tms_generator_group_endgame_overrides"", ""CAI_TMS_TASK_GENERATOR_ATTACK_ALL_ENEMY_SETTLEMENTS_IF_HAVENT_EXPANDED_RECENTLY"", ""timed_priority_boost_quick""]",priority,"{""generator"": ""CAI_TMS_TASK_GENERATOR_ATTACK_ALL_ENEMY_SETTLEMENTS_IF_HAVENT_EXPANDED_RECENTLY"", ""group"": ""wh3_combi_tms_generator_group_endgame_overrides"", ""priority"": 9, ""variable_group"": ""timed_priority_boost_quick""}","{""generator"": ""CAI_TMS_TASK_GENERATOR_ATTACK_ALL_ENEMY_SETTLEMENTS_IF_HAVENT_EXPANDED_RECENTLY"", ""group"": ""wh3_combi_tms_generator_group_endgame_overrides"", ""priority"": 90, ""variable_group"": ""timed_priority_boost_quick""}"
cai_task_management_system_task_generator_groups_generators_junctions_tables,hecleas,OVERRIDE_CHANGED,"[""wh3_combi_tms_generator_group_endgame_overrides"", ""CAI_TMS_TASK_GENERATOR_ATTACK_ALL_LOCAL_FORCES_SIZE_SCALED"", null]",priority,"{""generator"": ""CAI_TMS_TASK_GENERATOR_ATTACK_ALL_LOCAL_FORCES_SIZE_SCALED"", ""group"": ""wh3_combi_tms_generator_group_endgame_overrides"", ""priority"": 9, ""variable_group"": null}","{""generator"": ""CAI_TMS_TASK_GENERATOR_ATTACK_ALL_LOCAL_FORCES_SIZE_SCALED"", ""group"": ""wh3_combi_tms_generator_group_endgame_overrides"", ""priority"": 90, ""variable_group"": null}"
cai_task_management_system_task_generator_groups_generators_junctions_tables,hecleas,OVERRIDE_CHANGED,"[""wh3_combi_tms_generator_group_forest_dweller_specific_additive"", ""CAI_TMS_TASK_GENERATOR_ACTIVELY_DEFEND_CAPITAL"", null]",priority,"{""generator"": ""CAI_TMS_TASK_GENERATOR_ACTIVELY_DEFEND_CAPITAL"", ""group"": ""wh3_combi_tms_generator_group_forest_dweller_specific_additive"", ""priority"": 1.60000002, ""variable_group"": null}","{""generator"": ""CAI_TMS_TASK_GENERATOR_ACTIVELY_DEFEND_CAPITAL"", ""group"": ""wh3_combi_tms_generator_group_forest_dweller_specific_additive"", ""priority"": 25, ""variable_group"": null}"
cai_task_management_system_task_generator_groups_generators_junctions_tables,hecleas,OVERRIDE_CHANGED,"[""wh3_combi_tms_generator_group_forest_dweller_specific_additive"", ""CAI_TMS_TASK_GENERATOR_ATTACK_ALL_ENEMY_FORCES"", null]",priority,"{""generator"": ""CAI_TMS_TASK_GENERATOR_ATTACK_ALL_ENEMY_FORCES"", ""group"": ""wh3_combi_tms_generator_group_forest_dweller_specific_additive"", ""priority"": -2, ""variable_group"": null}","{""generator"": ""CAI_TMS_TASK_GENERATOR_ATTACK_ALL_ENEMY_FORCES"", ""group"": ""wh3_combi_tms_generator_group_forest_dweller_specific_additive"", ""priority"": 90, ""variable_group"": null}"
cai_task_management_system_task_generator_groups_generators_junctions_tables,hecleas,OVERRIDE_CHANGED,"[""wh3_combi_tms_generator_group_forest_dweller_specific_additive"", ""CAI_TMS_TASK_GENERATOR_ATTACK_ALL_ENEMY_SETTLEMENTS"", null]",priority,"{""generator"": ""CAI_TMS_TASK_GENERATOR_ATTACK_ALL_ENEMY_SETTLEMENTS"", ""group"": ""wh3_combi_tms_generator_group_forest_dweller_specific_additive"", ""priority"": -1, ""variable_group"": null}","{""generator"": ""CAI_TMS_TASK_GENERATOR_ATTACK_ALL_ENEMY_SETTLEMENTS"", ""group"": ""wh3_combi_tms_generator_group_forest_dweller_specific_additive"", ""priority"": 90, ""variable_group"": null}"
cai_task_management_system_task_generator_groups_generators_junctions_tables,hecleas,OVERRIDE_CHANGED,"[""wh3_combi_tms_generator_group_forest_dweller_specific_additive"", ""CAI_TMS_TASK_GENERATOR_ATTACK_ALL_ENEMY_SETTLEMENTS_IF_HAVENT_EXPANDED_RECENTLY"", null]",priority,"{""generator"": ""CAI_TMS_TASK_GENERATOR_ATTACK_ALL_ENEMY_SETTLEMENTS_IF_HAVENT_EXPANDED_RECENTLY"", ""group"": ""wh3_combi_tms_generator_group_forest_dweller_specific_additive"", ""priority"": -2, ""variable_group"": null}","{""generator"": ""CAI_TMS_TASK_GENERATOR_ATTACK_ALL_ENEMY_SETTLEMENTS_IF_HAVENT_EXPANDED_RECENTLY"", ""group"": ""wh3_combi_tms_generator_group_forest_dweller_specific_additive"", ""priority"": 90, ""variable_group"": null}"
cai_task_management_system_task_generator_groups_generators_junctions_tables,hecleas,OVERRIDE_CHANGED,"[""wh3_combi_tms_generator_group_forest_dweller_specific_additive"", ""CAI_TMS_TASK_GENERATOR_ATTACK_ALL_LOCAL_FORCES_SIZE_SCALED"", null]",priority,"{""generator"": ""CAI_TMS_TASK_GENERATOR_ATTACK_ALL_LOCAL_FORCES_SIZE_SCALED"", ""group"": ""wh3_combi_tms_generator_group_forest_dweller_specific_additive"", ""priority"": 3, ""variable_group"": null}","{""generator"": ""CAI_TMS_TASK_GENERATOR_ATTACK_ALL_LOCAL_FORCES_SIZE_SCALED"", ""group"": ""wh3_combi_tms_generator_group_forest_dweller_specific_additive"", ""priority"": 90, ""variable_group"": null}"
cai_task_management_system_task_generator_groups_generators_junctions_tables,hecleas,OVERRIDE_CHANGED,"[""wh3_combi_tms_generator_group_highelf_aislinn"", ""CAI_TMS_TASK_GENERATOR_ATTACK_ENEMY_PORT_SETTLEMENTS"", null]",priority,"{""generator"": ""CAI_TMS_TASK_GENERATOR_ATTACK_ENEMY_PORT_SETTLEMENTS"", ""group"": ""wh3_combi_tms_generator_group_highelf_aislinn"", ""priority"": 25, ""variable_group"": null}","{""generator"": ""CAI_TMS_TASK_GENERATOR_ATTACK_ENEMY_PORT_SETTLEMENTS"", ""group"": ""wh3_combi_tms_generator_group_highelf_aislinn"", ""priority"": 90, ""variable_group"": null}"
cai_task_management_system_task_generator_groups_generators_junctions_tables,hecleas,OVERRIDE_CHANGED,"[""wh3_combi_tms_generator_group_highelf_specific_additive"", ""CAI_TMS_TASK_GENERATOR_ACTIVELY_DEFEND_RECENTLY_CAPTURED_TERRITORY"", ""time_horizon_6""]",priority,"{""generator"": ""CAI_TMS_TASK_GENERATOR_ACTIVELY_DEFEND_RECENTLY_CAPTURED_TERRITORY"", ""group"": ""wh3_combi_tms_generator_group_highelf_specific_additive"", ""priority"": 2, ""variable_group"": ""time_horizon_6""}","{""generator"": ""CAI_TMS_TASK_GENERATOR_ACTIVELY_DEFEND_RECENTLY_CAPTURED_TERRITORY"", ""group"": ""wh3_combi_tms_generator_group_highelf_specific_additive"", ""priority"": 25, ""variable_group"": ""time_horizon_6""}"
cai_task_management_system_task_generator_groups_generators_junctions_tables,hecleas,OVERRIDE_CHANGED,"[""wh3_combi_tms_generator_group_horde"", ""CAI_TMS_GDS_TASK_GENERATOR_HORDE_MOVE_TO_ATTACK_ENEMY_FORCES_WHEN_TRESPASS_WARNED"", null]",priority,"{""generator"": ""CAI_TMS_GDS_TASK_GENERATOR_HORDE_MOVE_TO_ATTACK_ENEMY_FORCES_WHEN_TRESPASS_WARNED"", ""group"": ""wh3_combi_tms_generator_group_horde"", ""priority"": 15, ""variable_group"": null}","{""generator"": ""CAI_TMS_GDS_TASK_GENERATOR_HORDE_MOVE_TO_ATTACK_ENEMY_FORCES_WHEN_TRESPASS_WARNED"", ""group"": ""wh3_combi_tms_generator_group_horde"", ""priority"": 90, ""variable_group"": null}"
cai_task_management_system_task_generator_groups_generators_junctions_tables,hecleas,OVERRIDE_CHANGED,"[""wh3_combi_tms_generator_group_horde"", ""CAI_TMS_TASK_GENERATOR_ACTIVELY_DEFEND_CAPITAL"", null]",priority,"{""generator"": ""CAI_TMS_TASK_GENERATOR_ACTIVELY_DEFEND_CAPITAL"", ""group"": ""wh3_combi_tms_generator_group_horde"", ""priority"": 0.80000001, ""variable_group"": null}","{""generator"": ""CAI_TMS_TASK_GENERATOR_ACTIVELY_DEFEND_CAPITAL"", ""group"": ""wh3_combi_tms_generator_group_horde"", ""priority"": 25, ""variable_group"": null}"
cai_task_management_system_task_generator_groups_generators_junctions_tables,hecleas,OVERRIDE_CHANGED,"[""wh3_combi_tms_generator_group_horde"", ""CAI_TMS_TASK_GENERATOR_ATTACK_ALL_ENEMY_FORCES"", null]",priority,"{""generator"": ""CAI_TMS_TASK_GENERATOR_ATTACK_ALL_ENEMY_FORCES"", ""group"": ""wh3_combi_tms_generator_group_horde"", ""priority"": 7, ""variable_group"": null}","{""generator"": ""CAI_TMS_TASK_GENERATOR_ATTACK_ALL_ENEMY_FORCES"", ""group"": ""wh3_combi_tms_generator_group_horde"", ""priority"": 90, ""variable_group"": null}"
cai_task_management_system_task_generator_groups_generators_junctions_tables,hecleas,OVERRIDE_CHANGED,"[""wh3_combi_tms_generator_group_horde"", ""CAI_TMS_TASK_GENERATOR_ATTACK_ALL_ENEMY_FORCES_NEAR_RECENTLY_LOST_ALLIED_HUMAN_REGION"", null]",priority,"{""generator"": ""CAI_TMS_TASK_GENERATOR_ATTACK_ALL_ENEMY_FORCES_NEAR_RECENTLY_LOST_ALLIED_HUMAN_REGION"", ""group"": ""wh3_combi_tms_generator_group_horde"", ""priority"": 3, ""variable_group"": null}","{""generator"": ""CAI_TMS_TASK_GENERATOR_ATTACK_ALL_ENEMY_FORCES_NEAR_RECENTLY_LOST_ALLIED_HUMAN_REGION"", ""group"": ""wh3_combi_tms_generator_group_horde"", ""priority"": 90, ""variable_group"": null}"
cai_task_management_system_task_generator_groups_generators_junctions_tables,hecleas,OVERRIDE_CHANGED,"[""wh3_combi_tms_generator_group_horde"", ""CAI_TMS_TASK_GENERATOR_ATTACK_ALL_ENEMY_FORCES_NEAR_RECENTLY_LOST_REGIONS"", null]",priority,"{""generator"": ""CAI_TMS_TASK_GENERATOR_ATTACK_ALL_ENEMY_FORCES_NEAR_RECENTLY_LOST_REGIONS"", ""group"": ""wh3_combi_tms_generator_group_horde"", ""priority"": 6, ""variable_group"": null}","{""generator"": ""CAI_TMS_TASK_GENERATOR_ATTACK_ALL_ENEMY_FORCES_NEAR_RECENTLY_LOST_REGIONS"", ""group"": ""wh3_combi_tms_generator_group_horde"", ""priority"": 90, ""variable_group"": null}"
cai_task_management_system_task_generator_groups_generators_junctions_tables,hecleas,OVERRIDE_CHANGED,"[""wh3_combi_tms_generator_group_horde"", ""CAI_TMS_TASK_GENERATOR_ATTACK_ALL_ENEMY_HUMAN_FORCES_NEAR_RECENTLY_LOST_ALLIED_REGION"", null]",priority,"{""generator"": ""CAI_TMS_TASK_GENERATOR_ATTACK_ALL_ENEMY_HUMAN_FORCES_NEAR_RECENTLY_LOST_ALLIED_REGION"", ""group"": ""wh3_combi_tms_generator_group_horde"", ""priority"": 0, ""variable_group"": null}","{""generator"": ""CAI_TMS_TASK_GENERATOR_ATTACK_ALL_ENEMY_HUMAN_FORCES_NEAR_RECENTLY_LOST_ALLIED_REGION"", ""group"": ""wh3_combi_tms_generator_group_horde"", ""priority"": 90, ""variable_group"": null}"
cai_task_management_system_task_generator_groups_generators_junctions_tables,hecleas,OVERRIDE_CHANGED,"[""wh3_combi_tms_generator_group_horde"", ""CAI_TMS_TASK_GENERATOR_ATTACK_ALL_ENEMY_MAIN_THREAT_FORCES"", null]",priority,"{""generator"": ""CAI_TMS_TASK_GENERATOR_ATTACK_ALL_ENEMY_MAIN_THREAT_FORCES"", ""group"": ""wh3_combi_tms_generator_group_horde"", ""priority"": 4, ""variable_group"": null}","{""generator"": ""CAI_TMS_TASK_GENERATOR_ATTACK_ALL_ENEMY_MAIN_THREAT_FORCES"", ""group"": ""wh3_combi_tms_generator_group_horde"", ""priority"": 94, ""variable_group"": null}"
cai_task_management_system_task_generator_groups_generators_junctions_tables,hecleas,OVERRIDE_CHANGED,"[""wh3_combi_tms_generator_group_horde"", ""CAI_TMS_TASK_GENERATOR_ATTACK_ALL_ENEMY_MAIN_THREAT_SETTLEMENTS"", null]",priority,"{""generator"": ""CAI_TMS_TASK_GENERATOR_ATTACK_ALL_ENEMY_MAIN_THREAT_SETTLEMENTS"", ""group"": ""wh3_combi_tms_generator_group_horde"", ""priority"": 2, ""variable_group"": null}","{""generator"": ""CAI_TMS_TASK_GENERATOR_ATTACK_ALL_ENEMY_MAIN_THREAT_SETTLEMENTS"", ""group"": ""wh3_combi_tms_generator_group_horde"", ""priority"": 94, ""variable_group"": null}"
cai_task_management_system_task_generator_groups_generators_junctions_tables,hecleas,OVERRIDE_CHANGED,"[""wh3_combi_tms_generator_group_horde"", ""CAI_TMS_TASK_GENERATOR_ATTACK_ALL_ENEMY_SETTLEMENTS"", null]",priority,"{""generator"": ""CAI_TMS_TASK_GENERATOR_ATTACK_ALL_ENEMY_SETTLEMENTS"", ""group"": ""wh3_combi_tms_generator_group_horde"", ""priority"": 7, ""variable_group"": null}","{""generator"": ""CAI_TMS_TASK_GENERATOR_ATTACK_ALL_ENEMY_SETTLEMENTS"", ""group"": ""wh3_combi_tms_generator_group_horde"", ""priority"": 90, ""variable_group"": null}"
cai_task_management_system_task_generator_groups_generators_junctions_tables,hecleas,OVERRIDE_CHANGED,"[""wh3_combi_tms_generator_group_horde"", ""CAI_TMS_TASK_GENERATOR_ATTACK_ALL_LOCAL_AGENTS_LEVEL_SCALED"", null]",priority,"{""generator"": ""CAI_TMS_TASK_GENERATOR_ATTACK_ALL_LOCAL_AGENTS_LEVEL_SCALED"", ""group"": ""wh3_combi_tms_generator_group_horde"", ""priority"": 5, ""variable_group"": null}","{""generator"": ""CAI_TMS_TASK_GENERATOR_ATTACK_ALL_LOCAL_AGENTS_LEVEL_SCALED"", ""group"": ""wh3_combi_tms_generator_group_horde"", ""priority"": 80, ""variable_group"": null}"
cai_task_management_system_task_generator_groups_generators_junctions_tables,hecleas,OVERRIDE_CHANGED,"[""wh3_combi_tms_generator_group_horde"", ""CAI_TMS_TASK_GENERATOR_ATTACK_ALL_LOCAL_FORCES_SIZE_SCALED"", null]",priority,"{""generator"": ""CAI_TMS_TASK_GENERATOR_ATTACK_ALL_LOCAL_FORCES_SIZE_SCALED"", ""group"": ""wh3_combi_tms_generator_group_horde"", ""priority"": 6, ""variable_group"": null}","{""generator"": ""CAI_TMS_TASK_GENERATOR_ATTACK_ALL_LOCAL_FORCES_SIZE_SCALED"", ""group"": ""wh3_combi_tms_generator_group_horde"", ""priority"": 90, ""variable_group"": null}"
cai_task_management_system_task_generator_groups_generators_junctions_tables,hecleas,OVERRIDE_CHANGED,"[""wh3_combi_tms_generator_group_horde"", ""CAI_TMS_TASK_GENERATOR_ATTACK_ENEMY_PORT_SETTLEMENTS"", null]",priority,"{""generator"": ""CAI_TMS_TASK_GENERATOR_ATTACK_ENEMY_PORT_SETTLEMENTS"", ""group"": ""wh3_combi_tms_generator_group_horde"", ""priority"": 1, ""variable_group"": null}","{""generator"": ""CAI_TMS_TASK_GENERATOR_ATTACK_ENEMY_PORT_SETTLEMENTS"", ""group"": ""wh3_combi_tms_generator_group_horde"", ""priority"": 90, ""variable_group"": null}"
cai_task_management_system_task_generator_groups_generators_junctions_tables,hecleas,OVERRIDE_CHANGED,"[""wh3_combi_tms_generator_group_horde"", ""CAI_TMS_TASK_GENERATOR_ATTACK_ENEMY_SETTLEMENTS_LOCAL_TO_OUR_FORCES_THAT_ARE_BESIEGED_BY_OUR_ALLIES"", null]",priority,"{""generator"": ""CAI_TMS_TASK_GENERATOR_ATTACK_ENEMY_SETTLEMENTS_LOCAL_TO_OUR_FORCES_THAT_ARE_BESIEGED_BY_OUR_ALLIES"", ""group"": ""wh3_combi_tms_generator_group_horde"", ""priority"": 6, ""variable_group"": null}","{""generator"": ""CAI_TMS_TASK_GENERATOR_ATTACK_ENEMY_SETTLEMENTS_LOCAL_TO_OUR_FORCES_THAT_ARE_BESIEGED_BY_OUR_ALLIES"", ""group"": ""wh3_combi_tms_generator_group_horde"", ""priority"": 90, ""variable_group"": null}"
cai_task_management_system_task_generator_groups_generators_junctions_tables,hecleas,OVERRIDE_CHANGED,"[""wh3_combi_tms_generator_group_horde"", ""CAI_TMS_TASK_GENERATOR_ATTACK_NEIGHBOURING_WAR_REGIONS"", null]",priority,"{""generator"": ""CAI_TMS_TASK_GENERATOR_ATTACK_NEIGHBOURING_WAR_REGIONS"", ""group"": ""wh3_combi_tms_generator_group_horde"", ""priority"": 2, ""variable_group"": null}","{""generator"": ""CAI_TMS_TASK_GENERATOR_ATTACK_NEIGHBOURING_WAR_REGIONS"", ""group"": ""wh3_combi_tms_generator_group_horde"", ""priority"": 92, ""variable_group"": null}"
cai_task_management_system_task_generator_groups_generators_junctions_tables,hecleas,OVERRIDE_CHANGED,"[""wh3_combi_tms_generator_group_horde"", ""CAI_TMS_TASK_GENERATOR_ATTACK_PROVINCES_NEIGHBOURNIG_OWN_PROVINCES_ENEMY"", null]",priority,"{""generator"": ""CAI_TMS_TASK_GENERATOR_ATTACK_PROVINCES_NEIGHBOURNIG_OWN_PROVINCES_ENEMY"", ""group"": ""wh3_combi_tms_generator_group_horde"", ""priority"": 1, ""variable_group"": null}","{""generator"": ""CAI_TMS_TASK_GENERATOR_ATTACK_PROVINCES_NEIGHBOURNIG_OWN_PROVINCES_ENEMY"", ""group"": ""wh3_combi_tms_generator_group_horde"", ""priority"": 92, ""variable_group"": null}"
cai_task_management_system_task_generator_groups_generators_junctions_tables,hecleas,OVERRIDE_CHANGED,"[""wh3_combi_tms_generator_group_horde"", ""CAI_TMS_TASK_GENERATOR_ATTACK_PROVINCES_NEIGHBOURNIG_OWN_REGIONS_ENEMY"", null]",priority,"{""generator"": ""CAI_TMS_TASK_GENERATOR_ATTACK_PROVINCES_NEIGHBOURNIG_OWN_REGIONS_ENEMY"", ""group"": ""wh3_combi_tms_generator_group_horde"", ""priority"": 1, ""variable_group"": null}","{""generator"": ""CAI_TMS_TASK_GENERATOR_ATTACK_PROVINCES_NEIGHBOURNIG_OWN_REGIONS_ENEMY"", ""group"": ""wh3_combi_tms_generator_group_horde"", ""priority"": 92, ""variable_group"": null}"
cai_task_management_system_task_generator_groups_generators_junctions_tables,hecleas,OVERRIDE_SAME_AS_VANILLA,"[""wh3_combi_tms_generator_group_horde"", ""CAI_TMS_TASK_GENERATOR_ATTACK_RECENTLY_SACKED_SETTLEMENTS"", ""time_horizon_4""]",,"{""generator"": ""CAI_TMS_TASK_GENERATOR_ATTACK_RECENTLY_SACKED_SETTLEMENTS"", ""group"": ""wh3_combi_tms_generator_group_horde"", ""priority"": -5, ""variable_group"": ""time_horizon_4""}",null
cai_task_management_system_task_generator_groups_generators_junctions_tables,hecleas,OVERRIDE_CHANGED,"[""wh3_combi_tms_generator_group_horde"", ""CAI_TMS_TASK_GENERATOR_ATTACK_REGIONS_NEIGHBOURNIG_OWN_REGIONS_ENEMY"", null]",priority,"{""generator"": ""CAI_TMS_TASK_GENERATOR_ATTACK_REGIONS_NEIGHBOURNIG_OWN_REGIONS_ENEMY"", ""group"": ""wh3_combi_tms_generator_group_horde"", ""priority"": 1, ""variable_group"": null}","{""generator"": ""CAI_TMS_TASK_GENERATOR_ATTACK_REGIONS_NEIGHBOURNIG_OWN_REGIONS_ENEMY"", ""group"": ""wh3_combi_tms_generator_group_horde"", ""priority"": 80, ""variable_group"": null}"
cai_task_management_system_task_generator_groups_generators_junctions_tables,hecleas,OVERRIDE_CHANGED,"[""wh3_combi_tms_generator_group_horde"", ""CAI_TMS_TASK_GENERATOR_ATTACK_SETTLEMENTS_NEAR_OUR_FORCES"", null]",priority,"{""generator"": ""CAI_TMS_TASK_GENERATOR_ATTACK_SETTLEMENTS_NEAR_OUR_FORCES"", ""group"": ""wh3_combi_tms_generator_group_horde"", ""priority"": 1, ""variable_group"": null}","{""generator"": ""CAI_TMS_TASK_GENERATOR_ATTACK_SETTLEMENTS_NEAR_OUR_FORCES"", ""group"": ""wh3_combi_tms_generator_group_horde"", ""priority"": 90, ""variable_group"": null}"
cai_task_management_system_task_generator_groups_generators_junctions_tables,hecleas,OVERRIDE_SAME_AS_VANILLA,"[""wh3_combi_tms_generator_group_horde"", ""CAI_TMS_TASK_GENERATOR_ATTACK_SETTLEMENTS_UNDER_SIEGE_BY_NON_ALLIES"", null]",,"{""generator"": ""CAI_TMS_TASK_GENERATOR_ATTACK_SETTLEMENTS_UNDER_SIEGE_BY_NON_ALLIES"", ""group"": ""wh3_combi_tms_generator_group_horde"", ""priority"": -5, ""variable_group"": null}",null
cai_task_management_system_task_generator_groups_generators_junctions_tables,hecleas,OVERRIDE_CHANGED,"[""wh3_combi_tms_generator_group_horde"", ""CAI_TMS_TASK_GENERATOR_ATTACK_UNDEFENDED_ENEMY_SETTLEMENTS"", null]",priority,"{""generator"": ""CAI_TMS_TASK_GENERATOR_ATTACK_UNDEFENDED_ENEMY_SETTLEMENTS"", ""group"": ""wh3_combi_tms_generator_group_horde"", ""priority"": 1, ""variable_group"": null}","{""generator"": ""CAI_TMS_TASK_GENERATOR_ATTACK_UNDEFENDED_ENEMY_SETTLEMENTS"", ""group"": ""wh3_combi_tms_generator_group_horde"", ""priority"": 90, ""variable_group"": null}"
cai_task_management_system_task_generator_groups_generators_junctions_tables,hecleas,OVERRIDE_CHANGED,"[""wh3_combi_tms_generator_group_horde"", ""CAI_TMS_TASK_GENERATOR_FOLLOW_ARMY"", null]",priority,"{""generator"": ""CAI_TMS_TASK_GENERATOR_FOLLOW_ARMY"", ""group"": ""wh3_combi_tms_generator_group_horde"", ""priority"": 5, ""variable_group"": null}","{""generator"": ""CAI_TMS_TASK_GENERATOR_FOLLOW_ARMY"", ""group"": ""wh3_combi_tms_generator_group_horde"", ""priority"": 80, ""variable_group"": null}"
cai_task_management_system_task_generator_groups_generators_junctions_tables,hecleas,OVERRIDE_CHANGED,"[""wh3_combi_tms_generator_group_horde"", ""CAI_TMS_TASK_GENERATOR_HORDE_ENCAMP_IN_SAFE_REGION"", null]",priority,"{""generator"": ""CAI_TMS_TASK_GENERATOR_HORDE_ENCAMP_IN_SAFE_REGION"", ""group"": ""wh3_combi_tms_generator_group_horde"", ""priority"": 3, ""variable_group"": null}","{""generator"": ""CAI_TMS_TASK_GENERATOR_HORDE_ENCAMP_IN_SAFE_REGION"", ""group"": ""wh3_combi_tms_generator_group_horde"", ""priority"": 50, ""variable_group"": null}"
cai_task_management_system_task_generator_groups_generators_junctions_tables,hecleas,OVERRIDE_CHANGED,"[""wh3_combi_tms_generator_group_horde"", ""CAI_TMS_TASK_GENERATOR_HORDE_FOLLOW_LEAD_ARMY"", null]",priority,"{""generator"": ""CAI_TMS_TASK_GENERATOR_HORDE_FOLLOW_LEAD_ARMY"", ""group"": ""wh3_combi_tms_generator_group_horde"", ""priority"": 3, ""variable_group"": null}","{""generator"": ""CAI_TMS_TASK_GENERATOR_HORDE_FOLLOW_LEAD_ARMY"", ""group"": ""wh3_combi_tms_generator_group_horde"", ""priority"": 80, ""variable_group"": null}"
cai_task_management_system_task_generator_groups_generators_junctions_tables,hecleas,OVERRIDE_SAME_AS_VANILLA,"[""wh3_combi_tms_generator_group_horde"", ""CAI_TMS_TASK_GENERATOR_RAID_RECENTLY_SACKED_SETTLEMENTS"", ""time_horizon_4""]",,"{""generator"": ""CAI_TMS_TASK_GENERATOR_RAID_RECENTLY_SACKED_SETTLEMENTS"", ""group"": ""wh3_combi_tms_generator_group_horde"", ""priority"": -5, ""variable_group"": ""time_horizon_4""}",null
cai_task_management_system_task_generator_groups_generators_junctions_tables,hecleas,OVERRIDE_CHANGED,"[""wh3_combi_tms_generator_group_horde"", ""CAI_TMS_TASK_GENERATOR_RAID_SETTLEMENTS_NEAR_OUR_FORCES"", null]",priority,"{""generator"": ""CAI_TMS_TASK_GENERATOR_RAID_SETTLEMENTS_NEAR_OUR_FORCES"", ""group"": ""wh3_combi_tms_generator_group_horde"", ""priority"": 4, ""variable_group"": null}","{""generator"": ""CAI_TMS_TASK_GENERATOR_RAID_SETTLEMENTS_NEAR_OUR_FORCES"", ""group"": ""wh3_combi_tms_generator_group_horde"", ""priority"": 80, ""variable_group"": null}"
cai_task_management_system_task_generator_groups_generators_junctions_tables,hecleas,OVERRIDE_CHANGED,"[""wh3_combi_tms_generator_group_horde"", ""CAI_TMS_TASK_GENERATOR_RAID_UNSTABLE_REGIONS"", null]",priority,"{""generator"": ""CAI_TMS_TASK_GENERATOR_RAID_UNSTABLE_REGIONS"", ""group"": ""wh3_combi_tms_generator_group_horde"", ""priority"": 4, ""variable_group"": null}","{""generator"": ""CAI_TMS_TASK_GENERATOR_RAID_UNSTABLE_REGIONS"", ""group"": ""wh3_combi_tms_generator_group_horde"", ""priority"": 80, ""variable_group"": null}"
cai_task_management_system_task_generator_groups_generators_junctions_tables,hecleas,OVERRIDE_CHANGED,"[""wh3_combi_tms_generator_group_horde"", ""CAI_TMS_TASK_GENERATOR_RECRUIT_FROM_SPECIALISED_MERCENARY_POOLS"", null]",priority,"{""generator"": ""CAI_TMS_TASK_GENERATOR_RECRUIT_FROM_SPECIALISED_MERCENARY_POOLS"", ""group"": ""wh3_combi_tms_generator_group_horde"", ""priority"": 5, ""variable_group"": null}","{""generator"": ""CAI_TMS_TASK_GENERATOR_RECRUIT_FROM_SPECIALISED_MERCENARY_POOLS"", ""group"": ""wh3_combi_tms_generator_group_horde"", ""priority"": 80, ""variable_group"": null}"
cai_task_management_system_task_generator_groups_generators_junctions_tables,hecleas,OVERRIDE_CHANGED,"[""wh3_combi_tms_generator_group_horde"", ""CAI_TMS_TASK_GENERATOR_WAR_COORDINATION_ATTACK_FORCES"", null]",priority,"{""generator"": ""CAI_TMS_TASK_GENERATOR_WAR_COORDINATION_ATTACK_FORCES"", ""group"": ""wh3_combi_tms_generator_group_horde"", ""priority"": 10, ""variable_group"": null}","{""generator"": ""CAI_TMS_TASK_GENERATOR_WAR_COORDINATION_ATTACK_FORCES"", ""group"": ""wh3_combi_tms_generator_group_horde"", ""priority"": 92, ""variable_group"": null}"
cai_task_management_system_task_generator_groups_generators_junctions_tables,hecleas,OVERRIDE_CHANGED,"[""wh3_combi_tms_generator_group_horde"", ""CAI_TMS_TASK_GENERATOR_WAR_COORDINATION_ATTACK_REGIONS"", null]",priority,"{""generator"": ""CAI_TMS_TASK_GENERATOR_WAR_COORDINATION_ATTACK_REGIONS"", ""group"": ""wh3_combi_tms_generator_group_horde"", ""priority"": 10, ""variable_group"": null}","{""generator"": ""CAI_TMS_TASK_GENERATOR_WAR_COORDINATION_ATTACK_REGIONS"", ""group"": ""wh3_combi_tms_generator_group_horde"", ""priority"": 92, ""variable_group"": null}"
cai_task_management_system_task_generator_groups_generators_junctions_tables,hecleas,OVERRIDE_CHANGED,"[""wh3_combi_tms_generator_group_horde"", ""CAI_TMS_TASK_GENERATOR_WAR_COORDINATION_DEFEND_FORCES"", null]",priority,"{""generator"": ""CAI_TMS_TASK_GENERATOR_WAR_COORDINATION_DEFEND_FORCES"", ""group"": ""wh3_combi_tms_generator_group_horde"", ""priority"": 10, ""variable_group"": null}","{""generator"": ""CAI_TMS_TASK_GENERATOR_WAR_COORDINATION_DEFEND_FORCES"", ""group"": ""wh3_combi_tms_generator_group_horde"", ""priority"": 86, ""variable_group"": null}"
cai_task_management_system_task_generator_groups_generators_junctions_tables,hecleas,OVERRIDE_CHANGED,"[""wh3_combi_tms_generator_group_horde"", ""CAI_TMS_TASK_GENERATOR_WAR_COORDINATION_DEFEND_REGIONS"", null]",priority,"{""generator"": ""CAI_TMS_TASK_GENERATOR_WAR_COORDINATION_DEFEND_REGIONS"", ""group"": ""wh3_combi_tms_generator_group_horde"", ""priority"": 10, ""variable_group"": null}","{""generator"": ""CAI_TMS_TASK_GENERATOR_WAR_COORDINATION_DEFEND_REGIONS"", ""group"": ""wh3_combi_tms_generator_group_horde"", ""priority"": 86, ""variable_group"": null}"
cai_task_management_system_task_generator_groups_generators_junctions_tables,hecleas,OVERRIDE_CHANGED,"[""wh3_combi_tms_generator_group_khorne_specific_additive"", ""CAI_TMS_TASK_GENERATOR_WITHDRAW_LOW_WINDS_OF_MAGIC_ARMIES_TO_REGION"", null]",priority,"{""generator"": ""CAI_TMS_TASK_GENERATOR_WITHDRAW_LOW_WINDS_OF_MAGIC_ARMIES_TO_REGION"", ""group"": ""wh3_combi_tms_generator_group_khorne_specific_additive"", ""priority"": 3, ""variable_group"": null}","{""generator"": ""CAI_TMS_TASK_GENERATOR_WITHDRAW_LOW_WINDS_OF_MAGIC_ARMIES_TO_REGION"", ""group"": ""wh3_combi_tms_generator_group_khorne_specific_additive"", ""priority"": 70, ""variable_group"": null}"
cai_task_management_system_task_generator_groups_generators_junctions_tables,hecleas,OVERRIDE_CHANGED,"[""wh3_combi_tms_generator_group_kislev_specific_additive"", ""CAI_TMS_GDS_TASK_GENERATOR_TARGET_RIFTS_NEAR_OUR_REGIONS_IF_HAVENT_INTERACTED_ONLY_FULL_ARMY"", ""gds_poi_interaction_rift_teleport""]",priority,"{""generator"": ""CAI_TMS_GDS_TASK_GENERATOR_TARGET_RIFTS_NEAR_OUR_REGIONS_IF_HAVENT_INTERACTED_ONLY_FULL_ARMY"", ""group"": ""wh3_combi_tms_generator_group_kislev_specific_additive"", ""priority"": 8, ""variable_group"": ""gds_poi_interaction_rift_teleport""}","{""generator"": ""CAI_TMS_GDS_TASK_GENERATOR_TARGET_RIFTS_NEAR_OUR_REGIONS_IF_HAVENT_INTERACTED_ONLY_FULL_ARMY"", ""group"": ""wh3_combi_tms_generator_group_kislev_specific_additive"", ""priority"": 35, ""variable_group"": ""gds_poi_interaction_rift_teleport""}"
cai_task_management_system_task_generator_groups_generators_junctions_tables,hecleas,OVERRIDE_CHANGED,"[""wh3_combi_tms_generator_group_minor_additive"", ""CAI_TMS_TASK_GENERATOR_ATTACK_ALL_ENEMY_FORCES"", null]",priority,"{""generator"": ""CAI_TMS_TASK_GENERATOR_ATTACK_ALL_ENEMY_FORCES"", ""group"": ""wh3_combi_tms_generator_group_minor_additive"", ""priority"": -2, ""variable_group"": null}","{""generator"": ""CAI_TMS_TASK_GENERATOR_ATTACK_ALL_ENEMY_FORCES"", ""group"": ""wh3_combi_tms_generator_group_minor_additive"", ""priority"": 90, ""variable_group"": null}"
cai_task_management_system_task_generator_groups_generators_junctions_tables,hecleas,OVERRIDE_CHANGED,"[""wh3_combi_tms_generator_group_minor_additive"", ""CAI_TMS_TASK_GENERATOR_ATTACK_ALL_ENEMY_FORCES_NEAR_RECENTLY_LOST_ALLIED_HUMAN_REGION"", null]",priority,"{""generator"": ""CAI_TMS_TASK_GENERATOR_ATTACK_ALL_ENEMY_FORCES_NEAR_RECENTLY_LOST_ALLIED_HUMAN_REGION"", ""group"": ""wh3_combi_tms_generator_group_minor_additive"", ""priority"": 3, ""variable_group"": null}","{""generator"": ""CAI_TMS_TASK_GENERATOR_ATTACK_ALL_ENEMY_FORCES_NEAR_RECENTLY_LOST_ALLIED_HUMAN_REGION"", ""group"": ""wh3_combi_tms_generator_group_minor_additive"", ""priority"": 90, ""variable_group"": null}"
cai_task_management_system_task_generator_groups_generators_junctions_tables,hecleas,OVERRIDE_CHANGED,"[""wh3_combi_tms_generator_group_minor_additive"", ""CAI_TMS_TASK_GENERATOR_ATTACK_ALL_ENEMY_SETTLEMENTS"", null]",priority,"{""generator"": ""CAI_TMS_TASK_GENERATOR_ATTACK_ALL_ENEMY_SETTLEMENTS"", ""group"": ""wh3_combi_tms_generator_group_minor_additive"", ""priority"": -2, ""variable_group"": null}","{""generator"": ""CAI_TMS_TASK_GENERATOR_ATTACK_ALL_ENEMY_SETTLEMENTS"", ""group"": ""wh3_combi_tms_generator_group_minor_additive"", ""priority"": 90, ""variable_group"": null}"
cai_task_management_system_task_generator_groups_generators_junctions_tables,hecleas,OVERRIDE_CHANGED,"[""wh3_combi_tms_generator_group_naval_aggressor_additive"", ""CAI_TMS_TASK_GENERATOR_ATTACK_ENEMY_PORT_SETTLEMENTS"", null]",priority,"{""generator"": ""CAI_TMS_TASK_GENERATOR_ATTACK_ENEMY_PORT_SETTLEMENTS"", ""group"": ""wh3_combi_tms_generator_group_naval_aggressor_additive"", ""priority"": 4, ""variable_group"": null}","{""generator"": ""CAI_TMS_TASK_GENERATOR_ATTACK_ENEMY_PORT_SETTLEMENTS"", ""group"": ""wh3_combi_tms_generator_group_naval_aggressor_additive"", ""priority"": 90, ""variable_group"": null}"
cai_task_management_system_task_generator_groups_generators_junctions_tables,hecleas,OVERRIDE_CHANGED,"[""wh3_combi_tms_generator_group_norsca_specific_additive"", ""CAI_TMS_TASK_GENERATOR_ATTACK_ALL_ENEMY_FORCES"", null]",priority,"{""generator"": ""CAI_TMS_TASK_GENERATOR_ATTACK_ALL_ENEMY_FORCES"", ""group"": ""wh3_combi_tms_generator_group_norsca_specific_additive"", ""priority"": 3, ""variable_group"": null}","{""generator"": ""CAI_TMS_TASK_GENERATOR_ATTACK_ALL_ENEMY_FORCES"", ""group"": ""wh3_combi_tms_generator_group_norsca_specific_additive"", ""priority"": 90, ""variable_group"": null}"
cai_task_management_system_task_generator_groups_generators_junctions_tables,hecleas,OVERRIDE_CHANGED,"[""wh3_combi_tms_generator_group_norsca_specific_additive"", ""CAI_TMS_TASK_GENERATOR_ATTACK_ALL_ENEMY_SETTLEMENTS"", null]",priority,"{""generator"": ""CAI_TMS_TASK_GENERATOR_ATTACK_ALL_ENEMY_SETTLEMENTS"", ""group"": ""wh3_combi_tms_generator_group_norsca_specific_additive"", ""priority"": 3, ""variable_group"": null}","{""generator"": ""CAI_TMS_TASK_GENERATOR_ATTACK_ALL_ENEMY_SETTLEMENTS"", ""group"": ""wh3_combi_tms_generator_group_norsca_specific_additive"", ""priority"": 90, ""variable_group"": null}"
cai_task_management_system_task_generator_groups_generators_junctions_tables,hecleas,OVERRIDE_CHANGED,"[""wh3_combi_tms_generator_group_norsca_specific_additive"", ""CAI_TMS_TASK_GENERATOR_ATTACK_ENEMY_PORT_SETTLEMENTS"", null]",priority,"{""generator"": ""CAI_TMS_TASK_GENERATOR_ATTACK_ENEMY_PORT_SETTLEMENTS"", ""group"": ""wh3_combi_tms_generator_group_norsca_specific_additive"", ""priority"": 5, ""variable_group"": null}","{""generator"": ""CAI_TMS_TASK_GENERATOR_ATTACK_ENEMY_PORT_SETTLEMENTS"", ""group"": ""wh3_combi_tms_generator_group_norsca_specific_additive"", ""priority"": 90, ""variable_group"": null}"
cai_task_management_system_task_generator_groups_generators_junctions_tables,hecleas,OVERRIDE_CHANGED,"[""wh3_combi_tms_generator_group_norsca_specific_additive"", ""CAI_TMS_TASK_GENERATOR_RAID_SETTLEMENTS_NEAR_OUR_FORCES"", null]",priority,"{""generator"": ""CAI_TMS_TASK_GENERATOR_RAID_SETTLEMENTS_NEAR_OUR_FORCES"", ""group"": ""wh3_combi_tms_generator_group_norsca_specific_additive"", ""priority"": 2, ""variable_group"": null}","{""generator"": ""CAI_TMS_TASK_GENERATOR_RAID_SETTLEMENTS_NEAR_OUR_FORCES"", ""group"": ""wh3_combi_tms_generator_group_norsca_specific_additive"", ""priority"": 80, ""variable_group"": null}"
cai_task_management_system_task_generator_groups_generators_junctions_tables,hecleas,OVERRIDE_CHANGED,"[""wh3_combi_tms_generator_group_norsca_specific_additive"", ""CAI_TMS_TASK_GENERATOR_RAID_UNSTABLE_REGIONS"", null]",priority,"{""generator"": ""CAI_TMS_TASK_GENERATOR_RAID_UNSTABLE_REGIONS"", ""group"": ""wh3_combi_tms_generator_group_norsca_specific_additive"", ""priority"": 1, ""variable_group"": null}","{""generator"": ""CAI_TMS_TASK_GENERATOR_RAID_UNSTABLE_REGIONS"", ""group"": ""wh3_combi_tms_generator_group_norsca_specific_additive"", ""priority"": 80, ""variable_group"": null}"
cai_task_management_system_task_generator_groups_generators_junctions_tables,hecleas,OVERRIDE_CHANGED,"[""wh3_combi_tms_generator_group_norsca_vassal_additive"", ""CAI_TMS_GDS_TASK_GENERATOR_ATTACK_DARK_FORTRESS"", null]",priority,"{""generator"": ""CAI_TMS_GDS_TASK_GENERATOR_ATTACK_DARK_FORTRESS"", ""group"": ""wh3_combi_tms_generator_group_norsca_vassal_additive"", ""priority"": -2, ""variable_group"": null}","{""generator"": ""CAI_TMS_GDS_TASK_GENERATOR_ATTACK_DARK_FORTRESS"", ""group"": ""wh3_combi_tms_generator_group_norsca_vassal_additive"", ""priority"": 90, ""variable_group"": null}"
cai_task_management_system_task_generator_groups_generators_junctions_tables,hecleas,OVERRIDE_CHANGED,"[""wh3_combi_tms_generator_group_norsca_vassal_additive"", ""CAI_TMS_GDS_TASK_GENERATOR_COLONISE_ABANDONED_SETTLEMENTS_NEAR_OUR_FORCES"", null]",priority,"{""generator"": ""CAI_TMS_GDS_TASK_GENERATOR_COLONISE_ABANDONED_SETTLEMENTS_NEAR_OUR_FORCES"", ""group"": ""wh3_combi_tms_generator_group_norsca_vassal_additive"", ""priority"": 6, ""variable_group"": null}","{""generator"": ""CAI_TMS_GDS_TASK_GENERATOR_COLONISE_ABANDONED_SETTLEMENTS_NEAR_OUR_FORCES"", ""group"": ""wh3_combi_tms_generator_group_norsca_vassal_additive"", ""priority"": 90, ""variable_group"": null}"
cai_task_management_system_task_generator_groups_generators_junctions_tables,hecleas,OVERRIDE_CHANGED,"[""wh3_combi_tms_generator_group_norsca_vassal_additive"", ""CAI_TMS_TASK_GENERATOR_ACTIVELY_DEFEND_RECENTLY_CAPTURED_ALLIED_HUMAN_TERRITORY"", null]",priority,"{""generator"": ""CAI_TMS_TASK_GENERATOR_ACTIVELY_DEFEND_RECENTLY_CAPTURED_ALLIED_HUMAN_TERRITORY"", ""group"": ""wh3_combi_tms_generator_group_norsca_vassal_additive"", ""priority"": 4, ""variable_group"": null}","{""generator"": ""CAI_TMS_TASK_GENERATOR_ACTIVELY_DEFEND_RECENTLY_CAPTURED_ALLIED_HUMAN_TERRITORY"", ""group"": ""wh3_combi_tms_generator_group_norsca_vassal_additive"", ""priority"": 20, ""variable_group"": null}"
cai_task_management_system_task_generator_groups_generators_junctions_tables,hecleas,OVERRIDE_CHANGED,"[""wh3_combi_tms_generator_group_norsca_vassal_additive"", ""CAI_TMS_TASK_GENERATOR_ATTACK_ALL_ENEMY_FORCES"", null]",priority,"{""generator"": ""CAI_TMS_TASK_GENERATOR_ATTACK_ALL_ENEMY_FORCES"", ""group"": ""wh3_combi_tms_generator_group_norsca_vassal_additive"", ""priority"": -2, ""variable_group"": null}","{""generator"": ""CAI_TMS_TASK_GENERATOR_ATTACK_ALL_ENEMY_FORCES"", ""group"": ""wh3_combi_tms_generator_group_norsca_vassal_additive"", ""priority"": 90, ""variable_group"": null}"
cai_task_management_system_task_generator_groups_generators_junctions_tables,hecleas,OVERRIDE_CHANGED,"[""wh3_combi_tms_generator_group_norsca_vassal_additive"", ""CAI_TMS_TASK_GENERATOR_ATTACK_ALL_ENEMY_MAIN_THREAT_FORCES"", null]",priority,"{""generator"": ""CAI_TMS_TASK_GENERATOR_ATTACK_ALL_ENEMY_MAIN_THREAT_FORCES"", ""group"": ""wh3_combi_tms_generator_group_norsca_vassal_additive"", ""priority"": -3, ""variable_group"": null}","{""generator"": ""CAI_TMS_TASK_GENERATOR_ATTACK_ALL_ENEMY_MAIN_THREAT_FORCES"", ""group"": ""wh3_combi_tms_generator_group_norsca_vassal_additive"", ""priority"": 94, ""variable_group"": null}"
cai_task_management_system_task_generator_groups_generators_junctions_tables,hecleas,OVERRIDE_CHANGED,"[""wh3_combi_tms_generator_group_norsca_vassal_additive"", ""CAI_TMS_TASK_GENERATOR_ATTACK_ALL_ENEMY_MAIN_THREAT_SETTLEMENTS"", null]",priority,"{""generator"": ""CAI_TMS_TASK_GENERATOR_ATTACK_ALL_ENEMY_MAIN_THREAT_SETTLEMENTS"", ""group"": ""wh3_combi_tms_generator_group_norsca_vassal_additive"", ""priority"": -2, ""variable_group"": null}","{""generator"": ""CAI_TMS_TASK_GENERATOR_ATTACK_ALL_ENEMY_MAIN_THREAT_SETTLEMENTS"", ""group"": ""wh3_combi_tms_generator_group_norsca_vassal_additive"", ""priority"": 94, ""variable_group"": null}"
cai_task_management_system_task_generator_groups_generators_junctions_tables,hecleas,OVERRIDE_CHANGED,"[""wh3_combi_tms_generator_group_norsca_vassal_additive"", ""CAI_TMS_TASK_GENERATOR_ATTACK_ALL_ENEMY_SETTLEMENTS"", null]",priority,"{""generator"": ""CAI_TMS_TASK_GENERATOR_ATTACK_ALL_ENEMY_SETTLEMENTS"", ""group"": ""wh3_combi_tms_generator_group_norsca_vassal_additive"", ""priority"": -1, ""variable_group"": null}","{""generator"": ""CAI_TMS_TASK_GENERATOR_ATTACK_ALL_ENEMY_SETTLEMENTS"", ""group"": ""wh3_combi_tms_generator_group_norsca_vassal_additive"", ""priority"": 90, ""variable_group"": null}"
cai_task_management_system_task_generator_groups_generators_junctions_tables,hecleas,OVERRIDE_CHANGED,"[""wh3_combi_tms_generator_group_norsca_vassal_additive"", ""CAI_TMS_TASK_GENERATOR_ATTACK_ALL_ENEMY_SETTLEMENTS_IF_HAVENT_EXPANDED_RECENTLY"", null]",priority,"{""generator"": ""CAI_TMS_TASK_GENERATOR_ATTACK_ALL_ENEMY_SETTLEMENTS_IF_HAVENT_EXPANDED_RECENTLY"", ""group"": ""wh3_combi_tms_generator_group_norsca_vassal_additive"", ""priority"": -2, ""variable_group"": null}","{""generator"": ""CAI_TMS_TASK_GENERATOR_ATTACK_ALL_ENEMY_SETTLEMENTS_IF_HAVENT_EXPANDED_RECENTLY"", ""group"": ""wh3_combi_tms_generator_group_norsca_vassal_additive"", ""priority"": 90, ""variable_group"": null}"
cai_task_management_system_task_generator_groups_generators_junctions_tables,hecleas,OVERRIDE_CHANGED,"[""wh3_combi_tms_generator_group_norsca_vassal_additive"", ""CAI_TMS_TASK_GENERATOR_ATTACK_ALL_LOCAL_FORCES_SIZE_SCALED"", null]",priority,"{""generator"": ""CAI_TMS_TASK_GENERATOR_ATTACK_ALL_LOCAL_FORCES_SIZE_SCALED"", ""group"": ""wh3_combi_tms_generator_group_norsca_vassal_additive"", ""priority"": 1, ""variable_group"": null}","{""generator"": ""CAI_TMS_TASK_GENERATOR_ATTACK_ALL_LOCAL_FORCES_SIZE_SCALED"", ""group"": ""wh3_combi_tms_generator_group_norsca_vassal_additive"", ""priority"": 90, ""variable_group"": null}"
cai_task_management_system_task_generator_groups_generators_junctions_tables,hecleas,OVERRIDE_CHANGED,"[""wh3_combi_tms_generator_group_norsca_vassal_additive"", ""CAI_TMS_TASK_GENERATOR_ATTACK_ENEMY_PORT_SETTLEMENTS"", null]",priority,"{""generator"": ""CAI_TMS_TASK_GENERATOR_ATTACK_ENEMY_PORT_SETTLEMENTS"", ""group"": ""wh3_combi_tms_generator_group_norsca_vassal_additive"", ""priority"": -2, ""variable_group"": null}","{""generator"": ""CAI_TMS_TASK_GENERATOR_ATTACK_ENEMY_PORT_SETTLEMENTS"", ""group"": ""wh3_combi_tms_generator_group_norsca_vassal_additive"", ""priority"": 90, ""variable_group"": null}"
cai_task_management_system_task_generator_groups_generators_junctions_tables,hecleas,OVERRIDE_CHANGED,"[""wh3_combi_tms_generator_group_norsca_vassal_additive"", ""CAI_TMS_TASK_GENERATOR_ATTACK_ENEMY_SETTLEMENTS_LOCAL_TO_OUR_FORCES_THAT_ARE_BESIEGED_BY_OUR_ALLIES"", null]",priority,"{""generator"": ""CAI_TMS_TASK_GENERATOR_ATTACK_ENEMY_SETTLEMENTS_LOCAL_TO_OUR_FORCES_THAT_ARE_BESIEGED_BY_OUR_ALLIES"", ""group"": ""wh3_combi_tms_generator_group_norsca_vassal_additive"", ""priority"": 2, ""variable_group"": null}","{""generator"": ""CAI_TMS_TASK_GENERATOR_ATTACK_ENEMY_SETTLEMENTS_LOCAL_TO_OUR_FORCES_THAT_ARE_BESIEGED_BY_OUR_ALLIES"", ""group"": ""wh3_combi_tms_generator_group_norsca_vassal_additive"", ""priority"": 90, ""variable_group"": null}"
cai_task_management_system_task_generator_groups_generators_junctions_tables,hecleas,OVERRIDE_CHANGED,"[""wh3_combi_tms_generator_group_norsca_vassal_additive"", ""CAI_TMS_TASK_GENERATOR_ATTACK_NEIGHBOURING_WAR_REGIONS"", null]",priority,"{""generator"": ""CAI_TMS_TASK_GENERATOR_ATTACK_NEIGHBOURING_WAR_REGIONS"", ""group"": ""wh3_combi_tms_generator_group_norsca_vassal_additive"", ""priority"": 1, ""variable_group"": null}","{""generator"": ""CAI_TMS_TASK_GENERATOR_ATTACK_NEIGHBOURING_WAR_REGIONS"", ""group"": ""wh3_combi_tms_generator_group_norsca_vassal_additive"", ""priority"": 92, ""variable_group"": null}"
cai_task_management_system_task_generator_groups_generators_junctions_tables,hecleas,OVERRIDE_CHANGED,"[""wh3_combi_tms_generator_group_norsca_vassal_additive"", ""CAI_TMS_TASK_GENERATOR_ATTACK_REGIONS_NEIGHBOURNIG_OWN_REGIONS_ABANDONED"", null]",priority,"{""generator"": ""CAI_TMS_TASK_GENERATOR_ATTACK_REGIONS_NEIGHBOURNIG_OWN_REGIONS_ABANDONED"", ""group"": ""wh3_combi_tms_generator_group_norsca_vassal_additive"", ""priority"": 8, ""variable_group"": null}","{""generator"": ""CAI_TMS_TASK_GENERATOR_ATTACK_REGIONS_NEIGHBOURNIG_OWN_REGIONS_ABANDONED"", ""group"": ""wh3_combi_tms_generator_group_norsca_vassal_additive"", ""priority"": 80, ""variable_group"": null}"
cai_task_management_system_task_generator_groups_generators_junctions_tables,hecleas,OVERRIDE_CHANGED,"[""wh3_combi_tms_generator_group_norsca_vassal_additive"", ""CAI_TMS_TASK_GENERATOR_ATTACK_UNSUITABLE_CLIMATE_REGIONS"", null]",priority,"{""generator"": ""CAI_TMS_TASK_GENERATOR_ATTACK_UNSUITABLE_CLIMATE_REGIONS"", ""group"": ""wh3_combi_tms_generator_group_norsca_vassal_additive"", ""priority"": 1, ""variable_group"": null}","{""generator"": ""CAI_TMS_TASK_GENERATOR_ATTACK_UNSUITABLE_CLIMATE_REGIONS"", ""group"": ""wh3_combi_tms_generator_group_norsca_vassal_additive"", ""priority"": 90, ""variable_group"": null}"
cai_task_management_system_task_generator_groups_generators_junctions_tables,hecleas,OVERRIDE_CHANGED,"[""wh3_combi_tms_generator_group_norsca_vassal_additive"", ""CAI_TMS_TASK_GENERATOR_COMPLETE_PROVINCE"", null]",priority,"{""generator"": ""CAI_TMS_TASK_GENERATOR_COMPLETE_PROVINCE"", ""group"": ""wh3_combi_tms_generator_group_norsca_vassal_additive"", ""priority"": 1, ""variable_group"": null}","{""generator"": ""CAI_TMS_TASK_GENERATOR_COMPLETE_PROVINCE"", ""group"": ""wh3_combi_tms_generator_group_norsca_vassal_additive"", ""priority"": 80, ""variable_group"": null}"
cai_task_management_system_task_generator_groups_generators_junctions_tables,hecleas,OVERRIDE_CHANGED,"[""wh3_combi_tms_generator_group_norsca_vassal_additive"", ""CAI_TMS_TASK_GENERATOR_RECAPTURE_RECENTLY_LOST_TERRITORY"", null]",priority,"{""generator"": ""CAI_TMS_TASK_GENERATOR_RECAPTURE_RECENTLY_LOST_TERRITORY"", ""group"": ""wh3_combi_tms_generator_group_norsca_vassal_additive"", ""priority"": 2, ""variable_group"": null}","{""generator"": ""CAI_TMS_TASK_GENERATOR_RECAPTURE_RECENTLY_LOST_TERRITORY"", ""group"": ""wh3_combi_tms_generator_group_norsca_vassal_additive"", ""priority"": 100, ""variable_group"": null}"
cai_task_management_system_task_generator_groups_generators_junctions_tables,hecleas,OVERRIDE_CHANGED,"[""wh3_combi_tms_generator_group_norsca_vassal_additive"", ""CAI_TMS_TASK_GENERATOR_WAR_COORDINATION_ATTACK_FORCES"", null]",priority,"{""generator"": ""CAI_TMS_TASK_GENERATOR_WAR_COORDINATION_ATTACK_FORCES"", ""group"": ""wh3_combi_tms_generator_group_norsca_vassal_additive"", ""priority"": 4, ""variable_group"": null}","{""generator"": ""CAI_TMS_TASK_GENERATOR_WAR_COORDINATION_ATTACK_FORCES"", ""group"": ""wh3_combi_tms_generator_group_norsca_vassal_additive"", ""priority"": 92, ""variable_group"": null}"
cai_task_management_system_task_generator_groups_generators_junctions_tables,hecleas,OVERRIDE_CHANGED,"[""wh3_combi_tms_generator_group_norsca_vassal_additive"", ""CAI_TMS_TASK_GENERATOR_WAR_COORDINATION_ATTACK_REGIONS"", null]",priority,"{""generator"": ""CAI_TMS_TASK_GENERATOR_WAR_COORDINATION_ATTACK_REGIONS"", ""group"": ""wh3_combi_tms_generator_group_norsca_vassal_additive"", ""priority"": 4, ""variable_group"": null}","{""generator"": ""CAI_TMS_TASK_GENERATOR_WAR_COORDINATION_ATTACK_REGIONS"", ""group"": ""wh3_combi_tms_generator_group_norsca_vassal_additive"", ""priority"": 92, ""variable_group"": null}"
cai_task_management_system_task_generator_groups_generators_junctions_tables,hecleas,OVERRIDE_CHANGED,"[""wh3_combi_tms_generator_group_norsca_vassal_additive"", ""CAI_TMS_TASK_GENERATOR_WAR_COORDINATION_DEFEND_FORCES"", null]",priority,"{""generator"": ""CAI_TMS_TASK_GENERATOR_WAR_COORDINATION_DEFEND_FORCES"", ""group"": ""wh3_combi_tms_generator_group_norsca_vassal_additive"", ""priority"": 4, ""variable_group"": null}","{""generator"": ""CAI_TMS_TASK_GENERATOR_WAR_COORDINATION_DEFEND_FORCES"", ""group"": ""wh3_combi_tms_generator_group_norsca_vassal_additive"", ""priority"": 86, ""variable_group"": null}"
cai_task_management_system_task_generator_groups_generators_junctions_tables,hecleas,OVERRIDE_CHANGED,"[""wh3_combi_tms_generator_group_norsca_vassal_additive"", ""CAI_TMS_TASK_GENERATOR_WAR_COORDINATION_DEFEND_REGIONS"", null]",priority,"{""generator"": ""CAI_TMS_TASK_GENERATOR_WAR_COORDINATION_DEFEND_REGIONS"", ""group"": ""wh3_combi_tms_generator_group_norsca_vassal_additive"", ""priority"": 4, ""variable_group"": null}","{""generator"": ""CAI_TMS_TASK_GENERATOR_WAR_COORDINATION_DEFEND_REGIONS"", ""group"": ""wh3_combi_tms_generator_group_norsca_vassal_additive"", ""priority"": 86, ""variable_group"": null}"
cai_task_management_system_task_generator_groups_generators_junctions_tables,hecleas,OVERRIDE_CHANGED,"[""wh3_combi_tms_generator_group_nurgle_specific_additive"", ""CAI_TMS_GDS_TASK_GENERATOR_AGENT_TARGET_ARMY_SPREAD_PLAGUE_BUBOES"", null]",priority,"{""generator"": ""CAI_TMS_GDS_TASK_GENERATOR_AGENT_TARGET_ARMY_SPREAD_PLAGUE_BUBOES"", ""group"": ""wh3_combi_tms_generator_group_nurgle_specific_additive"", ""priority"": 20, ""variable_group"": null}","{""generator"": ""CAI_TMS_GDS_TASK_GENERATOR_AGENT_TARGET_ARMY_SPREAD_PLAGUE_BUBOES"", ""group"": ""wh3_combi_tms_generator_group_nurgle_specific_additive"", ""priority"": 80, ""variable_group"": null}"
cai_task_management_system_task_generator_groups_generators_junctions_tables,hecleas,OVERRIDE_CHANGED,"[""wh3_combi_tms_generator_group_nurgle_specific_additive"", ""CAI_TMS_GDS_TASK_GENERATOR_AGENT_TARGET_ARMY_SPREAD_PLAGUE_ROT"", null]",priority,"{""generator"": ""CAI_TMS_GDS_TASK_GENERATOR_AGENT_TARGET_ARMY_SPREAD_PLAGUE_ROT"", ""group"": ""wh3_combi_tms_generator_group_nurgle_specific_additive"", ""priority"": 20, ""variable_group"": null}","{""generator"": ""CAI_TMS_GDS_TASK_GENERATOR_AGENT_TARGET_ARMY_SPREAD_PLAGUE_ROT"", ""group"": ""wh3_combi_tms_generator_group_nurgle_specific_additive"", ""priority"": 80, ""variable_group"": null}"
cai_task_management_system_task_generator_groups_generators_junctions_tables,hecleas,OVERRIDE_CHANGED,"[""wh3_combi_tms_generator_group_nurgle_specific_additive"", ""CAI_TMS_GDS_TASK_GENERATOR_AGENT_TARGET_SETTLEMENT_SPREAD_PLAGUE_ROT"", null]",priority,"{""generator"": ""CAI_TMS_GDS_TASK_GENERATOR_AGENT_TARGET_SETTLEMENT_SPREAD_PLAGUE_ROT"", ""group"": ""wh3_combi_tms_generator_group_nurgle_specific_additive"", ""priority"": 100, ""variable_group"": null}","{""generator"": ""CAI_TMS_GDS_TASK_GENERATOR_AGENT_TARGET_SETTLEMENT_SPREAD_PLAGUE_ROT"", ""group"": ""wh3_combi_tms_generator_group_nurgle_specific_additive"", ""priority"": 90, ""variable_group"": null}"
cai_task_management_system_task_generator_groups_generators_junctions_tables,hecleas,OVERRIDE_CHANGED,"[""wh3_combi_tms_generator_group_nurgle_specific_additive"", ""CAI_TMS_TASK_GENERATOR_WITHDRAW_LOW_WINDS_OF_MAGIC_ARMIES_TO_REGION"", null]",priority,"{""generator"": ""CAI_TMS_TASK_GENERATOR_WITHDRAW_LOW_WINDS_OF_MAGIC_ARMIES_TO_REGION"", ""group"": ""wh3_combi_tms_generator_group_nurgle_specific_additive"", ""priority"": 5, ""variable_group"": null}","{""generator"": ""CAI_TMS_TASK_GENERATOR_WITHDRAW_LOW_WINDS_OF_MAGIC_ARMIES_TO_REGION"", ""group"": ""wh3_combi_tms_generator_group_nurgle_specific_additive"", ""priority"": 70, ""variable_group"": null}"
cai_task_management_system_task_generator_groups_generators_junctions_tables,hecleas,OVERRIDE_CHANGED,"[""wh3_combi_tms_generator_group_opportunistic_additive"", ""CAI_TMS_TASK_GENERATOR_ATTACK_ALL_ENEMY_FORCES"", null]",priority,"{""generator"": ""CAI_TMS_TASK_GENERATOR_ATTACK_ALL_ENEMY_FORCES"", ""group"": ""wh3_combi_tms_generator_group_opportunistic_additive"", ""priority"": -2, ""variable_group"": null}","{""generator"": ""CAI_TMS_TASK_GENERATOR_ATTACK_ALL_ENEMY_FORCES"", ""group"": ""wh3_combi_tms_generator_group_opportunistic_additive"", ""priority"": 90, ""variable_group"": null}"
cai_task_management_system_task_generator_groups_generators_junctions_tables,hecleas,OVERRIDE_CHANGED,"[""wh3_combi_tms_generator_group_opportunistic_additive"", ""CAI_TMS_TASK_GENERATOR_ATTACK_ALL_ENEMY_SETTLEMENTS"", null]",priority,"{""generator"": ""CAI_TMS_TASK_GENERATOR_ATTACK_ALL_ENEMY_SETTLEMENTS"", ""group"": ""wh3_combi_tms_generator_group_opportunistic_additive"", ""priority"": -2, ""variable_group"": null}","{""generator"": ""CAI_TMS_TASK_GENERATOR_ATTACK_ALL_ENEMY_SETTLEMENTS"", ""group"": ""wh3_combi_tms_generator_group_opportunistic_additive"", ""priority"": 90, ""variable_group"": null}"
cai_task_management_system_task_generator_groups_generators_junctions_tables,hecleas,OVERRIDE_CHANGED,"[""wh3_combi_tms_generator_group_opportunistic_additive"", ""CAI_TMS_TASK_GENERATOR_ATTACK_UNDEFENDED_ENEMY_SETTLEMENTS"", null]",priority,"{""generator"": ""CAI_TMS_TASK_GENERATOR_ATTACK_UNDEFENDED_ENEMY_SETTLEMENTS"", ""group"": ""wh3_combi_tms_generator_group_opportunistic_additive"", ""priority"": 5, ""variable_group"": null}","{""generator"": ""CAI_TMS_TASK_GENERATOR_ATTACK_UNDEFENDED_ENEMY_SETTLEMENTS"", ""group"": ""wh3_combi_tms_generator_group_opportunistic_additive"", ""priority"": 90, ""variable_group"": null}"
cai_task_management_system_task_generator_groups_generators_junctions_tables,hecleas,OVERRIDE_CHANGED,"[""wh3_combi_tms_generator_group_passive"", ""CAI_TMS_GDS_TASK_GENERATOR_DEFEND_OWN_REGIONS"", null]",priority,"{""generator"": ""CAI_TMS_GDS_TASK_GENERATOR_DEFEND_OWN_REGIONS"", ""group"": ""wh3_combi_tms_generator_group_passive"", ""priority"": 1, ""variable_group"": null}","{""generator"": ""CAI_TMS_GDS_TASK_GENERATOR_DEFEND_OWN_REGIONS"", ""group"": ""wh3_combi_tms_generator_group_passive"", ""priority"": 30, ""variable_group"": null}"
cai_task_management_system_task_generator_groups_generators_junctions_tables,hecleas,OVERRIDE_CHANGED,"[""wh3_combi_tms_generator_group_passive"", ""CAI_TMS_GDS_TASK_GENERATOR_DEFEND_REGIONS_NEIGHBOURING_ENEMY"", null]",priority,"{""generator"": ""CAI_TMS_GDS_TASK_GENERATOR_DEFEND_REGIONS_NEIGHBOURING_ENEMY"", ""group"": ""wh3_combi_tms_generator_group_passive"", ""priority"": 1, ""variable_group"": null}","{""generator"": ""CAI_TMS_GDS_TASK_GENERATOR_DEFEND_REGIONS_NEIGHBOURING_ENEMY"", ""group"": ""wh3_combi_tms_generator_group_passive"", ""priority"": 80, ""variable_group"": null}"
cai_task_management_system_task_generator_groups_generators_junctions_tables,hecleas,OVERRIDE_CHANGED,"[""wh3_combi_tms_generator_group_passive"", ""CAI_TMS_GDS_TASK_GENERATOR_WITHDRAW_TO_CAPITOL_WHEN_TRESPASS_WARNED"", null]",priority,"{""generator"": ""CAI_TMS_GDS_TASK_GENERATOR_WITHDRAW_TO_CAPITOL_WHEN_TRESPASS_WARNED"", ""group"": ""wh3_combi_tms_generator_group_passive"", ""priority"": 15, ""variable_group"": null}","{""generator"": ""CAI_TMS_GDS_TASK_GENERATOR_WITHDRAW_TO_CAPITOL_WHEN_TRESPASS_WARNED"", ""group"": ""wh3_combi_tms_generator_group_passive"", ""priority"": 30, ""variable_group"": null}"
cai_task_management_system_task_generator_groups_generators_junctions_tables,hecleas,OVERRIDE_CHANGED,"[""wh3_combi_tms_generator_group_passive"", ""CAI_TMS_TASK_GENERATOR_ACTIVELY_DEFEND_CAPITAL"", null]",priority,"{""generator"": ""CAI_TMS_TASK_GENERATOR_ACTIVELY_DEFEND_CAPITAL"", ""group"": ""wh3_combi_tms_generator_group_passive"", ""priority"": 0.80000001, ""variable_group"": null}","{""generator"": ""CAI_TMS_TASK_GENERATOR_ACTIVELY_DEFEND_CAPITAL"", ""group"": ""wh3_combi_tms_generator_group_passive"", ""priority"": 25, ""variable_group"": null}"
cai_task_management_system_task_generator_groups_generators_junctions_tables,hecleas,OVERRIDE_CHANGED,"[""wh3_combi_tms_generator_group_passive"", ""CAI_TMS_TASK_GENERATOR_ACTIVELY_DEFEND_RECENTLY_CAPTURED_ALLIED_HUMAN_TERRITORY"", null]",priority,"{""generator"": ""CAI_TMS_TASK_GENERATOR_ACTIVELY_DEFEND_RECENTLY_CAPTURED_ALLIED_HUMAN_TERRITORY"", ""group"": ""wh3_combi_tms_generator_group_passive"", ""priority"": 4, ""variable_group"": null}","{""generator"": ""CAI_TMS_TASK_GENERATOR_ACTIVELY_DEFEND_RECENTLY_CAPTURED_ALLIED_HUMAN_TERRITORY"", ""group"": ""wh3_combi_tms_generator_group_passive"", ""priority"": 20, ""variable_group"": null}"
cai_task_management_system_task_generator_groups_generators_junctions_tables,hecleas,OVERRIDE_CHANGED,"[""wh3_combi_tms_generator_group_passive"", ""CAI_TMS_TASK_GENERATOR_ACTIVELY_DEFEND_REGIONS_NEIGHBOURING_ENEMY_MAIN_THREAT"", null]",priority,"{""generator"": ""CAI_TMS_TASK_GENERATOR_ACTIVELY_DEFEND_REGIONS_NEIGHBOURING_ENEMY_MAIN_THREAT"", ""group"": ""wh3_combi_tms_generator_group_passive"", ""priority"": 1, ""variable_group"": null}","{""generator"": ""CAI_TMS_TASK_GENERATOR_ACTIVELY_DEFEND_REGIONS_NEIGHBOURING_ENEMY_MAIN_THREAT"", ""group"": ""wh3_combi_tms_generator_group_passive"", ""priority"": 90, ""variable_group"": null}"
cai_task_management_system_task_generator_groups_generators_junctions_tables,hecleas,OVERRIDE_CHANGED,"[""wh3_combi_tms_generator_group_passive"", ""CAI_TMS_TASK_GENERATOR_ACTIVELY_DEFEND_REGIONS_NEIGHBOURING_MAIN_THREAT"", null]",priority,"{""generator"": ""CAI_TMS_TASK_GENERATOR_ACTIVELY_DEFEND_REGIONS_NEIGHBOURING_MAIN_THREAT"", ""group"": ""wh3_combi_tms_generator_group_passive"", ""priority"": 1, ""variable_group"": null}","{""generator"": ""CAI_TMS_TASK_GENERATOR_ACTIVELY_DEFEND_REGIONS_NEIGHBOURING_MAIN_THREAT"", ""group"": ""wh3_combi_tms_generator_group_passive"", ""priority"": 50, ""variable_group"": null}"
cai_task_management_system_task_generator_groups_generators_junctions_tables,hecleas,OVERRIDE_CHANGED,"[""wh3_combi_tms_generator_group_passive"", ""CAI_TMS_TASK_GENERATOR_ATTACK_ALL_ENEMY_FORCES"", null]",priority,"{""generator"": ""CAI_TMS_TASK_GENERATOR_ATTACK_ALL_ENEMY_FORCES"", ""group"": ""wh3_combi_tms_generator_group_passive"", ""priority"": 1, ""variable_group"": null}","{""generator"": ""CAI_TMS_TASK_GENERATOR_ATTACK_ALL_ENEMY_FORCES"", ""group"": ""wh3_combi_tms_generator_group_passive"", ""priority"": 90, ""variable_group"": null}"
cai_task_management_system_task_generator_groups_generators_junctions_tables,hecleas,OVERRIDE_CHANGED,"[""wh3_combi_tms_generator_group_passive"", ""CAI_TMS_TASK_GENERATOR_ATTACK_ALL_ENEMY_HUMAN_FORCES_NEAR_RECENTLY_LOST_ALLIED_REGION"", null]",priority,"{""generator"": ""CAI_TMS_TASK_GENERATOR_ATTACK_ALL_ENEMY_HUMAN_FORCES_NEAR_RECENTLY_LOST_ALLIED_REGION"", ""group"": ""wh3_combi_tms_generator_group_passive"", ""priority"": 0.40000001, ""variable_group"": null}","{""generator"": ""CAI_TMS_TASK_GENERATOR_ATTACK_ALL_ENEMY_HUMAN_FORCES_NEAR_RECENTLY_LOST_ALLIED_REGION"", ""group"": ""wh3_combi_tms_generator_group_passive"", ""priority"": 90, ""variable_group"": null}"
cai_task_management_system_task_generator_groups_generators_junctions_tables,hecleas,OVERRIDE_CHANGED,"[""wh3_combi_tms_generator_group_passive"", ""CAI_TMS_TASK_GENERATOR_ATTACK_ALL_ENEMY_MAIN_THREAT_FORCES"", null]",priority,"{""generator"": ""CAI_TMS_TASK_GENERATOR_ATTACK_ALL_ENEMY_MAIN_THREAT_FORCES"", ""group"": ""wh3_combi_tms_generator_group_passive"", ""priority"": 1, ""variable_group"": null}","{""generator"": ""CAI_TMS_TASK_GENERATOR_ATTACK_ALL_ENEMY_MAIN_THREAT_FORCES"", ""group"": ""wh3_combi_tms_generator_group_passive"", ""priority"": 94, ""variable_group"": null}"
cai_task_management_system_task_generator_groups_generators_junctions_tables,hecleas,OVERRIDE_CHANGED,"[""wh3_combi_tms_generator_group_passive"", ""CAI_TMS_TASK_GENERATOR_ATTACK_ALL_ENEMY_SETTLEMENTS_IF_HAVENT_EXPANDED_RECENTLY"", ""timed_priority_boost_quick""]",priority,"{""generator"": ""CAI_TMS_TASK_GENERATOR_ATTACK_ALL_ENEMY_SETTLEMENTS_IF_HAVENT_EXPANDED_RECENTLY"", ""group"": ""wh3_combi_tms_generator_group_passive"", ""priority"": 3, ""variable_group"": ""timed_priority_boost_quick""}","{""generator"": ""CAI_TMS_TASK_GENERATOR_ATTACK_ALL_ENEMY_SETTLEMENTS_IF_HAVENT_EXPANDED_RECENTLY"", ""group"": ""wh3_combi_tms_generator_group_passive"", ""priority"": 90, ""variable_group"": ""timed_priority_boost_quick""}"
cai_task_management_system_task_generator_groups_generators_junctions_tables,hecleas,OVERRIDE_CHANGED,"[""wh3_combi_tms_generator_group_passive"", ""CAI_TMS_TASK_GENERATOR_ATTACK_ALL_LOCAL_AGENTS_LEVEL_SCALED"", null]",priority,"{""generator"": ""CAI_TMS_TASK_GENERATOR_ATTACK_ALL_LOCAL_AGENTS_LEVEL_SCALED"", ""group"": ""wh3_combi_tms_generator_group_passive"", ""priority"": 1, ""variable_group"": null}","{""generator"": ""CAI_TMS_TASK_GENERATOR_ATTACK_ALL_LOCAL_AGENTS_LEVEL_SCALED"", ""group"": ""wh3_combi_tms_generator_group_passive"", ""priority"": 80, ""variable_group"": null}"
cai_task_management_system_task_generator_groups_generators_junctions_tables,hecleas,OVERRIDE_CHANGED,"[""wh3_combi_tms_generator_group_passive"", ""CAI_TMS_TASK_GENERATOR_ATTACK_ALL_LOCAL_FORCES_SIZE_SCALED"", null]",priority,"{""generator"": ""CAI_TMS_TASK_GENERATOR_ATTACK_ALL_LOCAL_FORCES_SIZE_SCALED"", ""group"": ""wh3_combi_tms_generator_group_passive"", ""priority"": 1, ""variable_group"": null}","{""generator"": ""CAI_TMS_TASK_GENERATOR_ATTACK_ALL_LOCAL_FORCES_SIZE_SCALED"", ""group"": ""wh3_combi_tms_generator_group_passive"", ""priority"": 90, ""variable_group"": null}"
cai_task_management_system_task_generator_groups_generators_junctions_tables,hecleas,OVERRIDE_CHANGED,"[""wh3_combi_tms_generator_group_passive"", ""CAI_TMS_TASK_GENERATOR_ATTACK_NEIGHBOURING_WAR_REGIONS"", null]",priority,"{""generator"": ""CAI_TMS_TASK_GENERATOR_ATTACK_NEIGHBOURING_WAR_REGIONS"", ""group"": ""wh3_combi_tms_generator_group_passive"", ""priority"": 1, ""variable_group"": null}","{""generator"": ""CAI_TMS_TASK_GENERATOR_ATTACK_NEIGHBOURING_WAR_REGIONS"", ""group"": ""wh3_combi_tms_generator_group_passive"", ""priority"": 92, ""variable_group"": null}"
cai_task_management_system_task_generator_groups_generators_junctions_tables,hecleas,OVERRIDE_CHANGED,"[""wh3_combi_tms_generator_group_passive"", ""CAI_TMS_TASK_GENERATOR_ATTACK_TAGGING_FACTION_AGENTS_WITH_TAGGED_AGENTS"", null]",priority,"{""generator"": ""CAI_TMS_TASK_GENERATOR_ATTACK_TAGGING_FACTION_AGENTS_WITH_TAGGED_AGENTS"", ""group"": ""wh3_combi_tms_generator_group_passive"", ""priority"": 1, ""variable_group"": null}","{""generator"": ""CAI_TMS_TASK_GENERATOR_ATTACK_TAGGING_FACTION_AGENTS_WITH_TAGGED_AGENTS"", ""group"": ""wh3_combi_tms_generator_group_passive"", ""priority"": 80, ""variable_group"": null}"
cai_task_management_system_task_generator_groups_generators_junctions_tables,hecleas,OVERRIDE_CHANGED,"[""wh3_combi_tms_generator_group_passive"", ""CAI_TMS_TASK_GENERATOR_ATTACK_TAGGING_FACTION_FORCES_WITH_TAGGED_FORCES"", null]",priority,"{""generator"": ""CAI_TMS_TASK_GENERATOR_ATTACK_TAGGING_FACTION_FORCES_WITH_TAGGED_FORCES"", ""group"": ""wh3_combi_tms_generator_group_passive"", ""priority"": 1, ""variable_group"": null}","{""generator"": ""CAI_TMS_TASK_GENERATOR_ATTACK_TAGGING_FACTION_FORCES_WITH_TAGGED_FORCES"", ""group"": ""wh3_combi_tms_generator_group_passive"", ""priority"": 90, ""variable_group"": null}"
cai_task_management_system_task_generator_groups_generators_junctions_tables,hecleas,OVERRIDE_CHANGED,"[""wh3_combi_tms_generator_group_passive"", ""CAI_TMS_TASK_GENERATOR_COMPLETE_PROVINCE"", null]",priority,"{""generator"": ""CAI_TMS_TASK_GENERATOR_COMPLETE_PROVINCE"", ""group"": ""wh3_combi_tms_generator_group_passive"", ""priority"": 1, ""variable_group"": null}","{""generator"": ""CAI_TMS_TASK_GENERATOR_COMPLETE_PROVINCE"", ""group"": ""wh3_combi_tms_generator_group_passive"", ""priority"": 80, ""variable_group"": null}"
cai_task_management_system_task_generator_groups_generators_junctions_tables,hecleas,OVERRIDE_CHANGED,"[""wh3_combi_tms_generator_group_passive"", ""CAI_TMS_TASK_GENERATOR_DEFEND_OWNED_REGIONS"", null]",priority,"{""generator"": ""CAI_TMS_TASK_GENERATOR_DEFEND_OWNED_REGIONS"", ""group"": ""wh3_combi_tms_generator_group_passive"", ""priority"": 1, ""variable_group"": null}","{""generator"": ""CAI_TMS_TASK_GENERATOR_DEFEND_OWNED_REGIONS"", ""group"": ""wh3_combi_tms_generator_group_passive"", ""priority"": 30, ""variable_group"": null}"
cai_task_management_system_task_generator_groups_generators_junctions_tables,hecleas,OVERRIDE_CHANGED,"[""wh3_combi_tms_generator_group_passive"", ""CAI_TMS_TASK_GENERATOR_SALLY_OUT_BEFORE_SETTLEMENT_LOSS"", null]",priority,"{""generator"": ""CAI_TMS_TASK_GENERATOR_SALLY_OUT_BEFORE_SETTLEMENT_LOSS"", ""group"": ""wh3_combi_tms_generator_group_passive"", ""priority"": 1, ""variable_group"": null}","{""generator"": ""CAI_TMS_TASK_GENERATOR_SALLY_OUT_BEFORE_SETTLEMENT_LOSS"", ""group"": ""wh3_combi_tms_generator_group_passive"", ""priority"": 90, ""variable_group"": null}"
cai_task_management_system_task_generator_groups_generators_junctions_tables,hecleas,OVERRIDE_CHANGED,"[""wh3_combi_tms_generator_group_passive"", ""CAI_TMS_TASK_GENERATOR_WAR_COORDINATION_ATTACK_FORCES"", null]",priority,"{""generator"": ""CAI_TMS_TASK_GENERATOR_WAR_COORDINATION_ATTACK_FORCES"", ""group"": ""wh3_combi_tms_generator_group_passive"", ""priority"": 10, ""variable_group"": null}","{""generator"": ""CAI_TMS_TASK_GENERATOR_WAR_COORDINATION_ATTACK_FORCES"", ""group"": ""wh3_combi_tms_generator_group_passive"", ""priority"": 92, ""variable_group"": null}"
cai_task_management_system_task_generator_groups_generators_junctions_tables,hecleas,OVERRIDE_CHANGED,"[""wh3_combi_tms_generator_group_passive"", ""CAI_TMS_TASK_GENERATOR_WAR_COORDINATION_ATTACK_REGIONS"", null]",priority,"{""generator"": ""CAI_TMS_TASK_GENERATOR_WAR_COORDINATION_ATTACK_REGIONS"", ""group"": ""wh3_combi_tms_generator_group_passive"", ""priority"": 10, ""variable_group"": null}","{""generator"": ""CAI_TMS_TASK_GENERATOR_WAR_COORDINATION_ATTACK_REGIONS"", ""group"": ""wh3_combi_tms_generator_group_passive"", ""priority"": 92, ""variable_group"": null}"
cai_task_management_system_task_generator_groups_generators_junctions_tables,hecleas,OVERRIDE_CHANGED,"[""wh3_combi_tms_generator_group_passive"", ""CAI_TMS_TASK_GENERATOR_WAR_COORDINATION_DEFEND_FORCES"", null]",priority,"{""generator"": ""CAI_TMS_TASK_GENERATOR_WAR_COORDINATION_DEFEND_FORCES"", ""group"": ""wh3_combi_tms_generator_group_passive"", ""priority"": 10, ""variable_group"": null}","{""generator"": ""CAI_TMS_TASK_GENERATOR_WAR_COORDINATION_DEFEND_FORCES"", ""group"": ""wh3_combi_tms_generator_group_passive"", ""priority"": 86, ""variable_group"": null}"
cai_task_management_system_task_generator_groups_generators_junctions_tables,hecleas,OVERRIDE_CHANGED,"[""wh3_combi_tms_generator_group_passive"", ""CAI_TMS_TASK_GENERATOR_WAR_COORDINATION_DEFEND_REGIONS"", null]",priority,"{""generator"": ""CAI_TMS_TASK_GENERATOR_WAR_COORDINATION_DEFEND_REGIONS"", ""group"": ""wh3_combi_tms_generator_group_passive"", ""priority"": 10, ""variable_group"": null}","{""generator"": ""CAI_TMS_TASK_GENERATOR_WAR_COORDINATION_DEFEND_REGIONS"", ""group"": ""wh3_combi_tms_generator_group_passive"", ""priority"": 86, ""variable_group"": null}"
cai_task_management_system_task_generator_groups_generators_junctions_tables,hecleas,OVERRIDE_CHANGED,"[""wh3_combi_tms_generator_group_protective_additive"", ""CAI_TMS_TASK_GENERATOR_ACTIVELY_DEFEND_RECENTLY_CAPTURED_TERRITORY"", ""time_horizon_6""]",priority,"{""generator"": ""CAI_TMS_TASK_GENERATOR_ACTIVELY_DEFEND_RECENTLY_CAPTURED_TERRITORY"", ""group"": ""wh3_combi_tms_generator_group_protective_additive"", ""priority"": 2, ""variable_group"": ""time_horizon_6""}","{""generator"": ""CAI_TMS_TASK_GENERATOR_ACTIVELY_DEFEND_RECENTLY_CAPTURED_TERRITORY"", ""group"": ""wh3_combi_tms_generator_group_protective_additive"", ""priority"": 25, ""variable_group"": ""time_horizon_6""}"
cai_task_management_system_task_generator_groups_generators_junctions_tables,hecleas,OVERRIDE_CHANGED,"[""wh3_combi_tms_generator_group_protective_additive"", ""CAI_TMS_TASK_GENERATOR_ATTACK_ALL_ENEMY_FORCES"", null]",priority,"{""generator"": ""CAI_TMS_TASK_GENERATOR_ATTACK_ALL_ENEMY_FORCES"", ""group"": ""wh3_combi_tms_generator_group_protective_additive"", ""priority"": -2, ""variable_group"": null}","{""generator"": ""CAI_TMS_TASK_GENERATOR_ATTACK_ALL_ENEMY_FORCES"", ""group"": ""wh3_combi_tms_generator_group_protective_additive"", ""priority"": 90, ""variable_group"": null}"
cai_task_management_system_task_generator_groups_generators_junctions_tables,hecleas,OVERRIDE_CHANGED,"[""wh3_combi_tms_generator_group_protective_additive"", ""CAI_TMS_TASK_GENERATOR_ATTACK_ALL_ENEMY_FORCES_NEAR_RECENTLY_LOST_REGIONS"", null]",priority,"{""generator"": ""CAI_TMS_TASK_GENERATOR_ATTACK_ALL_ENEMY_FORCES_NEAR_RECENTLY_LOST_REGIONS"", ""group"": ""wh3_combi_tms_generator_group_protective_additive"", ""priority"": 3, ""variable_group"": null}","{""generator"": ""CAI_TMS_TASK_GENERATOR_ATTACK_ALL_ENEMY_FORCES_NEAR_RECENTLY_LOST_REGIONS"", ""group"": ""wh3_combi_tms_generator_group_protective_additive"", ""priority"": 90, ""variable_group"": null}"
cai_task_management_system_task_generator_groups_generators_junctions_tables,hecleas,OVERRIDE_CHANGED,"[""wh3_combi_tms_generator_group_protective_additive"", ""CAI_TMS_TASK_GENERATOR_DEFEND_OWNED_REGIONS"", null]",priority,"{""generator"": ""CAI_TMS_TASK_GENERATOR_DEFEND_OWNED_REGIONS"", ""group"": ""wh3_combi_tms_generator_group_protective_additive"", ""priority"": 3, ""variable_group"": null}","{""generator"": ""CAI_TMS_TASK_GENERATOR_DEFEND_OWNED_REGIONS"", ""group"": ""wh3_combi_tms_generator_group_protective_additive"", ""priority"": 30, ""variable_group"": null}"
cai_task_management_system_task_generator_groups_generators_junctions_tables,hecleas,OVERRIDE_CHANGED,"[""wh3_combi_tms_generator_group_purifier_additive"", ""CAI_TMS_GDS_TASK_GENERATOR_ATTACK_NEARBY_ENEMY_CORRUPTED_REGIONS"", null]",priority,"{""generator"": ""CAI_TMS_GDS_TASK_GENERATOR_ATTACK_NEARBY_ENEMY_CORRUPTED_REGIONS"", ""group"": ""wh3_combi_tms_generator_group_purifier_additive"", ""priority"": 3, ""variable_group"": null}","{""generator"": ""CAI_TMS_GDS_TASK_GENERATOR_ATTACK_NEARBY_ENEMY_CORRUPTED_REGIONS"", ""group"": ""wh3_combi_tms_generator_group_purifier_additive"", ""priority"": 90, ""variable_group"": null}"
cai_task_management_system_task_generator_groups_generators_junctions_tables,hecleas,OVERRIDE_CHANGED,"[""wh3_combi_tms_generator_group_raider_additive"", ""CAI_TMS_GDS_TASK_GENERATOR_RAID_ANY_SETTLEMENT_NEAR_OUR_FORCES"", null]",priority,"{""generator"": ""CAI_TMS_GDS_TASK_GENERATOR_RAID_ANY_SETTLEMENT_NEAR_OUR_FORCES"", ""group"": ""wh3_combi_tms_generator_group_raider_additive"", ""priority"": 1, ""variable_group"": null}","{""generator"": ""CAI_TMS_GDS_TASK_GENERATOR_RAID_ANY_SETTLEMENT_NEAR_OUR_FORCES"", ""group"": ""wh3_combi_tms_generator_group_raider_additive"", ""priority"": 80, ""variable_group"": null}"
cai_task_management_system_task_generator_groups_generators_junctions_tables,hecleas,OVERRIDE_CHANGED,"[""wh3_combi_tms_generator_group_raider_additive"", ""CAI_TMS_GDS_TASK_GENERATOR_RAID_DISLIKED_HIGH_PO_REGIONS_NEAR_OUR_ARMIES"", null]",priority,"{""generator"": ""CAI_TMS_GDS_TASK_GENERATOR_RAID_DISLIKED_HIGH_PO_REGIONS_NEAR_OUR_ARMIES"", ""group"": ""wh3_combi_tms_generator_group_raider_additive"", ""priority"": 2, ""variable_group"": null}","{""generator"": ""CAI_TMS_GDS_TASK_GENERATOR_RAID_DISLIKED_HIGH_PO_REGIONS_NEAR_OUR_ARMIES"", ""group"": ""wh3_combi_tms_generator_group_raider_additive"", ""priority"": 80, ""variable_group"": null}"
cai_task_management_system_task_generator_groups_generators_junctions_tables,hecleas,OVERRIDE_CHANGED,"[""wh3_combi_tms_generator_group_raider_additive"", ""CAI_TMS_GDS_TASK_GENERATOR_RAID_DISLIKED_HIGH_PO_REGIONS_NEAR_OUR_SETTLEMENTS"", null]",priority,"{""generator"": ""CAI_TMS_GDS_TASK_GENERATOR_RAID_DISLIKED_HIGH_PO_REGIONS_NEAR_OUR_SETTLEMENTS"", ""group"": ""wh3_combi_tms_generator_group_raider_additive"", ""priority"": 3, ""variable_group"": null}","{""generator"": ""CAI_TMS_GDS_TASK_GENERATOR_RAID_DISLIKED_HIGH_PO_REGIONS_NEAR_OUR_SETTLEMENTS"", ""group"": ""wh3_combi_tms_generator_group_raider_additive"", ""priority"": 80, ""variable_group"": null}"
cai_task_management_system_task_generator_groups_generators_junctions_tables,hecleas,OVERRIDE_CHANGED,"[""wh3_combi_tms_generator_group_raider_additive"", ""CAI_TMS_TASK_GENERATOR_RAID_SETTLEMENTS_NEAR_OUR_FORCES"", null]",priority,"{""generator"": ""CAI_TMS_TASK_GENERATOR_RAID_SETTLEMENTS_NEAR_OUR_FORCES"", ""group"": ""wh3_combi_tms_generator_group_raider_additive"", ""priority"": 2, ""variable_group"": null}","{""generator"": ""CAI_TMS_TASK_GENERATOR_RAID_SETTLEMENTS_NEAR_OUR_FORCES"", ""group"": ""wh3_combi_tms_generator_group_raider_additive"", ""priority"": 80, ""variable_group"": null}"
cai_task_management_system_task_generator_groups_generators_junctions_tables,hecleas,OVERRIDE_CHANGED,"[""wh3_combi_tms_generator_group_raider_additive"", ""CAI_TMS_TASK_GENERATOR_RAID_UNSTABLE_REGIONS"", null]",priority,"{""generator"": ""CAI_TMS_TASK_GENERATOR_RAID_UNSTABLE_REGIONS"", ""group"": ""wh3_combi_tms_generator_group_raider_additive"", ""priority"": 2, ""variable_group"": null}","{""generator"": ""CAI_TMS_TASK_GENERATOR_RAID_UNSTABLE_REGIONS"", ""group"": ""wh3_combi_tms_generator_group_raider_additive"", ""priority"": 80, ""variable_group"": null}"
cai_task_management_system_task_generator_groups_generators_junctions_tables,hecleas,OVERRIDE_CHANGED,"[""wh3_combi_tms_generator_group_raiderhorde_additive"", ""CAI_TMS_GDS_TASK_GENERATOR_RAID_DISLIKED_HIGH_PO_REGIONS_NEAR_OUR_ARMIES"", null]",priority,"{""generator"": ""CAI_TMS_GDS_TASK_GENERATOR_RAID_DISLIKED_HIGH_PO_REGIONS_NEAR_OUR_ARMIES"", ""group"": ""wh3_combi_tms_generator_group_raiderhorde_additive"", ""priority"": 10, ""variable_group"": null}","{""generator"": ""CAI_TMS_GDS_TASK_GENERATOR_RAID_DISLIKED_HIGH_PO_REGIONS_NEAR_OUR_ARMIES"", ""group"": ""wh3_combi_tms_generator_group_raiderhorde_additive"", ""priority"": 80, ""variable_group"": null}"
cai_task_management_system_task_generator_groups_generators_junctions_tables,hecleas,OVERRIDE_CHANGED,"[""wh3_combi_tms_generator_group_sentinels"", ""CAI_TMS_TASK_GENERATOR_ACTIVELY_DEFEND_CAPITAL"", null]",priority,"{""generator"": ""CAI_TMS_TASK_GENERATOR_ACTIVELY_DEFEND_CAPITAL"", ""group"": ""wh3_combi_tms_generator_group_sentinels"", ""priority"": 0.80000001, ""variable_group"": null}","{""generator"": ""CAI_TMS_TASK_GENERATOR_ACTIVELY_DEFEND_CAPITAL"", ""group"": ""wh3_combi_tms_generator_group_sentinels"", ""priority"": 25, ""variable_group"": null}"
cai_task_management_system_task_generator_groups_generators_junctions_tables,hecleas,OVERRIDE_CHANGED,"[""wh3_combi_tms_generator_group_sentinels"", ""CAI_TMS_TASK_GENERATOR_DEFEND_OWNED_REGIONS"", null]",priority,"{""generator"": ""CAI_TMS_TASK_GENERATOR_DEFEND_OWNED_REGIONS"", ""group"": ""wh3_combi_tms_generator_group_sentinels"", ""priority"": 1, ""variable_group"": null}","{""generator"": ""CAI_TMS_TASK_GENERATOR_DEFEND_OWNED_REGIONS"", ""group"": ""wh3_combi_tms_generator_group_sentinels"", ""priority"": 30, ""variable_group"": null}"
cai_task_management_system_task_generator_groups_generators_junctions_tables,hecleas,OVERRIDE_CHANGED,"[""wh3_combi_tms_generator_group_sentinels"", ""CAI_TMS_TASK_GENERATOR_SALLY_OUT_BEFORE_SETTLEMENT_LOSS"", null]",priority,"{""generator"": ""CAI_TMS_TASK_GENERATOR_SALLY_OUT_BEFORE_SETTLEMENT_LOSS"", ""group"": ""wh3_combi_tms_generator_group_sentinels"", ""priority"": 5, ""variable_group"": null}","{""generator"": ""CAI_TMS_TASK_GENERATOR_SALLY_OUT_BEFORE_SETTLEMENT_LOSS"", ""group"": ""wh3_combi_tms_generator_group_sentinels"", ""priority"": 90, ""variable_group"": null}"
cai_task_management_system_task_generator_groups_generators_junctions_tables,hecleas,OVERRIDE_CHANGED,"[""wh3_combi_tms_generator_group_skaven_specific_additive"", ""CAI_TMS_TASK_GENERATOR_ATTACK_SETTLEMENT_TO_SPREAD_PLAGUE"", null]",priority,"{""generator"": ""CAI_TMS_TASK_GENERATOR_ATTACK_SETTLEMENT_TO_SPREAD_PLAGUE"", ""group"": ""wh3_combi_tms_generator_group_skaven_specific_additive"", ""priority"": 100, ""variable_group"": null}","{""generator"": ""CAI_TMS_TASK_GENERATOR_ATTACK_SETTLEMENT_TO_SPREAD_PLAGUE"", ""group"": ""wh3_combi_tms_generator_group_skaven_specific_additive"", ""priority"": 90, ""variable_group"": null}"
cai_task_management_system_task_generator_groups_generators_junctions_tables,hecleas,OVERRIDE_CHANGED,"[""wh3_combi_tms_generator_group_skaven_specific_additive"", ""CAI_TMS_TASK_GENERATOR_ATTACK_UNDEFENDED_ENEMY_SETTLEMENTS"", null]",priority,"{""generator"": ""CAI_TMS_TASK_GENERATOR_ATTACK_UNDEFENDED_ENEMY_SETTLEMENTS"", ""group"": ""wh3_combi_tms_generator_group_skaven_specific_additive"", ""priority"": 5, ""variable_group"": null}","{""generator"": ""CAI_TMS_TASK_GENERATOR_ATTACK_UNDEFENDED_ENEMY_SETTLEMENTS"", ""group"": ""wh3_combi_tms_generator_group_skaven_specific_additive"", ""priority"": 90, ""variable_group"": null}"
cai_task_management_system_task_generator_groups_generators_junctions_tables,hecleas,OVERRIDE_CHANGED,"[""wh3_combi_tms_generator_group_slaanesh_nkari_specific_additive"", ""CAI_TMS_GDS_TASK_GENERATOR_RAID_DISLIKED_HIGH_PO_REGIONS_NEAR_OUR_SETTLEMENTS"", null]",priority,"{""generator"": ""CAI_TMS_GDS_TASK_GENERATOR_RAID_DISLIKED_HIGH_PO_REGIONS_NEAR_OUR_SETTLEMENTS"", ""group"": ""wh3_combi_tms_generator_group_slaanesh_nkari_specific_additive"", ""priority"": 3, ""variable_group"": null}","{""generator"": ""CAI_TMS_GDS_TASK_GENERATOR_RAID_DISLIKED_HIGH_PO_REGIONS_NEAR_OUR_SETTLEMENTS"", ""group"": ""wh3_combi_tms_generator_group_slaanesh_nkari_specific_additive"", ""priority"": 80, ""variable_group"": null}"
cai_task_management_system_task_generator_groups_generators_junctions_tables,hecleas,OVERRIDE_CHANGED,"[""wh3_combi_tms_generator_group_slaanesh_specific_additive"", ""CAI_TMS_TASK_GENERATOR_WITHDRAW_LOW_WINDS_OF_MAGIC_ARMIES_TO_REGION"", null]",priority,"{""generator"": ""CAI_TMS_TASK_GENERATOR_WITHDRAW_LOW_WINDS_OF_MAGIC_ARMIES_TO_REGION"", ""group"": ""wh3_combi_tms_generator_group_slaanesh_specific_additive"", ""priority"": 5, ""variable_group"": null}","{""generator"": ""CAI_TMS_TASK_GENERATOR_WITHDRAW_LOW_WINDS_OF_MAGIC_ARMIES_TO_REGION"", ""group"": ""wh3_combi_tms_generator_group_slaanesh_specific_additive"", ""priority"": 70, ""variable_group"": null}"
cai_task_management_system_task_generator_groups_generators_junctions_tables,hecleas,OVERRIDE_SAME_AS_VANILLA,"[""wh3_combi_tms_generator_group_tombking_specific_additive"", ""CAI_TMS_TASK_GENERATOR_ATTACK_UNSUITABLE_CLIMATE_REGIONS"", null]",,"{""generator"": ""CAI_TMS_TASK_GENERATOR_ATTACK_UNSUITABLE_CLIMATE_REGIONS"", ""group"": ""wh3_combi_tms_generator_group_tombking_specific_additive"", ""priority"": -3, ""variable_group"": null}",null
cai_task_management_system_task_generator_groups_generators_junctions_tables,hecleas,OVERRIDE_SAME_AS_VANILLA,"[""wh3_combi_tms_generator_group_tzeentch_changeling"", ""CAI_TMS_TASK_GENERATOR_ATTACK_OWN_FOREIGN_SLOT_REGIONS"", null]",,"{""generator"": ""CAI_TMS_TASK_GENERATOR_ATTACK_OWN_FOREIGN_SLOT_REGIONS"", ""group"": ""wh3_combi_tms_generator_group_tzeentch_changeling"", ""priority"": -100, ""variable_group"": null}",null
cai_task_management_system_task_generator_groups_generators_junctions_tables,hecleas,OVERRIDE_SAME_AS_VANILLA,"[""wh3_combi_tms_generator_group_tzeentch_specific_additive"", ""CAI_TMS_GDS_TASK_GENERATOR_DONT_RECOLONISE_GATE_RUINS"", null]",,"{""generator"": ""CAI_TMS_GDS_TASK_GENERATOR_DONT_RECOLONISE_GATE_RUINS"", ""group"": ""wh3_combi_tms_generator_group_tzeentch_specific_additive"", ""priority"": -100, ""variable_group"": null}",null
cai_task_management_system_task_generator_groups_generators_junctions_tables,hecleas,OVERRIDE_CHANGED,"[""wh3_combi_tms_generator_group_tzeentch_specific_additive"", ""CAI_TMS_TASK_GENERATOR_WITHDRAW_LOW_WINDS_OF_MAGIC_ARMIES_TO_REGION"", null]",priority,"{""generator"": ""CAI_TMS_TASK_GENERATOR_WITHDRAW_LOW_WINDS_OF_MAGIC_ARMIES_TO_REGION"", ""group"": ""wh3_combi_tms_generator_group_tzeentch_specific_additive"", ""priority"": 5, ""variable_group"": null}","{""generator"": ""CAI_TMS_TASK_GENERATOR_WITHDRAW_LOW_WINDS_OF_MAGIC_ARMIES_TO_REGION"", ""group"": ""wh3_combi_tms_generator_group_tzeentch_specific_additive"", ""priority"": 70, ""variable_group"": null}"
cai_task_management_system_task_generator_groups_generators_junctions_tables,hecleas,OVERRIDE_CHANGED,"[""wh3_combi_tms_generator_group_woodelf_specific_additive"", ""CAI_TMS_TASK_GENERATOR_ACTIVELY_DEFEND_CAPITAL"", null]",priority,"{""generator"": ""CAI_TMS_TASK_GENERATOR_ACTIVELY_DEFEND_CAPITAL"", ""group"": ""wh3_combi_tms_generator_group_woodelf_specific_additive"", ""priority"": 0.80000001, ""variable_group"": null}","{""generator"": ""CAI_TMS_TASK_GENERATOR_ACTIVELY_DEFEND_CAPITAL"", ""group"": ""wh3_combi_tms_generator_group_woodelf_specific_additive"", ""priority"": 25, ""variable_group"": null}"
cai_task_management_system_task_generator_groups_generators_junctions_tables,hecleas,OVERRIDE_CHANGED,"[""wh3_combi_tms_generator_group_woodelf_specific_additive"", ""CAI_TMS_TASK_GENERATOR_ACTIVELY_DEFEND_RECENTLY_CAPTURED_TERRITORY"", ""time_horizon_6""]",priority,"{""generator"": ""CAI_TMS_TASK_GENERATOR_ACTIVELY_DEFEND_RECENTLY_CAPTURED_TERRITORY"", ""group"": ""wh3_combi_tms_generator_group_woodelf_specific_additive"", ""priority"": 2, ""variable_group"": ""time_horizon_6""}","{""generator"": ""CAI_TMS_TASK_GENERATOR_ACTIVELY_DEFEND_RECENTLY_CAPTURED_TERRITORY"", ""group"": ""wh3_combi_tms_generator_group_woodelf_specific_additive"", ""priority"": 25, ""variable_group"": ""time_horizon_6""}"
cai_task_management_system_task_generator_groups_generators_junctions_tables,hecleas,OVERRIDE_CHANGED,"[""wh3_tms_generator_group_beastmen_brayherd"", ""CAI_TMS_TASK_GENERATOR_WAAGH_ARMY_FOLLOW_LEADER"", null]",priority,"{""generator"": ""CAI_TMS_TASK_GENERATOR_WAAGH_ARMY_FOLLOW_LEADER"", ""group"": ""wh3_tms_generator_group_beastmen_brayherd"", ""priority"": 1, ""variable_group"": null}","{""generator"": ""CAI_TMS_TASK_GENERATOR_WAAGH_ARMY_FOLLOW_LEADER"", ""group"": ""wh3_tms_generator_group_beastmen_brayherd"", ""priority"": 80, ""variable_group"": null}"
cai_task_management_system_task_generator_groups_generators_junctions_tables,hecleas,OVERRIDE_CHANGED,"[""wh3_tms_generator_group_beastmen_brayherd"", ""CAI_TMS_TASK_GENERATOR_WAR_COORDINATION_ATTACK_FORCES"", null]",priority,"{""generator"": ""CAI_TMS_TASK_GENERATOR_WAR_COORDINATION_ATTACK_FORCES"", ""group"": ""wh3_tms_generator_group_beastmen_brayherd"", ""priority"": 1, ""variable_group"": null}","{""generator"": ""CAI_TMS_TASK_GENERATOR_WAR_COORDINATION_ATTACK_FORCES"", ""group"": ""wh3_tms_generator_group_beastmen_brayherd"", ""priority"": 92, ""variable_group"": null}"
cai_task_management_system_task_generator_groups_generators_junctions_tables,hecleas,OVERRIDE_CHANGED,"[""wh3_tms_generator_group_beastmen_brayherd"", ""CAI_TMS_TASK_GENERATOR_WAR_COORDINATION_ATTACK_REGIONS"", null]",priority,"{""generator"": ""CAI_TMS_TASK_GENERATOR_WAR_COORDINATION_ATTACK_REGIONS"", ""group"": ""wh3_tms_generator_group_beastmen_brayherd"", ""priority"": 1, ""variable_group"": null}","{""generator"": ""CAI_TMS_TASK_GENERATOR_WAR_COORDINATION_ATTACK_REGIONS"", ""group"": ""wh3_tms_generator_group_beastmen_brayherd"", ""priority"": 92, ""variable_group"": null}"
cai_task_management_system_task_generator_groups_generators_junctions_tables,hecleas,OVERRIDE_CHANGED,"[""wh3_tms_generator_group_cathay_gatecapture_additive"", ""CAI_TMS_TASK_GENERATOR_ATTACK_ALL_FLAGGED_REGIONS_OWNED_BY_ANOTHER_SUBCULTURED_ENEMY"", null]",priority,"{""generator"": ""CAI_TMS_TASK_GENERATOR_ATTACK_ALL_FLAGGED_REGIONS_OWNED_BY_ANOTHER_SUBCULTURED_ENEMY"", ""group"": ""wh3_tms_generator_group_cathay_gatecapture_additive"", ""priority"": 10, ""variable_group"": null}","{""generator"": ""CAI_TMS_TASK_GENERATOR_ATTACK_ALL_FLAGGED_REGIONS_OWNED_BY_ANOTHER_SUBCULTURED_ENEMY"", ""group"": ""wh3_tms_generator_group_cathay_gatecapture_additive"", ""priority"": 80, ""variable_group"": null}"
cai_task_management_system_task_generator_groups_generators_junctions_tables,hecleas,OVERRIDE_CHANGED,"[""wh3_tms_generator_group_cathay_gatecapture_additive"", ""CAI_TMS_TASK_GENERATOR_ATTACK_ALL_FLAGGED_VICTORY_CONDITION_REGIONS"", null]",priority,"{""generator"": ""CAI_TMS_TASK_GENERATOR_ATTACK_ALL_FLAGGED_VICTORY_CONDITION_REGIONS"", ""group"": ""wh3_tms_generator_group_cathay_gatecapture_additive"", ""priority"": 10, ""variable_group"": null}","{""generator"": ""CAI_TMS_TASK_GENERATOR_ATTACK_ALL_FLAGGED_VICTORY_CONDITION_REGIONS"", ""group"": ""wh3_tms_generator_group_cathay_gatecapture_additive"", ""priority"": 86, ""variable_group"": null}"
cai_task_management_system_task_generator_groups_generators_junctions_tables,hecleas,OVERRIDE_CHANGED,"[""wh3_tms_generator_group_cathay_gatecapture_additive"", ""CAI_TMS_TASK_GENERATOR_ATTACK_LOCAL_FLAGGED_VICTORY_CONDITION_REGIONS"", null]",priority,"{""generator"": ""CAI_TMS_TASK_GENERATOR_ATTACK_LOCAL_FLAGGED_VICTORY_CONDITION_REGIONS"", ""group"": ""wh3_tms_generator_group_cathay_gatecapture_additive"", ""priority"": 10, ""variable_group"": null}","{""generator"": ""CAI_TMS_TASK_GENERATOR_ATTACK_LOCAL_FLAGGED_VICTORY_CONDITION_REGIONS"", ""group"": ""wh3_tms_generator_group_cathay_gatecapture_additive"", ""priority"": 86, ""variable_group"": null}"
cai_task_management_system_task_generator_groups_generators_junctions_tables,hecleas,OVERRIDE_SAME_AS_VANILLA,"[""wh3_tms_generator_group_cathay_specific_additive"", ""CAI_TMS_GDS_TASK_GENERATOR_ATTACK_FORCES_IN_CATHAY_SHOULDNT_ENTER"", null]",,"{""generator"": ""CAI_TMS_GDS_TASK_GENERATOR_ATTACK_FORCES_IN_CATHAY_SHOULDNT_ENTER"", ""group"": ""wh3_tms_generator_group_cathay_specific_additive"", ""priority"": -30, ""variable_group"": null}",null
cai_task_management_system_task_generator_groups_generators_junctions_tables,hecleas,OVERRIDE_SAME_AS_VANILLA,"[""wh3_tms_generator_group_cathay_specific_additive"", ""CAI_TMS_GDS_TASK_GENERATOR_ATTACK_REGIONS_IN_CATHAY_SHOULDNT_ENTER"", null]",,"{""generator"": ""CAI_TMS_GDS_TASK_GENERATOR_ATTACK_REGIONS_IN_CATHAY_SHOULDNT_ENTER"", ""group"": ""wh3_tms_generator_group_cathay_specific_additive"", ""priority"": -30, ""variable_group"": null}",null
cai_task_management_system_task_generator_groups_generators_junctions_tables,hecleas,OVERRIDE_CHANGED,"[""wh3_tms_generator_group_cathay_specific_additive"", ""CAI_TMS_TASK_GENERATOR_DEFEND_FLAGGED_VICTORY_CONDITION_REGIONS"", null]",priority,"{""generator"": ""CAI_TMS_TASK_GENERATOR_DEFEND_FLAGGED_VICTORY_CONDITION_REGIONS"", ""group"": ""wh3_tms_generator_group_cathay_specific_additive"", ""priority"": 5, ""variable_group"": null}","{""generator"": ""CAI_TMS_TASK_GENERATOR_DEFEND_FLAGGED_VICTORY_CONDITION_REGIONS"", ""group"": ""wh3_tms_generator_group_cathay_specific_additive"", ""priority"": 35, ""variable_group"": null}"
cai_task_management_system_task_generator_groups_generators_junctions_tables,hecleas,OVERRIDE_CHANGED,"[""wh3_tms_generator_group_chaos_dwarf_specific_additive"", ""CAI_TMS_TASK_GENERATOR_ACTIVELY_DEFEND_RECENTLY_CAPTURED_TERRITORY"", ""time_horizon_6""]",priority,"{""generator"": ""CAI_TMS_TASK_GENERATOR_ACTIVELY_DEFEND_RECENTLY_CAPTURED_TERRITORY"", ""group"": ""wh3_tms_generator_group_chaos_dwarf_specific_additive"", ""priority"": 2, ""variable_group"": ""time_horizon_6""}","{""generator"": ""CAI_TMS_TASK_GENERATOR_ACTIVELY_DEFEND_RECENTLY_CAPTURED_TERRITORY"", ""group"": ""wh3_tms_generator_group_chaos_dwarf_specific_additive"", ""priority"": 25, ""variable_group"": ""time_horizon_6""}"
cai_task_management_system_task_generator_groups_generators_junctions_tables,hecleas,OVERRIDE_CHANGED,"[""wh3_tms_generator_group_chaos_gatedestroyer"", ""CAI_TMS_GDS_TASK_GENERATOR_AGENT_ATTACK_NEARBY_SETTLEMENT_IF_FRIENDLY_ARMY_PRESENT"", null]",priority,"{""generator"": ""CAI_TMS_GDS_TASK_GENERATOR_AGENT_ATTACK_NEARBY_SETTLEMENT_IF_FRIENDLY_ARMY_PRESENT"", ""group"": ""wh3_tms_generator_group_chaos_gatedestroyer"", ""priority"": 10, ""variable_group"": null}","{""generator"": ""CAI_TMS_GDS_TASK_GENERATOR_AGENT_ATTACK_NEARBY_SETTLEMENT_IF_FRIENDLY_ARMY_PRESENT"", ""group"": ""wh3_tms_generator_group_chaos_gatedestroyer"", ""priority"": 80, ""variable_group"": null}"
cai_task_management_system_task_generator_groups_generators_junctions_tables,hecleas,OVERRIDE_CHANGED,"[""wh3_tms_generator_group_chaos_gatedestroyer"", ""CAI_TMS_GDS_TASK_GENERATOR_AGENT_ATTACK_SETTLEMENTS_NEAR_FLAGGED_REGIONS_OWNED_BY_ANOTHER_SUBCULTURED_ENEMY"", null]",priority,"{""generator"": ""CAI_TMS_GDS_TASK_GENERATOR_AGENT_ATTACK_SETTLEMENTS_NEAR_FLAGGED_REGIONS_OWNED_BY_ANOTHER_SUBCULTURED_ENEMY"", ""group"": ""wh3_tms_generator_group_chaos_gatedestroyer"", ""priority"": 1, ""variable_group"": null}","{""generator"": ""CAI_TMS_GDS_TASK_GENERATOR_AGENT_ATTACK_SETTLEMENTS_NEAR_FLAGGED_REGIONS_OWNED_BY_ANOTHER_SUBCULTURED_ENEMY"", ""group"": ""wh3_tms_generator_group_chaos_gatedestroyer"", ""priority"": 80, ""variable_group"": null}"
cai_task_management_system_task_generator_groups_generators_junctions_tables,hecleas,OVERRIDE_CHANGED,"[""wh3_tms_generator_group_chaos_gatedestroyer"", ""CAI_TMS_GDS_TASK_GENERATOR_ATTACK_ENEMY_SETTLEMENTS_IN_PERSONALITY_REGION_GROUP_1_EARLY"", null]",priority,"{""generator"": ""CAI_TMS_GDS_TASK_GENERATOR_ATTACK_ENEMY_SETTLEMENTS_IN_PERSONALITY_REGION_GROUP_1_EARLY"", ""group"": ""wh3_tms_generator_group_chaos_gatedestroyer"", ""priority"": 5, ""variable_group"": null}","{""generator"": ""CAI_TMS_GDS_TASK_GENERATOR_ATTACK_ENEMY_SETTLEMENTS_IN_PERSONALITY_REGION_GROUP_1_EARLY"", ""group"": ""wh3_tms_generator_group_chaos_gatedestroyer"", ""priority"": 90, ""variable_group"": null}"
cai_task_management_system_task_generator_groups_generators_junctions_tables,hecleas,OVERRIDE_CHANGED,"[""wh3_tms_generator_group_chaos_gatedestroyer"", ""CAI_TMS_GDS_TASK_GENERATOR_ATTACK_ENEMY_SETTLEMENTS_IN_PERSONALITY_REGION_GROUP_2_MID"", null]",priority,"{""generator"": ""CAI_TMS_GDS_TASK_GENERATOR_ATTACK_ENEMY_SETTLEMENTS_IN_PERSONALITY_REGION_GROUP_2_MID"", ""group"": ""wh3_tms_generator_group_chaos_gatedestroyer"", ""priority"": 5, ""variable_group"": null}","{""generator"": ""CAI_TMS_GDS_TASK_GENERATOR_ATTACK_ENEMY_SETTLEMENTS_IN_PERSONALITY_REGION_GROUP_2_MID"", ""group"": ""wh3_tms_generator_group_chaos_gatedestroyer"", ""priority"": 90, ""variable_group"": null}"
cai_task_management_system_task_generator_groups_generators_junctions_tables,hecleas,OVERRIDE_CHANGED,"[""wh3_tms_generator_group_chaos_gatedestroyer"", ""CAI_TMS_GDS_TASK_GENERATOR_ATTACK_ENEMY_SETTLEMENTS_IN_PERSONALITY_REGION_GROUP_3_LATE"", null]",priority,"{""generator"": ""CAI_TMS_GDS_TASK_GENERATOR_ATTACK_ENEMY_SETTLEMENTS_IN_PERSONALITY_REGION_GROUP_3_LATE"", ""group"": ""wh3_tms_generator_group_chaos_gatedestroyer"", ""priority"": 5, ""variable_group"": null}","{""generator"": ""CAI_TMS_GDS_TASK_GENERATOR_ATTACK_ENEMY_SETTLEMENTS_IN_PERSONALITY_REGION_GROUP_3_LATE"", ""group"": ""wh3_tms_generator_group_chaos_gatedestroyer"", ""priority"": 90, ""variable_group"": null}"
cai_task_management_system_task_generator_groups_generators_junctions_tables,hecleas,OVERRIDE_CHANGED,"[""wh3_tms_generator_group_chaos_gatedestroyer"", ""CAI_TMS_TASK_GENERATOR_ATTACK_ALL_FLAGGED_REGIONS_OWNED_BY_ANOTHER_SUBCULTURED_ENEMY"", null]",priority,"{""generator"": ""CAI_TMS_TASK_GENERATOR_ATTACK_ALL_FLAGGED_REGIONS_OWNED_BY_ANOTHER_SUBCULTURED_ENEMY"", ""group"": ""wh3_tms_generator_group_chaos_gatedestroyer"", ""priority"": 5, ""variable_group"": null}","{""generator"": ""CAI_TMS_TASK_GENERATOR_ATTACK_ALL_FLAGGED_REGIONS_OWNED_BY_ANOTHER_SUBCULTURED_ENEMY"", ""group"": ""wh3_tms_generator_group_chaos_gatedestroyer"", ""priority"": 80, ""variable_group"": null}"
cai_task_management_system_task_generator_groups_generators_junctions_tables,hecleas,OVERRIDE_CHANGED,"[""wh3_tms_generator_group_chaos_gatedestroyer"", ""CAI_TMS_TASK_GENERATOR_ATTACK_ALL_FLAGGED_VICTORY_CONDITION_REGIONS"", null]",priority,"{""generator"": ""CAI_TMS_TASK_GENERATOR_ATTACK_ALL_FLAGGED_VICTORY_CONDITION_REGIONS"", ""group"": ""wh3_tms_generator_group_chaos_gatedestroyer"", ""priority"": 5, ""variable_group"": null}","{""generator"": ""CAI_TMS_TASK_GENERATOR_ATTACK_ALL_FLAGGED_VICTORY_CONDITION_REGIONS"", ""group"": ""wh3_tms_generator_group_chaos_gatedestroyer"", ""priority"": 86, ""variable_group"": null}"
cai_task_management_system_task_generator_groups_generators_junctions_tables,hecleas,OVERRIDE_CHANGED,"[""wh3_tms_generator_group_chaos_gatedestroyer"", ""CAI_TMS_TASK_GENERATOR_ATTACK_LOCAL_FLAGGED_VICTORY_CONDITION_REGIONS"", null]",priority,"{""generator"": ""CAI_TMS_TASK_GENERATOR_ATTACK_LOCAL_FLAGGED_VICTORY_CONDITION_REGIONS"", ""group"": ""wh3_tms_generator_group_chaos_gatedestroyer"", ""priority"": 10, ""variable_group"": null}","{""generator"": ""CAI_TMS_TASK_GENERATOR_ATTACK_LOCAL_FLAGGED_VICTORY_CONDITION_REGIONS"", ""group"": ""wh3_tms_generator_group_chaos_gatedestroyer"", ""priority"": 86, ""variable_group"": null}"
cai_task_management_system_task_generator_groups_generators_junctions_tables,hecleas,OVERRIDE_CHANGED,"[""wh3_tms_generator_group_chaos_settled_specific_additive"", ""CAI_TMS_GDS_TASK_GENERATOR_ATTACK_DARK_FORTRESS"", null]",priority,"{""generator"": ""CAI_TMS_GDS_TASK_GENERATOR_ATTACK_DARK_FORTRESS"", ""group"": ""wh3_tms_generator_group_chaos_settled_specific_additive"", ""priority"": 4, ""variable_group"": null}","{""generator"": ""CAI_TMS_GDS_TASK_GENERATOR_ATTACK_DARK_FORTRESS"", ""group"": ""wh3_tms_generator_group_chaos_settled_specific_additive"", ""priority"": 90, ""variable_group"": null}"
cai_task_management_system_task_generator_groups_generators_junctions_tables,hecleas,OVERRIDE_SAME_AS_VANILLA,"[""wh3_tms_generator_group_chaos_settled_specific_additive"", ""CAI_TMS_GDS_TASK_GENERATOR_BAY_OF_BLADES_EARLY"", null]",,"{""generator"": ""CAI_TMS_GDS_TASK_GENERATOR_BAY_OF_BLADES_EARLY"", ""group"": ""wh3_tms_generator_group_chaos_settled_specific_additive"", ""priority"": -8, ""variable_group"": null}",null
cai_task_management_system_task_generator_groups_generators_junctions_tables,hecleas,OVERRIDE_SAME_AS_VANILLA,"[""wh3_tms_generator_group_chaos_settled_specific_additive"", ""CAI_TMS_GDS_TASK_GENERATOR_DONT_RECOLONISE_GATE_RUINS"", null]",,"{""generator"": ""CAI_TMS_GDS_TASK_GENERATOR_DONT_RECOLONISE_GATE_RUINS"", ""group"": ""wh3_tms_generator_group_chaos_settled_specific_additive"", ""priority"": -100, ""variable_group"": null}",null
cai_task_management_system_task_generator_groups_generators_junctions_tables,hecleas,OVERRIDE_SAME_AS_VANILLA,"[""wh3_tms_generator_group_chaos_settled_specific_additive"", ""CAI_TMS_GDS_TASK_GENERATOR_RECRUIT_WITH_MAIN_ARMY"", null]",,"{""generator"": ""CAI_TMS_GDS_TASK_GENERATOR_RECRUIT_WITH_MAIN_ARMY"", ""group"": ""wh3_tms_generator_group_chaos_settled_specific_additive"", ""priority"": -150, ""variable_group"": null}",null
cai_task_management_system_task_generator_groups_generators_junctions_tables,hecleas,OVERRIDE_SAME_AS_VANILLA,"[""wh3_tms_generator_group_chaos_settled_specific_additive"", ""CAI_TMS_GDS_TASK_GENERATOR_RECRUIT_WITH_MAIN_ARMY_IN_LOCAL_REGION"", null]",,"{""generator"": ""CAI_TMS_GDS_TASK_GENERATOR_RECRUIT_WITH_MAIN_ARMY_IN_LOCAL_REGION"", ""group"": ""wh3_tms_generator_group_chaos_settled_specific_additive"", ""priority"": -150, ""variable_group"": null}",null
cai_task_management_system_task_generator_groups_generators_junctions_tables,hecleas,OVERRIDE_CHANGED,"[""wh3_tms_generator_group_chaos_settled_specific_additive"", ""CAI_TMS_TASK_GENERATOR_WITHDRAW_LOW_WINDS_OF_MAGIC_ARMIES_TO_REGION"", null]",priority,"{""generator"": ""CAI_TMS_TASK_GENERATOR_WITHDRAW_LOW_WINDS_OF_MAGIC_ARMIES_TO_REGION"", ""group"": ""wh3_tms_generator_group_chaos_settled_specific_additive"", ""priority"": 3, ""variable_group"": null}","{""generator"": ""CAI_TMS_TASK_GENERATOR_WITHDRAW_LOW_WINDS_OF_MAGIC_ARMIES_TO_REGION"", ""group"": ""wh3_tms_generator_group_chaos_settled_specific_additive"", ""priority"": 70, ""variable_group"": null}"
cai_task_management_system_task_generator_groups_generators_junctions_tables,hecleas,OVERRIDE_SAME_AS_VANILLA,"[""wh3_tms_generator_group_chaos_specific_additive"", ""CAI_TMS_GDS_TASK_GENERATOR_DONT_RECOLONISE_GATE_RUINS"", null]",,"{""generator"": ""CAI_TMS_GDS_TASK_GENERATOR_DONT_RECOLONISE_GATE_RUINS"", ""group"": ""wh3_tms_generator_group_chaos_specific_additive"", ""priority"": -100, ""variable_group"": null}",null
cai_task_management_system_task_generator_groups_generators_junctions_tables,hecleas,OVERRIDE_CHANGED,"[""wh3_tms_generator_group_conclave_of_sorcerers"", ""CAI_TMS_TASK_GENERATOR_ACTIVELY_DEFEND_CAPITAL"", null]",priority,"{""generator"": ""CAI_TMS_TASK_GENERATOR_ACTIVELY_DEFEND_CAPITAL"", ""group"": ""wh3_tms_generator_group_conclave_of_sorcerers"", ""priority"": 0.80000001, ""variable_group"": null}","{""generator"": ""CAI_TMS_TASK_GENERATOR_ACTIVELY_DEFEND_CAPITAL"", ""group"": ""wh3_tms_generator_group_conclave_of_sorcerers"", ""priority"": 25, ""variable_group"": null}"
cai_task_management_system_task_generator_groups_generators_junctions_tables,hecleas,OVERRIDE_CHANGED,"[""wh3_tms_generator_group_conclave_of_sorcerers"", ""CAI_TMS_TASK_GENERATOR_DEFEND_OWNED_REGIONS"", null]",priority,"{""generator"": ""CAI_TMS_TASK_GENERATOR_DEFEND_OWNED_REGIONS"", ""group"": ""wh3_tms_generator_group_conclave_of_sorcerers"", ""priority"": 1, ""variable_group"": null}","{""generator"": ""CAI_TMS_TASK_GENERATOR_DEFEND_OWNED_REGIONS"", ""group"": ""wh3_tms_generator_group_conclave_of_sorcerers"", ""priority"": 30, ""variable_group"": null}"
cai_task_management_system_task_generator_groups_generators_junctions_tables,hecleas,OVERRIDE_CHANGED,"[""wh3_tms_generator_group_conclave_of_sorcerers"", ""CAI_TMS_TASK_GENERATOR_SALLY_OUT_BEFORE_SETTLEMENT_LOSS"", null]",priority,"{""generator"": ""CAI_TMS_TASK_GENERATOR_SALLY_OUT_BEFORE_SETTLEMENT_LOSS"", ""group"": ""wh3_tms_generator_group_conclave_of_sorcerers"", ""priority"": 5, ""variable_group"": null}","{""generator"": ""CAI_TMS_TASK_GENERATOR_SALLY_OUT_BEFORE_SETTLEMENT_LOSS"", ""group"": ""wh3_tms_generator_group_conclave_of_sorcerers"", ""priority"": 90, ""variable_group"": null}"
cai_task_management_system_task_generator_groups_generators_junctions_tables,hecleas,OVERRIDE_CHANGED,"[""wh3_tms_generator_group_daemonprince_specific_additive"", ""CAI_TMS_TASK_GENERATOR_WITHDRAW_LOW_WINDS_OF_MAGIC_ARMIES_TO_REGION"", null]",priority,"{""generator"": ""CAI_TMS_TASK_GENERATOR_WITHDRAW_LOW_WINDS_OF_MAGIC_ARMIES_TO_REGION"", ""group"": ""wh3_tms_generator_group_daemonprince_specific_additive"", ""priority"": 5, ""variable_group"": null}","{""generator"": ""CAI_TMS_TASK_GENERATOR_WITHDRAW_LOW_WINDS_OF_MAGIC_ARMIES_TO_REGION"", ""group"": ""wh3_tms_generator_group_daemonprince_specific_additive"", ""priority"": 70, ""variable_group"": null}"
cai_task_management_system_task_generator_groups_generators_junctions_tables,hecleas,OVERRIDE_CHANGED,"[""wh3_tms_generator_group_khorne_specific_additive"", ""CAI_TMS_TASK_GENERATOR_WITHDRAW_LOW_WINDS_OF_MAGIC_ARMIES_TO_REGION"", null]",priority,"{""generator"": ""CAI_TMS_TASK_GENERATOR_WITHDRAW_LOW_WINDS_OF_MAGIC_ARMIES_TO_REGION"", ""group"": ""wh3_tms_generator_group_khorne_specific_additive"", ""priority"": 3, ""variable_group"": null}","{""generator"": ""CAI_TMS_TASK_GENERATOR_WITHDRAW_LOW_WINDS_OF_MAGIC_ARMIES_TO_REGION"", ""group"": ""wh3_tms_generator_group_khorne_specific_additive"", ""priority"": 70, ""variable_group"": null}"
cai_task_management_system_task_generator_groups_generators_junctions_tables,hecleas,OVERRIDE_CHANGED,"[""wh3_tms_generator_group_kislev_specific_additive"", ""CAI_TMS_GDS_TASK_GENERATOR_TARGET_RIFTS_NEAR_OUR_REGIONS_IF_HAVENT_INTERACTED_ONLY_FULL_ARMY"", ""gds_poi_interaction_rift_teleport""]",priority,"{""generator"": ""CAI_TMS_GDS_TASK_GENERATOR_TARGET_RIFTS_NEAR_OUR_REGIONS_IF_HAVENT_INTERACTED_ONLY_FULL_ARMY"", ""group"": ""wh3_tms_generator_group_kislev_specific_additive"", ""priority"": 8, ""variable_group"": ""gds_poi_interaction_rift_teleport""}","{""generator"": ""CAI_TMS_GDS_TASK_GENERATOR_TARGET_RIFTS_NEAR_OUR_REGIONS_IF_HAVENT_INTERACTED_ONLY_FULL_ARMY"", ""group"": ""wh3_tms_generator_group_kislev_specific_additive"", ""priority"": 35, ""variable_group"": ""gds_poi_interaction_rift_teleport""}"
cai_task_management_system_task_generator_groups_generators_junctions_tables,hecleas,OVERRIDE_CHANGED,"[""wh3_tms_generator_group_minor_additive"", ""CAI_TMS_TASK_GENERATOR_ATTACK_ALL_ENEMY_FORCES"", null]",priority,"{""generator"": ""CAI_TMS_TASK_GENERATOR_ATTACK_ALL_ENEMY_FORCES"", ""group"": ""wh3_tms_generator_group_minor_additive"", ""priority"": -2, ""variable_group"": null}","{""generator"": ""CAI_TMS_TASK_GENERATOR_ATTACK_ALL_ENEMY_FORCES"", ""group"": ""wh3_tms_generator_group_minor_additive"", ""priority"": 90, ""variable_group"": null}"
cai_task_management_system_task_generator_groups_generators_junctions_tables,hecleas,OVERRIDE_CHANGED,"[""wh3_tms_generator_group_minor_additive"", ""CAI_TMS_TASK_GENERATOR_ATTACK_ALL_ENEMY_FORCES_NEAR_RECENTLY_LOST_ALLIED_HUMAN_REGION"", null]",priority,"{""generator"": ""CAI_TMS_TASK_GENERATOR_ATTACK_ALL_ENEMY_FORCES_NEAR_RECENTLY_LOST_ALLIED_HUMAN_REGION"", ""group"": ""wh3_tms_generator_group_minor_additive"", ""priority"": 3, ""variable_group"": null}","{""generator"": ""CAI_TMS_TASK_GENERATOR_ATTACK_ALL_ENEMY_FORCES_NEAR_RECENTLY_LOST_ALLIED_HUMAN_REGION"", ""group"": ""wh3_tms_generator_group_minor_additive"", ""priority"": 90, ""variable_group"": null}"
cai_task_management_system_task_generator_groups_generators_junctions_tables,hecleas,OVERRIDE_CHANGED,"[""wh3_tms_generator_group_minor_additive"", ""CAI_TMS_TASK_GENERATOR_ATTACK_ALL_ENEMY_SETTLEMENTS"", null]",priority,"{""generator"": ""CAI_TMS_TASK_GENERATOR_ATTACK_ALL_ENEMY_SETTLEMENTS"", ""group"": ""wh3_tms_generator_group_minor_additive"", ""priority"": -2, ""variable_group"": null}","{""generator"": ""CAI_TMS_TASK_GENERATOR_ATTACK_ALL_ENEMY_SETTLEMENTS"", ""group"": ""wh3_tms_generator_group_minor_additive"", ""priority"": 90, ""variable_group"": null}"
cai_task_management_system_task_generator_groups_generators_junctions_tables,hecleas,OVERRIDE_CHANGED,"[""wh3_tms_generator_group_norsca_specific_additive"", ""CAI_TMS_TASK_GENERATOR_ATTACK_ALL_ENEMY_FORCES"", null]",priority,"{""generator"": ""CAI_TMS_TASK_GENERATOR_ATTACK_ALL_ENEMY_FORCES"", ""group"": ""wh3_tms_generator_group_norsca_specific_additive"", ""priority"": 3, ""variable_group"": null}","{""generator"": ""CAI_TMS_TASK_GENERATOR_ATTACK_ALL_ENEMY_FORCES"", ""group"": ""wh3_tms_generator_group_norsca_specific_additive"", ""priority"": 90, ""variable_group"": null}"
cai_task_management_system_task_generator_groups_generators_junctions_tables,hecleas,OVERRIDE_CHANGED,"[""wh3_tms_generator_group_norsca_specific_additive"", ""CAI_TMS_TASK_GENERATOR_ATTACK_ALL_ENEMY_SETTLEMENTS"", null]",priority,"{""generator"": ""CAI_TMS_TASK_GENERATOR_ATTACK_ALL_ENEMY_SETTLEMENTS"", ""group"": ""wh3_tms_generator_group_norsca_specific_additive"", ""priority"": 3, ""variable_group"": null}","{""generator"": ""CAI_TMS_TASK_GENERATOR_ATTACK_ALL_ENEMY_SETTLEMENTS"", ""group"": ""wh3_tms_generator_group_norsca_specific_additive"", ""priority"": 90, ""variable_group"": null}"
cai_task_management_system_task_generator_groups_generators_junctions_tables,hecleas,OVERRIDE_CHANGED,"[""wh3_tms_generator_group_norsca_specific_additive"", ""CAI_TMS_TASK_GENERATOR_ATTACK_ENEMY_PORT_SETTLEMENTS"", null]",priority,"{""generator"": ""CAI_TMS_TASK_GENERATOR_ATTACK_ENEMY_PORT_SETTLEMENTS"", ""group"": ""wh3_tms_generator_group_norsca_specific_additive"", ""priority"": 5, ""variable_group"": null}","{""generator"": ""CAI_TMS_TASK_GENERATOR_ATTACK_ENEMY_PORT_SETTLEMENTS"", ""group"": ""wh3_tms_generator_group_norsca_specific_additive"", ""priority"": 90, ""variable_group"": null}"
cai_task_management_system_task_generator_groups_generators_junctions_tables,hecleas,OVERRIDE_CHANGED,"[""wh3_tms_generator_group_norsca_specific_additive"", ""CAI_TMS_TASK_GENERATOR_RAID_SETTLEMENTS_NEAR_OUR_FORCES"", null]",priority,"{""generator"": ""CAI_TMS_TASK_GENERATOR_RAID_SETTLEMENTS_NEAR_OUR_FORCES"", ""group"": ""wh3_tms_generator_group_norsca_specific_additive"", ""priority"": 2, ""variable_group"": null}","{""generator"": ""CAI_TMS_TASK_GENERATOR_RAID_SETTLEMENTS_NEAR_OUR_FORCES"", ""group"": ""wh3_tms_generator_group_norsca_specific_additive"", ""priority"": 80, ""variable_group"": null}"
cai_task_management_system_task_generator_groups_generators_junctions_tables,hecleas,OVERRIDE_CHANGED,"[""wh3_tms_generator_group_norsca_specific_additive"", ""CAI_TMS_TASK_GENERATOR_RAID_UNSTABLE_REGIONS"", null]",priority,"{""generator"": ""CAI_TMS_TASK_GENERATOR_RAID_UNSTABLE_REGIONS"", ""group"": ""wh3_tms_generator_group_norsca_specific_additive"", ""priority"": 1, ""variable_group"": null}","{""generator"": ""CAI_TMS_TASK_GENERATOR_RAID_UNSTABLE_REGIONS"", ""group"": ""wh3_tms_generator_group_norsca_specific_additive"", ""priority"": 80, ""variable_group"": null}"
cai_task_management_system_task_generator_groups_generators_junctions_tables,hecleas,OVERRIDE_CHANGED,"[""wh3_tms_generator_group_nurgle_specific_additive"", ""CAI_TMS_GDS_TASK_GENERATOR_AGENT_TARGET_ARMY_SPREAD_PLAGUE_BUBOES"", null]",priority,"{""generator"": ""CAI_TMS_GDS_TASK_GENERATOR_AGENT_TARGET_ARMY_SPREAD_PLAGUE_BUBOES"", ""group"": ""wh3_tms_generator_group_nurgle_specific_additive"", ""priority"": 20, ""variable_group"": null}","{""generator"": ""CAI_TMS_GDS_TASK_GENERATOR_AGENT_TARGET_ARMY_SPREAD_PLAGUE_BUBOES"", ""group"": ""wh3_tms_generator_group_nurgle_specific_additive"", ""priority"": 80, ""variable_group"": null}"
cai_task_management_system_task_generator_groups_generators_junctions_tables,hecleas,OVERRIDE_CHANGED,"[""wh3_tms_generator_group_nurgle_specific_additive"", ""CAI_TMS_GDS_TASK_GENERATOR_AGENT_TARGET_ARMY_SPREAD_PLAGUE_ROT"", null]",priority,"{""generator"": ""CAI_TMS_GDS_TASK_GENERATOR_AGENT_TARGET_ARMY_SPREAD_PLAGUE_ROT"", ""group"": ""wh3_tms_generator_group_nurgle_specific_additive"", ""priority"": 20, ""variable_group"": null}","{""generator"": ""CAI_TMS_GDS_TASK_GENERATOR_AGENT_TARGET_ARMY_SPREAD_PLAGUE_ROT"", ""group"": ""wh3_tms_generator_group_nurgle_specific_additive"", ""priority"": 80, ""variable_group"": null}"
cai_task_management_system_task_generator_groups_generators_junctions_tables,hecleas,OVERRIDE_CHANGED,"[""wh3_tms_generator_group_nurgle_specific_additive"", ""CAI_TMS_GDS_TASK_GENERATOR_AGENT_TARGET_SETTLEMENT_SPREAD_PLAGUE_ROT"", null]",priority,"{""generator"": ""CAI_TMS_GDS_TASK_GENERATOR_AGENT_TARGET_SETTLEMENT_SPREAD_PLAGUE_ROT"", ""group"": ""wh3_tms_generator_group_nurgle_specific_additive"", ""priority"": 100, ""variable_group"": null}","{""generator"": ""CAI_TMS_GDS_TASK_GENERATOR_AGENT_TARGET_SETTLEMENT_SPREAD_PLAGUE_ROT"", ""group"": ""wh3_tms_generator_group_nurgle_specific_additive"", ""priority"": 90, ""variable_group"": null}"
cai_task_management_system_task_generator_groups_generators_junctions_tables,hecleas,OVERRIDE_CHANGED,"[""wh3_tms_generator_group_nurgle_specific_additive"", ""CAI_TMS_TASK_GENERATOR_WITHDRAW_LOW_WINDS_OF_MAGIC_ARMIES_TO_REGION"", null]",priority,"{""generator"": ""CAI_TMS_TASK_GENERATOR_WITHDRAW_LOW_WINDS_OF_MAGIC_ARMIES_TO_REGION"", ""group"": ""wh3_tms_generator_group_nurgle_specific_additive"", ""priority"": 5, ""variable_group"": null}","{""generator"": ""CAI_TMS_TASK_GENERATOR_WITHDRAW_LOW_WINDS_OF_MAGIC_ARMIES_TO_REGION"", ""group"": ""wh3_tms_generator_group_nurgle_specific_additive"", ""priority"": 70, ""variable_group"": null}"
cai_task_management_system_task_generator_groups_generators_junctions_tables,hecleas,OVERRIDE_CHANGED,"[""wh3_tms_generator_group_passive"", ""CAI_TMS_GDS_TASK_GENERATOR_DEFEND_OWN_REGIONS"", null]",priority,"{""generator"": ""CAI_TMS_GDS_TASK_GENERATOR_DEFEND_OWN_REGIONS"", ""group"": ""wh3_tms_generator_group_passive"", ""priority"": 1, ""variable_group"": null}","{""generator"": ""CAI_TMS_GDS_TASK_GENERATOR_DEFEND_OWN_REGIONS"", ""group"": ""wh3_tms_generator_group_passive"", ""priority"": 30, ""variable_group"": null}"
cai_task_management_system_task_generator_groups_generators_junctions_tables,hecleas,OVERRIDE_CHANGED,"[""wh3_tms_generator_group_passive"", ""CAI_TMS_GDS_TASK_GENERATOR_DEFEND_REGIONS_NEIGHBOURING_ENEMY"", null]",priority,"{""generator"": ""CAI_TMS_GDS_TASK_GENERATOR_DEFEND_REGIONS_NEIGHBOURING_ENEMY"", ""group"": ""wh3_tms_generator_group_passive"", ""priority"": 1, ""variable_group"": null}","{""generator"": ""CAI_TMS_GDS_TASK_GENERATOR_DEFEND_REGIONS_NEIGHBOURING_ENEMY"", ""group"": ""wh3_tms_generator_group_passive"", ""priority"": 80, ""variable_group"": null}"
cai_task_management_system_task_generator_groups_generators_junctions_tables,hecleas,OVERRIDE_CHANGED,"[""wh3_tms_generator_group_passive"", ""CAI_TMS_GDS_TASK_GENERATOR_WITHDRAW_TO_CAPITOL_WHEN_TRESPASS_WARNED"", null]",priority,"{""generator"": ""CAI_TMS_GDS_TASK_GENERATOR_WITHDRAW_TO_CAPITOL_WHEN_TRESPASS_WARNED"", ""group"": ""wh3_tms_generator_group_passive"", ""priority"": 15, ""variable_group"": null}","{""generator"": ""CAI_TMS_GDS_TASK_GENERATOR_WITHDRAW_TO_CAPITOL_WHEN_TRESPASS_WARNED"", ""group"": ""wh3_tms_generator_group_passive"", ""priority"": 30, ""variable_group"": null}"
cai_task_management_system_task_generator_groups_generators_junctions_tables,hecleas,OVERRIDE_CHANGED,"[""wh3_tms_generator_group_passive"", ""CAI_TMS_TASK_GENERATOR_ACTIVELY_DEFEND_CAPITAL"", null]",priority,"{""generator"": ""CAI_TMS_TASK_GENERATOR_ACTIVELY_DEFEND_CAPITAL"", ""group"": ""wh3_tms_generator_group_passive"", ""priority"": 0.80000001, ""variable_group"": null}","{""generator"": ""CAI_TMS_TASK_GENERATOR_ACTIVELY_DEFEND_CAPITAL"", ""group"": ""wh3_tms_generator_group_passive"", ""priority"": 25, ""variable_group"": null}"
cai_task_management_system_task_generator_groups_generators_junctions_tables,hecleas,OVERRIDE_CHANGED,"[""wh3_tms_generator_group_passive"", ""CAI_TMS_TASK_GENERATOR_ACTIVELY_DEFEND_RECENTLY_CAPTURED_ALLIED_HUMAN_TERRITORY"", null]",priority,"{""generator"": ""CAI_TMS_TASK_GENERATOR_ACTIVELY_DEFEND_RECENTLY_CAPTURED_ALLIED_HUMAN_TERRITORY"", ""group"": ""wh3_tms_generator_group_passive"", ""priority"": 4, ""variable_group"": null}","{""generator"": ""CAI_TMS_TASK_GENERATOR_ACTIVELY_DEFEND_RECENTLY_CAPTURED_ALLIED_HUMAN_TERRITORY"", ""group"": ""wh3_tms_generator_group_passive"", ""priority"": 20, ""variable_group"": null}"
cai_task_management_system_task_generator_groups_generators_junctions_tables,hecleas,OVERRIDE_CHANGED,"[""wh3_tms_generator_group_passive"", ""CAI_TMS_TASK_GENERATOR_ACTIVELY_DEFEND_REGIONS_NEIGHBOURING_ENEMY_MAIN_THREAT"", null]",priority,"{""generator"": ""CAI_TMS_TASK_GENERATOR_ACTIVELY_DEFEND_REGIONS_NEIGHBOURING_ENEMY_MAIN_THREAT"", ""group"": ""wh3_tms_generator_group_passive"", ""priority"": 1, ""variable_group"": null}","{""generator"": ""CAI_TMS_TASK_GENERATOR_ACTIVELY_DEFEND_REGIONS_NEIGHBOURING_ENEMY_MAIN_THREAT"", ""group"": ""wh3_tms_generator_group_passive"", ""priority"": 90, ""variable_group"": null}"
cai_task_management_system_task_generator_groups_generators_junctions_tables,hecleas,OVERRIDE_CHANGED,"[""wh3_tms_generator_group_passive"", ""CAI_TMS_TASK_GENERATOR_ACTIVELY_DEFEND_REGIONS_NEIGHBOURING_MAIN_THREAT"", null]",priority,"{""generator"": ""CAI_TMS_TASK_GENERATOR_ACTIVELY_DEFEND_REGIONS_NEIGHBOURING_MAIN_THREAT"", ""group"": ""wh3_tms_generator_group_passive"", ""priority"": 1, ""variable_group"": null}","{""generator"": ""CAI_TMS_TASK_GENERATOR_ACTIVELY_DEFEND_REGIONS_NEIGHBOURING_MAIN_THREAT"", ""group"": ""wh3_tms_generator_group_passive"", ""priority"": 50, ""variable_group"": null}"
cai_task_management_system_task_generator_groups_generators_junctions_tables,hecleas,OVERRIDE_CHANGED,"[""wh3_tms_generator_group_passive"", ""CAI_TMS_TASK_GENERATOR_ATTACK_ALL_ENEMY_FORCES"", null]",priority,"{""generator"": ""CAI_TMS_TASK_GENERATOR_ATTACK_ALL_ENEMY_FORCES"", ""group"": ""wh3_tms_generator_group_passive"", ""priority"": 1, ""variable_group"": null}","{""generator"": ""CAI_TMS_TASK_GENERATOR_ATTACK_ALL_ENEMY_FORCES"", ""group"": ""wh3_tms_generator_group_passive"", ""priority"": 90, ""variable_group"": null}"
cai_task_management_system_task_generator_groups_generators_junctions_tables,hecleas,OVERRIDE_CHANGED,"[""wh3_tms_generator_group_passive"", ""CAI_TMS_TASK_GENERATOR_ATTACK_ALL_ENEMY_HUMAN_FORCES_NEAR_RECENTLY_LOST_ALLIED_REGION"", null]",priority,"{""generator"": ""CAI_TMS_TASK_GENERATOR_ATTACK_ALL_ENEMY_HUMAN_FORCES_NEAR_RECENTLY_LOST_ALLIED_REGION"", ""group"": ""wh3_tms_generator_group_passive"", ""priority"": 0.40000001, ""variable_group"": null}","{""generator"": ""CAI_TMS_TASK_GENERATOR_ATTACK_ALL_ENEMY_HUMAN_FORCES_NEAR_RECENTLY_LOST_ALLIED_REGION"", ""group"": ""wh3_tms_generator_group_passive"", ""priority"": 90, ""variable_group"": null}"
cai_task_management_system_task_generator_groups_generators_junctions_tables,hecleas,OVERRIDE_CHANGED,"[""wh3_tms_generator_group_passive"", ""CAI_TMS_TASK_GENERATOR_ATTACK_ALL_ENEMY_MAIN_THREAT_FORCES"", null]",priority,"{""generator"": ""CAI_TMS_TASK_GENERATOR_ATTACK_ALL_ENEMY_MAIN_THREAT_FORCES"", ""group"": ""wh3_tms_generator_group_passive"", ""priority"": 1, ""variable_group"": null}","{""generator"": ""CAI_TMS_TASK_GENERATOR_ATTACK_ALL_ENEMY_MAIN_THREAT_FORCES"", ""group"": ""wh3_tms_generator_group_passive"", ""priority"": 94, ""variable_group"": null}"
cai_task_management_system_task_generator_groups_generators_junctions_tables,hecleas,OVERRIDE_CHANGED,"[""wh3_tms_generator_group_passive"", ""CAI_TMS_TASK_GENERATOR_ATTACK_ALL_ENEMY_SETTLEMENTS_IF_HAVENT_EXPANDED_RECENTLY"", ""timed_priority_boost_quick""]",priority,"{""generator"": ""CAI_TMS_TASK_GENERATOR_ATTACK_ALL_ENEMY_SETTLEMENTS_IF_HAVENT_EXPANDED_RECENTLY"", ""group"": ""wh3_tms_generator_group_passive"", ""priority"": 3, ""variable_group"": ""timed_priority_boost_quick""}","{""generator"": ""CAI_TMS_TASK_GENERATOR_ATTACK_ALL_ENEMY_SETTLEMENTS_IF_HAVENT_EXPANDED_RECENTLY"", ""group"": ""wh3_tms_generator_group_passive"", ""priority"": 90, ""variable_group"": ""timed_priority_boost_quick""}"
cai_task_management_system_task_generator_groups_generators_junctions_tables,hecleas,OVERRIDE_CHANGED,"[""wh3_tms_generator_group_passive"", ""CAI_TMS_TASK_GENERATOR_ATTACK_ALL_LOCAL_AGENTS_LEVEL_SCALED"", null]",priority,"{""generator"": ""CAI_TMS_TASK_GENERATOR_ATTACK_ALL_LOCAL_AGENTS_LEVEL_SCALED"", ""group"": ""wh3_tms_generator_group_passive"", ""priority"": 1, ""variable_group"": null}","{""generator"": ""CAI_TMS_TASK_GENERATOR_ATTACK_ALL_LOCAL_AGENTS_LEVEL_SCALED"", ""group"": ""wh3_tms_generator_group_passive"", ""priority"": 80, ""variable_group"": null}"
cai_task_management_system_task_generator_groups_generators_junctions_tables,hecleas,OVERRIDE_CHANGED,"[""wh3_tms_generator_group_passive"", ""CAI_TMS_TASK_GENERATOR_ATTACK_ALL_LOCAL_FORCES_SIZE_SCALED"", null]",priority,"{""generator"": ""CAI_TMS_TASK_GENERATOR_ATTACK_ALL_LOCAL_FORCES_SIZE_SCALED"", ""group"": ""wh3_tms_generator_group_passive"", ""priority"": 1, ""variable_group"": null}","{""generator"": ""CAI_TMS_TASK_GENERATOR_ATTACK_ALL_LOCAL_FORCES_SIZE_SCALED"", ""group"": ""wh3_tms_generator_group_passive"", ""priority"": 90, ""variable_group"": null}"
cai_task_management_system_task_generator_groups_generators_junctions_tables,hecleas,OVERRIDE_CHANGED,"[""wh3_tms_generator_group_passive"", ""CAI_TMS_TASK_GENERATOR_ATTACK_NEIGHBOURING_WAR_REGIONS"", null]",priority,"{""generator"": ""CAI_TMS_TASK_GENERATOR_ATTACK_NEIGHBOURING_WAR_REGIONS"", ""group"": ""wh3_tms_generator_group_passive"", ""priority"": 1, ""variable_group"": null}","{""generator"": ""CAI_TMS_TASK_GENERATOR_ATTACK_NEIGHBOURING_WAR_REGIONS"", ""group"": ""wh3_tms_generator_group_passive"", ""priority"": 92, ""variable_group"": null}"
cai_task_management_system_task_generator_groups_generators_junctions_tables,hecleas,OVERRIDE_CHANGED,"[""wh3_tms_generator_group_passive"", ""CAI_TMS_TASK_GENERATOR_ATTACK_TAGGING_FACTION_AGENTS_WITH_TAGGED_AGENTS"", null]",priority,"{""generator"": ""CAI_TMS_TASK_GENERATOR_ATTACK_TAGGING_FACTION_AGENTS_WITH_TAGGED_AGENTS"", ""group"": ""wh3_tms_generator_group_passive"", ""priority"": 1, ""variable_group"": null}","{""generator"": ""CAI_TMS_TASK_GENERATOR_ATTACK_TAGGING_FACTION_AGENTS_WITH_TAGGED_AGENTS"", ""group"": ""wh3_tms_generator_group_passive"", ""priority"": 80, ""variable_group"": null}"
cai_task_management_system_task_generator_groups_generators_junctions_tables,hecleas,OVERRIDE_CHANGED,"[""wh3_tms_generator_group_passive"", ""CAI_TMS_TASK_GENERATOR_ATTACK_TAGGING_FACTION_FORCES_WITH_TAGGED_FORCES"", null]",priority,"{""generator"": ""CAI_TMS_TASK_GENERATOR_ATTACK_TAGGING_FACTION_FORCES_WITH_TAGGED_FORCES"", ""group"": ""wh3_tms_generator_group_passive"", ""priority"": 1, ""variable_group"": null}","{""generator"": ""CAI_TMS_TASK_GENERATOR_ATTACK_TAGGING_FACTION_FORCES_WITH_TAGGED_FORCES"", ""group"": ""wh3_tms_generator_group_passive"", ""priority"": 90, ""variable_group"": null}"
cai_task_management_system_task_generator_groups_generators_junctions_tables,hecleas,OVERRIDE_CHANGED,"[""wh3_tms_generator_group_passive"", ""CAI_TMS_TASK_GENERATOR_COMPLETE_PROVINCE"", null]",priority,"{""generator"": ""CAI_TMS_TASK_GENERATOR_COMPLETE_PROVINCE"", ""group"": ""wh3_tms_generator_group_passive"", ""priority"": 1, ""variable_group"": null}","{""generator"": ""CAI_TMS_TASK_GENERATOR_COMPLETE_PROVINCE"", ""group"": ""wh3_tms_generator_group_passive"", ""priority"": 80, ""variable_group"": null}"
cai_task_management_system_task_generator_groups_generators_junctions_tables,hecleas,OVERRIDE_CHANGED,"[""wh3_tms_generator_group_passive"", ""CAI_TMS_TASK_GENERATOR_DEFEND_OWNED_REGIONS"", null]",priority,"{""generator"": ""CAI_TMS_TASK_GENERATOR_DEFEND_OWNED_REGIONS"", ""group"": ""wh3_tms_generator_group_passive"", ""priority"": 1, ""variable_group"": null}","{""generator"": ""CAI_TMS_TASK_GENERATOR_DEFEND_OWNED_REGIONS"", ""group"": ""wh3_tms_generator_group_passive"", ""priority"": 30, ""variable_group"": null}"
cai_task_management_system_task_generator_groups_generators_junctions_tables,hecleas,OVERRIDE_CHANGED,"[""wh3_tms_generator_group_passive"", ""CAI_TMS_TASK_GENERATOR_SALLY_OUT_BEFORE_SETTLEMENT_LOSS"", null]",priority,"{""generator"": ""CAI_TMS_TASK_GENERATOR_SALLY_OUT_BEFORE_SETTLEMENT_LOSS"", ""group"": ""wh3_tms_generator_group_passive"", ""priority"": 1, ""variable_group"": null}","{""generator"": ""CAI_TMS_TASK_GENERATOR_SALLY_OUT_BEFORE_SETTLEMENT_LOSS"", ""group"": ""wh3_tms_generator_group_passive"", ""priority"": 90, ""variable_group"": null}"
cai_task_management_system_task_generator_groups_generators_junctions_tables,hecleas,OVERRIDE_CHANGED,"[""wh3_tms_generator_group_passive"", ""CAI_TMS_TASK_GENERATOR_WAR_COORDINATION_ATTACK_FORCES"", null]",priority,"{""generator"": ""CAI_TMS_TASK_GENERATOR_WAR_COORDINATION_ATTACK_FORCES"", ""group"": ""wh3_tms_generator_group_passive"", ""priority"": 10, ""variable_group"": null}","{""generator"": ""CAI_TMS_TASK_GENERATOR_WAR_COORDINATION_ATTACK_FORCES"", ""group"": ""wh3_tms_generator_group_passive"", ""priority"": 92, ""variable_group"": null}"
cai_task_management_system_task_generator_groups_generators_junctions_tables,hecleas,OVERRIDE_CHANGED,"[""wh3_tms_generator_group_passive"", ""CAI_TMS_TASK_GENERATOR_WAR_COORDINATION_ATTACK_REGIONS"", null]",priority,"{""generator"": ""CAI_TMS_TASK_GENERATOR_WAR_COORDINATION_ATTACK_REGIONS"", ""group"": ""wh3_tms_generator_group_passive"", ""priority"": 10, ""variable_group"": null}","{""generator"": ""CAI_TMS_TASK_GENERATOR_WAR_COORDINATION_ATTACK_REGIONS"", ""group"": ""wh3_tms_generator_group_passive"", ""priority"": 92, ""variable_group"": null}"
cai_task_management_system_task_generator_groups_generators_junctions_tables,hecleas,OVERRIDE_CHANGED,"[""wh3_tms_generator_group_passive"", ""CAI_TMS_TASK_GENERATOR_WAR_COORDINATION_DEFEND_FORCES"", null]",priority,"{""generator"": ""CAI_TMS_TASK_GENERATOR_WAR_COORDINATION_DEFEND_FORCES"", ""group"": ""wh3_tms_generator_group_passive"", ""priority"": 10, ""variable_group"": null}","{""generator"": ""CAI_TMS_TASK_GENERATOR_WAR_COORDINATION_DEFEND_FORCES"", ""group"": ""wh3_tms_generator_group_passive"", ""priority"": 86, ""variable_group"": null}"
cai_task_management_system_task_generator_groups_generators_junctions_tables,hecleas,OVERRIDE_CHANGED,"[""wh3_tms_generator_group_passive"", ""CAI_TMS_TASK_GENERATOR_WAR_COORDINATION_DEFEND_REGIONS"", null]",priority,"{""generator"": ""CAI_TMS_TASK_GENERATOR_WAR_COORDINATION_DEFEND_REGIONS"", ""group"": ""wh3_tms_generator_group_passive"", ""priority"": 10, ""variable_group"": null}","{""generator"": ""CAI_TMS_TASK_GENERATOR_WAR_COORDINATION_DEFEND_REGIONS"", ""group"": ""wh3_tms_generator_group_passive"", ""priority"": 86, ""variable_group"": null}"
cai_task_management_system_task_generator_groups_generators_junctions_tables,hecleas,OVERRIDE_CHANGED,"[""wh3_tms_generator_group_prologue_active"", ""CAI_TMS_GDS_TASK_GENERATOR_AGENT_ATTACK_ALL_ENEMY_AGENTS"", null]",priority,"{""generator"": ""CAI_TMS_GDS_TASK_GENERATOR_AGENT_ATTACK_ALL_ENEMY_AGENTS"", ""group"": ""wh3_tms_generator_group_prologue_active"", ""priority"": 1, ""variable_group"": null}","{""generator"": ""CAI_TMS_GDS_TASK_GENERATOR_AGENT_ATTACK_ALL_ENEMY_AGENTS"", ""group"": ""wh3_tms_generator_group_prologue_active"", ""priority"": 80, ""variable_group"": null}"
cai_task_management_system_task_generator_groups_generators_junctions_tables,hecleas,OVERRIDE_CHANGED,"[""wh3_tms_generator_group_prologue_active"", ""CAI_TMS_GDS_TASK_GENERATOR_AGENT_ATTACK_ALL_ENEMY_FORCES"", null]",priority,"{""generator"": ""CAI_TMS_GDS_TASK_GENERATOR_AGENT_ATTACK_ALL_ENEMY_FORCES"", ""group"": ""wh3_tms_generator_group_prologue_active"", ""priority"": 1, ""variable_group"": null}","{""generator"": ""CAI_TMS_GDS_TASK_GENERATOR_AGENT_ATTACK_ALL_ENEMY_FORCES"", ""group"": ""wh3_tms_generator_group_prologue_active"", ""priority"": 80, ""variable_group"": null}"
cai_task_management_system_task_generator_groups_generators_junctions_tables,hecleas,OVERRIDE_CHANGED,"[""wh3_tms_generator_group_prologue_active"", ""CAI_TMS_GDS_TASK_GENERATOR_AGENT_ATTACK_ALL_ENEMY_SETTLEMENTS"", null]",priority,"{""generator"": ""CAI_TMS_GDS_TASK_GENERATOR_AGENT_ATTACK_ALL_ENEMY_SETTLEMENTS"", ""group"": ""wh3_tms_generator_group_prologue_active"", ""priority"": 1, ""variable_group"": null}","{""generator"": ""CAI_TMS_GDS_TASK_GENERATOR_AGENT_ATTACK_ALL_ENEMY_SETTLEMENTS"", ""group"": ""wh3_tms_generator_group_prologue_active"", ""priority"": 80, ""variable_group"": null}"
cai_task_management_system_task_generator_groups_generators_junctions_tables,hecleas,OVERRIDE_CHANGED,"[""wh3_tms_generator_group_prologue_active"", ""CAI_TMS_TASK_GENERATOR_ACTIVELY_DEFEND_THREATENED_REGIONS"", null]",priority,"{""generator"": ""CAI_TMS_TASK_GENERATOR_ACTIVELY_DEFEND_THREATENED_REGIONS"", ""group"": ""wh3_tms_generator_group_prologue_active"", ""priority"": 1, ""variable_group"": null}","{""generator"": ""CAI_TMS_TASK_GENERATOR_ACTIVELY_DEFEND_THREATENED_REGIONS"", ""group"": ""wh3_tms_generator_group_prologue_active"", ""priority"": 94, ""variable_group"": null}"
cai_task_management_system_task_generator_groups_generators_junctions_tables,hecleas,OVERRIDE_CHANGED,"[""wh3_tms_generator_group_prologue_active"", ""CAI_TMS_TASK_GENERATOR_ATTACK_ALL_ENEMY_FORCES"", null]",priority,"{""generator"": ""CAI_TMS_TASK_GENERATOR_ATTACK_ALL_ENEMY_FORCES"", ""group"": ""wh3_tms_generator_group_prologue_active"", ""priority"": 1, ""variable_group"": null}","{""generator"": ""CAI_TMS_TASK_GENERATOR_ATTACK_ALL_ENEMY_FORCES"", ""group"": ""wh3_tms_generator_group_prologue_active"", ""priority"": 90, ""variable_group"": null}"
cai_task_management_system_task_generator_groups_generators_junctions_tables,hecleas,OVERRIDE_CHANGED,"[""wh3_tms_generator_group_prologue_active"", ""CAI_TMS_TASK_GENERATOR_ATTACK_ALL_ENEMY_FORCES_NEAR_RECENTLY_LOST_REGIONS"", null]",priority,"{""generator"": ""CAI_TMS_TASK_GENERATOR_ATTACK_ALL_ENEMY_FORCES_NEAR_RECENTLY_LOST_REGIONS"", ""group"": ""wh3_tms_generator_group_prologue_active"", ""priority"": 0.5, ""variable_group"": null}","{""generator"": ""CAI_TMS_TASK_GENERATOR_ATTACK_ALL_ENEMY_FORCES_NEAR_RECENTLY_LOST_REGIONS"", ""group"": ""wh3_tms_generator_group_prologue_active"", ""priority"": 90, ""variable_group"": null}"
cai_task_management_system_task_generator_groups_generators_junctions_tables,hecleas,OVERRIDE_CHANGED,"[""wh3_tms_generator_group_prologue_active"", ""CAI_TMS_TASK_GENERATOR_ATTACK_ALL_ENEMY_HUMAN_FORCES"", null]",priority,"{""generator"": ""CAI_TMS_TASK_GENERATOR_ATTACK_ALL_ENEMY_HUMAN_FORCES"", ""group"": ""wh3_tms_generator_group_prologue_active"", ""priority"": 2, ""variable_group"": null}","{""generator"": ""CAI_TMS_TASK_GENERATOR_ATTACK_ALL_ENEMY_HUMAN_FORCES"", ""group"": ""wh3_tms_generator_group_prologue_active"", ""priority"": 90, ""variable_group"": null}"
cai_task_management_system_task_generator_groups_generators_junctions_tables,hecleas,OVERRIDE_CHANGED,"[""wh3_tms_generator_group_prologue_active"", ""CAI_TMS_TASK_GENERATOR_ATTACK_ALL_ENEMY_SETTLEMENTS"", null]",priority,"{""generator"": ""CAI_TMS_TASK_GENERATOR_ATTACK_ALL_ENEMY_SETTLEMENTS"", ""group"": ""wh3_tms_generator_group_prologue_active"", ""priority"": 1, ""variable_group"": null}","{""generator"": ""CAI_TMS_TASK_GENERATOR_ATTACK_ALL_ENEMY_SETTLEMENTS"", ""group"": ""wh3_tms_generator_group_prologue_active"", ""priority"": 90, ""variable_group"": null}"
cai_task_management_system_task_generator_groups_generators_junctions_tables,hecleas,OVERRIDE_CHANGED,"[""wh3_tms_generator_group_prologue_active"", ""CAI_TMS_TASK_GENERATOR_DEFEND_OWNED_REGIONS"", null]",priority,"{""generator"": ""CAI_TMS_TASK_GENERATOR_DEFEND_OWNED_REGIONS"", ""group"": ""wh3_tms_generator_group_prologue_active"", ""priority"": 1, ""variable_group"": null}","{""generator"": ""CAI_TMS_TASK_GENERATOR_DEFEND_OWNED_REGIONS"", ""group"": ""wh3_tms_generator_group_prologue_active"", ""priority"": 30, ""variable_group"": null}"
cai_task_management_system_task_generator_groups_generators_junctions_tables,hecleas,OVERRIDE_CHANGED,"[""wh3_tms_generator_group_prologue_active"", ""CAI_TMS_TASK_GENERATOR_RAID_SETTLEMENTS_NEAR_OUR_FORCES"", null]",priority,"{""generator"": ""CAI_TMS_TASK_GENERATOR_RAID_SETTLEMENTS_NEAR_OUR_FORCES"", ""group"": ""wh3_tms_generator_group_prologue_active"", ""priority"": 1, ""variable_group"": null}","{""generator"": ""CAI_TMS_TASK_GENERATOR_RAID_SETTLEMENTS_NEAR_OUR_FORCES"", ""group"": ""wh3_tms_generator_group_prologue_active"", ""priority"": 80, ""variable_group"": null}"
cai_task_management_system_task_generator_groups_generators_junctions_tables,hecleas,OVERRIDE_CHANGED,"[""wh3_tms_generator_group_prologue_active"", ""CAI_TMS_TASK_GENERATOR_RECAPTURE_RECENTLY_LOST_TERRITORY"", null]",priority,"{""generator"": ""CAI_TMS_TASK_GENERATOR_RECAPTURE_RECENTLY_LOST_TERRITORY"", ""group"": ""wh3_tms_generator_group_prologue_active"", ""priority"": 0.5, ""variable_group"": null}","{""generator"": ""CAI_TMS_TASK_GENERATOR_RECAPTURE_RECENTLY_LOST_TERRITORY"", ""group"": ""wh3_tms_generator_group_prologue_active"", ""priority"": 100, ""variable_group"": null}"
cai_task_management_system_task_generator_groups_generators_junctions_tables,hecleas,OVERRIDE_CHANGED,"[""wh3_tms_generator_group_prologue_defensive"", ""CAI_TMS_TASK_GENERATOR_ACTIVELY_DEFEND_THREATENED_REGIONS"", null]",priority,"{""generator"": ""CAI_TMS_TASK_GENERATOR_ACTIVELY_DEFEND_THREATENED_REGIONS"", ""group"": ""wh3_tms_generator_group_prologue_defensive"", ""priority"": 1, ""variable_group"": null}","{""generator"": ""CAI_TMS_TASK_GENERATOR_ACTIVELY_DEFEND_THREATENED_REGIONS"", ""group"": ""wh3_tms_generator_group_prologue_defensive"", ""priority"": 94, ""variable_group"": null}"
cai_task_management_system_task_generator_groups_generators_junctions_tables,hecleas,OVERRIDE_CHANGED,"[""wh3_tms_generator_group_prologue_defensive"", ""CAI_TMS_TASK_GENERATOR_DEFEND_OWNED_REGIONS"", null]",priority,"{""generator"": ""CAI_TMS_TASK_GENERATOR_DEFEND_OWNED_REGIONS"", ""group"": ""wh3_tms_generator_group_prologue_defensive"", ""priority"": 1, ""variable_group"": null}","{""generator"": ""CAI_TMS_TASK_GENERATOR_DEFEND_OWNED_REGIONS"", ""group"": ""wh3_tms_generator_group_prologue_defensive"", ""priority"": 30, ""variable_group"": null}"
cai_task_management_system_task_generator_groups_generators_junctions_tables,hecleas,OVERRIDE_CHANGED,"[""wh3_tms_generator_group_prologue_passive"", ""CAI_TMS_GDS_TASK_GENERATOR_RAID_ANY_SETTLEMENT_NEAR_OUR_FORCES"", null]",priority,"{""generator"": ""CAI_TMS_GDS_TASK_GENERATOR_RAID_ANY_SETTLEMENT_NEAR_OUR_FORCES"", ""group"": ""wh3_tms_generator_group_prologue_passive"", ""priority"": 0, ""variable_group"": null}","{""generator"": ""CAI_TMS_GDS_TASK_GENERATOR_RAID_ANY_SETTLEMENT_NEAR_OUR_FORCES"", ""group"": ""wh3_tms_generator_group_prologue_passive"", ""priority"": 80, ""variable_group"": null}"
cai_task_management_system_task_generator_groups_generators_junctions_tables,hecleas,OVERRIDE_CHANGED,"[""wh3_tms_generator_group_prologue_passive"", ""CAI_TMS_TASK_GENERATOR_ACTIVELY_DEFEND_THREATENED_REGIONS"", null]",priority,"{""generator"": ""CAI_TMS_TASK_GENERATOR_ACTIVELY_DEFEND_THREATENED_REGIONS"", ""group"": ""wh3_tms_generator_group_prologue_passive"", ""priority"": 0.5, ""variable_group"": null}","{""generator"": ""CAI_TMS_TASK_GENERATOR_ACTIVELY_DEFEND_THREATENED_REGIONS"", ""group"": ""wh3_tms_generator_group_prologue_passive"", ""priority"": 94, ""variable_group"": null}"
cai_task_management_system_task_generator_groups_generators_junctions_tables,hecleas,OVERRIDE_CHANGED,"[""wh3_tms_generator_group_prologue_passive"", ""CAI_TMS_TASK_GENERATOR_DEFEND_ALLIED_TERRITORY"", null]",priority,"{""generator"": ""CAI_TMS_TASK_GENERATOR_DEFEND_ALLIED_TERRITORY"", ""group"": ""wh3_tms_generator_group_prologue_passive"", ""priority"": 1, ""variable_group"": null}","{""generator"": ""CAI_TMS_TASK_GENERATOR_DEFEND_ALLIED_TERRITORY"", ""group"": ""wh3_tms_generator_group_prologue_passive"", ""priority"": 20, ""variable_group"": null}"
cai_task_management_system_task_generator_groups_generators_junctions_tables,hecleas,OVERRIDE_CHANGED,"[""wh3_tms_generator_group_prologue_passive"", ""CAI_TMS_TASK_GENERATOR_DEFEND_OWNED_REGIONS"", null]",priority,"{""generator"": ""CAI_TMS_TASK_GENERATOR_DEFEND_OWNED_REGIONS"", ""group"": ""wh3_tms_generator_group_prologue_passive"", ""priority"": 1, ""variable_group"": null}","{""generator"": ""CAI_TMS_TASK_GENERATOR_DEFEND_OWNED_REGIONS"", ""group"": ""wh3_tms_generator_group_prologue_passive"", ""priority"": 30, ""variable_group"": null}"
cai_task_management_system_task_generator_groups_generators_junctions_tables,hecleas,OVERRIDE_CHANGED,"[""wh3_tms_generator_group_regionless"", ""CAI_TMS_GDS_TASK_GENERATOR_COLONISE_ABANDONED_SETTLEMENTS_NEAR_OUR_FORCES"", null]",priority,"{""generator"": ""CAI_TMS_GDS_TASK_GENERATOR_COLONISE_ABANDONED_SETTLEMENTS_NEAR_OUR_FORCES"", ""group"": ""wh3_tms_generator_group_regionless"", ""priority"": 3, ""variable_group"": null}","{""generator"": ""CAI_TMS_GDS_TASK_GENERATOR_COLONISE_ABANDONED_SETTLEMENTS_NEAR_OUR_FORCES"", ""group"": ""wh3_tms_generator_group_regionless"", ""priority"": 90, ""variable_group"": null}"
cai_task_management_system_task_generator_groups_generators_junctions_tables,hecleas,OVERRIDE_CHANGED,"[""wh3_tms_generator_group_regionless"", ""CAI_TMS_GDS_TASK_GENERATOR_HORDE_MOVE_TO_ATTACK_ENEMY_FORCES_WHEN_TRESPASS_WARNED"", null]",priority,"{""generator"": ""CAI_TMS_GDS_TASK_GENERATOR_HORDE_MOVE_TO_ATTACK_ENEMY_FORCES_WHEN_TRESPASS_WARNED"", ""group"": ""wh3_tms_generator_group_regionless"", ""priority"": 15, ""variable_group"": null}","{""generator"": ""CAI_TMS_GDS_TASK_GENERATOR_HORDE_MOVE_TO_ATTACK_ENEMY_FORCES_WHEN_TRESPASS_WARNED"", ""group"": ""wh3_tms_generator_group_regionless"", ""priority"": 90, ""variable_group"": null}"
cai_task_management_system_task_generator_groups_generators_junctions_tables,hecleas,OVERRIDE_CHANGED,"[""wh3_tms_generator_group_regionless"", ""CAI_TMS_GDS_TASK_GENERATOR_RAID_ANY_SETTLEMENT_NEAR_OUR_FORCES"", null]",priority,"{""generator"": ""CAI_TMS_GDS_TASK_GENERATOR_RAID_ANY_SETTLEMENT_NEAR_OUR_FORCES"", ""group"": ""wh3_tms_generator_group_regionless"", ""priority"": 0.5, ""variable_group"": null}","{""generator"": ""CAI_TMS_GDS_TASK_GENERATOR_RAID_ANY_SETTLEMENT_NEAR_OUR_FORCES"", ""group"": ""wh3_tms_generator_group_regionless"", ""priority"": 80, ""variable_group"": null}"
cai_task_management_system_task_generator_groups_generators_junctions_tables,hecleas,OVERRIDE_CHANGED,"[""wh3_tms_generator_group_regionless"", ""CAI_TMS_TASK_GENERATOR_ATTACK_ALL_ENEMY_HUMAN_SETTLEMENTS"", null]",priority,"{""generator"": ""CAI_TMS_TASK_GENERATOR_ATTACK_ALL_ENEMY_HUMAN_SETTLEMENTS"", ""group"": ""wh3_tms_generator_group_regionless"", ""priority"": 0.5, ""variable_group"": null}","{""generator"": ""CAI_TMS_TASK_GENERATOR_ATTACK_ALL_ENEMY_HUMAN_SETTLEMENTS"", ""group"": ""wh3_tms_generator_group_regionless"", ""priority"": 90, ""variable_group"": null}"
cai_task_management_system_task_generator_groups_generators_junctions_tables,hecleas,OVERRIDE_CHANGED,"[""wh3_tms_generator_group_regionless"", ""CAI_TMS_TASK_GENERATOR_ATTACK_ALL_ENEMY_SETTLEMENTS"", null]",priority,"{""generator"": ""CAI_TMS_TASK_GENERATOR_ATTACK_ALL_ENEMY_SETTLEMENTS"", ""group"": ""wh3_tms_generator_group_regionless"", ""priority"": 1, ""variable_group"": null}","{""generator"": ""CAI_TMS_TASK_GENERATOR_ATTACK_ALL_ENEMY_SETTLEMENTS"", ""group"": ""wh3_tms_generator_group_regionless"", ""priority"": 90, ""variable_group"": null}"
cai_task_management_system_task_generator_groups_generators_junctions_tables,hecleas,OVERRIDE_CHANGED,"[""wh3_tms_generator_group_regionless"", ""CAI_TMS_TASK_GENERATOR_ATTACK_ENEMY_SETTLEMENTS_LOCAL_TO_OUR_FORCES_THAT_ARE_BESIEGED_BY_OUR_ALLIES"", null]",priority,"{""generator"": ""CAI_TMS_TASK_GENERATOR_ATTACK_ENEMY_SETTLEMENTS_LOCAL_TO_OUR_FORCES_THAT_ARE_BESIEGED_BY_OUR_ALLIES"", ""group"": ""wh3_tms_generator_group_regionless"", ""priority"": 1, ""variable_group"": null}","{""generator"": ""CAI_TMS_TASK_GENERATOR_ATTACK_ENEMY_SETTLEMENTS_LOCAL_TO_OUR_FORCES_THAT_ARE_BESIEGED_BY_OUR_ALLIES"", ""group"": ""wh3_tms_generator_group_regionless"", ""priority"": 90, ""variable_group"": null}"
cai_task_management_system_task_generator_groups_generators_junctions_tables,hecleas,OVERRIDE_CHANGED,"[""wh3_tms_generator_group_regionless"", ""CAI_TMS_TASK_GENERATOR_ATTACK_SETTLEMENTS_NEAR_OUR_FORCES"", null]",priority,"{""generator"": ""CAI_TMS_TASK_GENERATOR_ATTACK_SETTLEMENTS_NEAR_OUR_FORCES"", ""group"": ""wh3_tms_generator_group_regionless"", ""priority"": 0.5, ""variable_group"": null}","{""generator"": ""CAI_TMS_TASK_GENERATOR_ATTACK_SETTLEMENTS_NEAR_OUR_FORCES"", ""group"": ""wh3_tms_generator_group_regionless"", ""priority"": 90, ""variable_group"": null}"
cai_task_management_system_task_generator_groups_generators_junctions_tables,hecleas,OVERRIDE_CHANGED,"[""wh3_tms_generator_group_regionless"", ""CAI_TMS_TASK_GENERATOR_ATTACK_UNDEFENDED_ENEMY_SETTLEMENTS"", ""timed_priority_boost_instant""]",priority,"{""generator"": ""CAI_TMS_TASK_GENERATOR_ATTACK_UNDEFENDED_ENEMY_SETTLEMENTS"", ""group"": ""wh3_tms_generator_group_regionless"", ""priority"": 1, ""variable_group"": ""timed_priority_boost_instant""}","{""generator"": ""CAI_TMS_TASK_GENERATOR_ATTACK_UNDEFENDED_ENEMY_SETTLEMENTS"", ""group"": ""wh3_tms_generator_group_regionless"", ""priority"": 90, ""variable_group"": ""timed_priority_boost_instant""}"
cai_task_management_system_task_generator_groups_generators_junctions_tables,hecleas,OVERRIDE_CHANGED,"[""wh3_tms_generator_group_regionless"", ""CAI_TMS_TASK_GENERATOR_DEFEND_ALLIED_TERRITORY"", null]",priority,"{""generator"": ""CAI_TMS_TASK_GENERATOR_DEFEND_ALLIED_TERRITORY"", ""group"": ""wh3_tms_generator_group_regionless"", ""priority"": 1, ""variable_group"": null}","{""generator"": ""CAI_TMS_TASK_GENERATOR_DEFEND_ALLIED_TERRITORY"", ""group"": ""wh3_tms_generator_group_regionless"", ""priority"": 20, ""variable_group"": null}"
cai_task_management_system_task_generator_groups_generators_junctions_tables,hecleas,OVERRIDE_CHANGED,"[""wh3_tms_generator_group_regionless"", ""CAI_TMS_TASK_GENERATOR_RAID_SETTLEMENTS_NEAR_OUR_FORCES"", null]",priority,"{""generator"": ""CAI_TMS_TASK_GENERATOR_RAID_SETTLEMENTS_NEAR_OUR_FORCES"", ""group"": ""wh3_tms_generator_group_regionless"", ""priority"": 0.5, ""variable_group"": null}","{""generator"": ""CAI_TMS_TASK_GENERATOR_RAID_SETTLEMENTS_NEAR_OUR_FORCES"", ""group"": ""wh3_tms_generator_group_regionless"", ""priority"": 80, ""variable_group"": null}"
cai_task_management_system_task_generator_groups_generators_junctions_tables,hecleas,OVERRIDE_CHANGED,"[""wh3_tms_generator_group_regionless"", ""CAI_TMS_TASK_GENERATOR_RECAPTURE_RECENTLY_LOST_TERRITORY"", null]",priority,"{""generator"": ""CAI_TMS_TASK_GENERATOR_RECAPTURE_RECENTLY_LOST_TERRITORY"", ""group"": ""wh3_tms_generator_group_regionless"", ""priority"": -1, ""variable_group"": null}","{""generator"": ""CAI_TMS_TASK_GENERATOR_RECAPTURE_RECENTLY_LOST_TERRITORY"", ""group"": ""wh3_tms_generator_group_regionless"", ""priority"": 100, ""variable_group"": null}"
cai_task_management_system_task_generator_groups_generators_junctions_tables,hecleas,OVERRIDE_CHANGED,"[""wh3_tms_generator_group_rift_major_chaos_additive"", ""CAI_TMS_GDS_TASK_GENERATOR_AGENT_ATTACK_SETTLEMENTS_NEAR_FLAGGED_REGIONS_OWNED_BY_ANOTHER_SUBCULTURED_ENEMY"", null]",priority,"{""generator"": ""CAI_TMS_GDS_TASK_GENERATOR_AGENT_ATTACK_SETTLEMENTS_NEAR_FLAGGED_REGIONS_OWNED_BY_ANOTHER_SUBCULTURED_ENEMY"", ""group"": ""wh3_tms_generator_group_rift_major_chaos_additive"", ""priority"": 10, ""variable_group"": null}","{""generator"": ""CAI_TMS_GDS_TASK_GENERATOR_AGENT_ATTACK_SETTLEMENTS_NEAR_FLAGGED_REGIONS_OWNED_BY_ANOTHER_SUBCULTURED_ENEMY"", ""group"": ""wh3_tms_generator_group_rift_major_chaos_additive"", ""priority"": 80, ""variable_group"": null}"
cai_task_management_system_task_generator_groups_generators_junctions_tables,hecleas,OVERRIDE_CHANGED,"[""wh3_tms_generator_group_rift_major_chaos_additive"", ""CAI_TMS_GDS_TASK_GENERATOR_AGENT_DEPLOY_IN_ALL_FLAGGED_REGIONS_OWNED_BY_ANOTHER_SUBCULTURED_FACTION"", ""agent_deploy_to_region""]",priority,"{""generator"": ""CAI_TMS_GDS_TASK_GENERATOR_AGENT_DEPLOY_IN_ALL_FLAGGED_REGIONS_OWNED_BY_ANOTHER_SUBCULTURED_FACTION"", ""group"": ""wh3_tms_generator_group_rift_major_chaos_additive"", ""priority"": 20, ""variable_group"": ""agent_deploy_to_region""}","{""generator"": ""CAI_TMS_GDS_TASK_GENERATOR_AGENT_DEPLOY_IN_ALL_FLAGGED_REGIONS_OWNED_BY_ANOTHER_SUBCULTURED_FACTION"", ""group"": ""wh3_tms_generator_group_rift_major_chaos_additive"", ""priority"": 80, ""variable_group"": ""agent_deploy_to_region""}"
cai_task_management_system_task_generator_groups_generators_junctions_tables,hecleas,OVERRIDE_CHANGED,"[""wh3_tms_generator_group_rift_major_chaos_additive"", ""CAI_TMS_GDS_TASK_GENERATOR_ATTACK_CHAOS_CORRUPTED_REGIONS_OWNED_BY_ANOTHER_SUBCULTURED_ENEMY"", null]",priority,"{""generator"": ""CAI_TMS_GDS_TASK_GENERATOR_ATTACK_CHAOS_CORRUPTED_REGIONS_OWNED_BY_ANOTHER_SUBCULTURED_ENEMY"", ""group"": ""wh3_tms_generator_group_rift_major_chaos_additive"", ""priority"": 5, ""variable_group"": null}","{""generator"": ""CAI_TMS_GDS_TASK_GENERATOR_ATTACK_CHAOS_CORRUPTED_REGIONS_OWNED_BY_ANOTHER_SUBCULTURED_ENEMY"", ""group"": ""wh3_tms_generator_group_rift_major_chaos_additive"", ""priority"": 90, ""variable_group"": null}"
cai_task_management_system_task_generator_groups_generators_junctions_tables,hecleas,OVERRIDE_CHANGED,"[""wh3_tms_generator_group_rift_major_chaos_additive"", ""CAI_TMS_GDS_TASK_GENERATOR_ATTACK_ENEMY_SETTLEMENT_NEAR_FARAWAY_RIFT_NEAR_ARMY"", null]",priority,"{""generator"": ""CAI_TMS_GDS_TASK_GENERATOR_ATTACK_ENEMY_SETTLEMENT_NEAR_FARAWAY_RIFT_NEAR_ARMY"", ""group"": ""wh3_tms_generator_group_rift_major_chaos_additive"", ""priority"": 10, ""variable_group"": null}","{""generator"": ""CAI_TMS_GDS_TASK_GENERATOR_ATTACK_ENEMY_SETTLEMENT_NEAR_FARAWAY_RIFT_NEAR_ARMY"", ""group"": ""wh3_tms_generator_group_rift_major_chaos_additive"", ""priority"": 90, ""variable_group"": null}"
cai_task_management_system_task_generator_groups_generators_junctions_tables,hecleas,OVERRIDE_CHANGED,"[""wh3_tms_generator_group_rift_major_chaos_additive"", ""CAI_TMS_GDS_TASK_GENERATOR_ATTACK_KNOWN_AND_UNKNOWN_FLAGGED_REGIONS_OWNED_BY_ANOTHER_SUBCULTURED_ENEMY"", null]",priority,"{""generator"": ""CAI_TMS_GDS_TASK_GENERATOR_ATTACK_KNOWN_AND_UNKNOWN_FLAGGED_REGIONS_OWNED_BY_ANOTHER_SUBCULTURED_ENEMY"", ""group"": ""wh3_tms_generator_group_rift_major_chaos_additive"", ""priority"": 15, ""variable_group"": null}","{""generator"": ""CAI_TMS_GDS_TASK_GENERATOR_ATTACK_KNOWN_AND_UNKNOWN_FLAGGED_REGIONS_OWNED_BY_ANOTHER_SUBCULTURED_ENEMY"", ""group"": ""wh3_tms_generator_group_rift_major_chaos_additive"", ""priority"": 90, ""variable_group"": null}"
cai_task_management_system_task_generator_groups_generators_junctions_tables,hecleas,OVERRIDE_CHANGED,"[""wh3_tms_generator_group_rift_major_chaos_additive"", ""CAI_TMS_GDS_TASK_GENERATOR_TARGET_ALL_RIFTS_IF_COMPLETED_ALL_REALMS"", ""gds_poi_interaction_rift_realm""]",priority,"{""generator"": ""CAI_TMS_GDS_TASK_GENERATOR_TARGET_ALL_RIFTS_IF_COMPLETED_ALL_REALMS"", ""group"": ""wh3_tms_generator_group_rift_major_chaos_additive"", ""priority"": 100, ""variable_group"": ""gds_poi_interaction_rift_realm""}","{""generator"": ""CAI_TMS_GDS_TASK_GENERATOR_TARGET_ALL_RIFTS_IF_COMPLETED_ALL_REALMS"", ""group"": ""wh3_tms_generator_group_rift_major_chaos_additive"", ""priority"": 90, ""variable_group"": ""gds_poi_interaction_rift_realm""}"
cai_task_management_system_task_generator_groups_generators_junctions_tables,hecleas,OVERRIDE_CHANGED,"[""wh3_tms_generator_group_rift_major_chaos_additive"", ""CAI_TMS_GDS_TASK_GENERATOR_TARGET_RIFTS_NEAR_OUR_ARMIES_IF_LOW_HP_AND_FAR"", ""gds_poi_interaction_rift_teleport""]",priority,"{""generator"": ""CAI_TMS_GDS_TASK_GENERATOR_TARGET_RIFTS_NEAR_OUR_ARMIES_IF_LOW_HP_AND_FAR"", ""group"": ""wh3_tms_generator_group_rift_major_chaos_additive"", ""priority"": 25, ""variable_group"": ""gds_poi_interaction_rift_teleport""}","{""generator"": ""CAI_TMS_GDS_TASK_GENERATOR_TARGET_RIFTS_NEAR_OUR_ARMIES_IF_LOW_HP_AND_FAR"", ""group"": ""wh3_tms_generator_group_rift_major_chaos_additive"", ""priority"": 80, ""variable_group"": ""gds_poi_interaction_rift_teleport""}"
cai_task_management_system_task_generator_groups_generators_junctions_tables,hecleas,OVERRIDE_CHANGED,"[""wh3_tms_generator_group_rift_major_chaos_additive"", ""CAI_TMS_GDS_TASK_GENERATOR_TARGET_RIFTS_NEAR_OUR_MAIN_ARMY_IF_COLLECTED_SOUL_THIS_CYCLE"", ""gds_poi_interaction_rift_realm""]",priority,"{""generator"": ""CAI_TMS_GDS_TASK_GENERATOR_TARGET_RIFTS_NEAR_OUR_MAIN_ARMY_IF_COLLECTED_SOUL_THIS_CYCLE"", ""group"": ""wh3_tms_generator_group_rift_major_chaos_additive"", ""priority"": -100, ""variable_group"": ""gds_poi_interaction_rift_realm""}","{""generator"": ""CAI_TMS_GDS_TASK_GENERATOR_TARGET_RIFTS_NEAR_OUR_MAIN_ARMY_IF_COLLECTED_SOUL_THIS_CYCLE"", ""group"": ""wh3_tms_generator_group_rift_major_chaos_additive"", ""priority"": 55, ""variable_group"": ""gds_poi_interaction_rift_realm""}"
cai_task_management_system_task_generator_groups_generators_junctions_tables,hecleas,OVERRIDE_CHANGED,"[""wh3_tms_generator_group_rift_major_chaos_additive"", ""CAI_TMS_GDS_TASK_GENERATOR_TARGET_RIFTS_NEAR_OUR_MAIN_ARMY_IF_HAVENT_INTERACTED_ONLY_FULL_ARMY"", ""gds_poi_interaction_rift_realm""]",priority,"{""generator"": ""CAI_TMS_GDS_TASK_GENERATOR_TARGET_RIFTS_NEAR_OUR_MAIN_ARMY_IF_HAVENT_INTERACTED_ONLY_FULL_ARMY"", ""group"": ""wh3_tms_generator_group_rift_major_chaos_additive"", ""priority"": 5, ""variable_group"": ""gds_poi_interaction_rift_realm""}","{""generator"": ""CAI_TMS_GDS_TASK_GENERATOR_TARGET_RIFTS_NEAR_OUR_MAIN_ARMY_IF_HAVENT_INTERACTED_ONLY_FULL_ARMY"", ""group"": ""wh3_tms_generator_group_rift_major_chaos_additive"", ""priority"": 35, ""variable_group"": ""gds_poi_interaction_rift_realm""}"
cai_task_management_system_task_generator_groups_generators_junctions_tables,hecleas,OVERRIDE_CHANGED,"[""wh3_tms_generator_group_rift_major_chaos_additive"", ""CAI_TMS_GDS_TASK_GENERATOR_TARGET_RIFTS_NEAR_OUR_REGIONS_IF_COLLECTED_SOUL_THIS_CYCLE"", ""gds_poi_interaction_rift_realm""]",priority,"{""generator"": ""CAI_TMS_GDS_TASK_GENERATOR_TARGET_RIFTS_NEAR_OUR_REGIONS_IF_COLLECTED_SOUL_THIS_CYCLE"", ""group"": ""wh3_tms_generator_group_rift_major_chaos_additive"", ""priority"": -100, ""variable_group"": ""gds_poi_interaction_rift_realm""}","{""generator"": ""CAI_TMS_GDS_TASK_GENERATOR_TARGET_RIFTS_NEAR_OUR_REGIONS_IF_COLLECTED_SOUL_THIS_CYCLE"", ""group"": ""wh3_tms_generator_group_rift_major_chaos_additive"", ""priority"": 55, ""variable_group"": ""gds_poi_interaction_rift_realm""}"
cai_task_management_system_task_generator_groups_generators_junctions_tables,hecleas,OVERRIDE_CHANGED,"[""wh3_tms_generator_group_rift_major_chaos_additive"", ""CAI_TMS_GDS_TASK_GENERATOR_TARGET_RIFTS_NEAR_OUR_REGIONS_IF_HAVENT_INTERACTED_ONLY_FULL_ARMY"", ""gds_poi_interaction_rift_realm""]",priority,"{""generator"": ""CAI_TMS_GDS_TASK_GENERATOR_TARGET_RIFTS_NEAR_OUR_REGIONS_IF_HAVENT_INTERACTED_ONLY_FULL_ARMY"", ""group"": ""wh3_tms_generator_group_rift_major_chaos_additive"", ""priority"": 20, ""variable_group"": ""gds_poi_interaction_rift_realm""}","{""generator"": ""CAI_TMS_GDS_TASK_GENERATOR_TARGET_RIFTS_NEAR_OUR_REGIONS_IF_HAVENT_INTERACTED_ONLY_FULL_ARMY"", ""group"": ""wh3_tms_generator_group_rift_major_chaos_additive"", ""priority"": 35, ""variable_group"": ""gds_poi_interaction_rift_realm""}"
cai_task_management_system_task_generator_groups_generators_junctions_tables,hecleas,OVERRIDE_CHANGED,"[""wh3_tms_generator_group_rift_major_chaos_additive"", ""CAI_TMS_GDS_TASK_GENERATOR_TARGET_RIFTS_NEAR_OUR_REGIONS_IF_HAVENT_INTERACTED_ONLY_FULL_ARMY"", ""gds_poi_interaction_rift_teleport""]",priority,"{""generator"": ""CAI_TMS_GDS_TASK_GENERATOR_TARGET_RIFTS_NEAR_OUR_REGIONS_IF_HAVENT_INTERACTED_ONLY_FULL_ARMY"", ""group"": ""wh3_tms_generator_group_rift_major_chaos_additive"", ""priority"": 8, ""variable_group"": ""gds_poi_interaction_rift_teleport""}","{""generator"": ""CAI_TMS_GDS_TASK_GENERATOR_TARGET_RIFTS_NEAR_OUR_REGIONS_IF_HAVENT_INTERACTED_ONLY_FULL_ARMY"", ""group"": ""wh3_tms_generator_group_rift_major_chaos_additive"", ""priority"": 35, ""variable_group"": ""gds_poi_interaction_rift_teleport""}"
cai_task_management_system_task_generator_groups_generators_junctions_tables,hecleas,OVERRIDE_CHANGED,"[""wh3_tms_generator_group_rift_major_chaos_additive"", ""CAI_TMS_GDS_TASK_GENERATOR_TARGET_RIFTS_NEAR_OUR_REGIONS_IF_PLAYER_HAS_MORE_SOULS"", ""gds_poi_interaction_rift_realm""]",priority,"{""generator"": ""CAI_TMS_GDS_TASK_GENERATOR_TARGET_RIFTS_NEAR_OUR_REGIONS_IF_PLAYER_HAS_MORE_SOULS"", ""group"": ""wh3_tms_generator_group_rift_major_chaos_additive"", ""priority"": 8, ""variable_group"": ""gds_poi_interaction_rift_realm""}","{""generator"": ""CAI_TMS_GDS_TASK_GENERATOR_TARGET_RIFTS_NEAR_OUR_REGIONS_IF_PLAYER_HAS_MORE_SOULS"", ""group"": ""wh3_tms_generator_group_rift_major_chaos_additive"", ""priority"": 35, ""variable_group"": ""gds_poi_interaction_rift_realm""}"
cai_task_management_system_task_generator_groups_generators_junctions_tables,hecleas,OVERRIDE_CHANGED,"[""wh3_tms_generator_group_rift_major_chaos_additive"", ""CAI_TMS_GDS_TASK_GENERATOR_TARGET_RIFTS_NEAR_OUR_REGIONS_IF_PLAYER_IS_IN_A_REALM"", ""gds_poi_interaction_rift_realm""]",priority,"{""generator"": ""CAI_TMS_GDS_TASK_GENERATOR_TARGET_RIFTS_NEAR_OUR_REGIONS_IF_PLAYER_IS_IN_A_REALM"", ""group"": ""wh3_tms_generator_group_rift_major_chaos_additive"", ""priority"": 2, ""variable_group"": ""gds_poi_interaction_rift_realm""}","{""generator"": ""CAI_TMS_GDS_TASK_GENERATOR_TARGET_RIFTS_NEAR_OUR_REGIONS_IF_PLAYER_IS_IN_A_REALM"", ""group"": ""wh3_tms_generator_group_rift_major_chaos_additive"", ""priority"": 55, ""variable_group"": ""gds_poi_interaction_rift_realm""}"
cai_task_management_system_task_generator_groups_generators_junctions_tables,hecleas,OVERRIDE_CHANGED,"[""wh3_tms_generator_group_rift_major_chaos_additive"", ""CAI_TMS_GDS_TASK_GENERATOR_TARGET_RIFTS_NEAR_OUR_REGIONS_IF_PLAYER_IS_NEAR_VICTORY"", ""gds_poi_interaction_rift_realm""]",priority,"{""generator"": ""CAI_TMS_GDS_TASK_GENERATOR_TARGET_RIFTS_NEAR_OUR_REGIONS_IF_PLAYER_IS_NEAR_VICTORY"", ""group"": ""wh3_tms_generator_group_rift_major_chaos_additive"", ""priority"": 4, ""variable_group"": ""gds_poi_interaction_rift_realm""}","{""generator"": ""CAI_TMS_GDS_TASK_GENERATOR_TARGET_RIFTS_NEAR_OUR_REGIONS_IF_PLAYER_IS_NEAR_VICTORY"", ""group"": ""wh3_tms_generator_group_rift_major_chaos_additive"", ""priority"": 55, ""variable_group"": ""gds_poi_interaction_rift_realm""}"
cai_task_management_system_task_generator_groups_generators_junctions_tables,hecleas,OVERRIDE_CHANGED,"[""wh3_tms_generator_group_rift_major_nonchaos_additive"", ""CAI_TMS_GDS_TASK_GENERATOR_TARGET_ALL_RIFTS_IF_COMPLETED_ALL_REALMS"", ""gds_poi_interaction_rift_realm""]",priority,"{""generator"": ""CAI_TMS_GDS_TASK_GENERATOR_TARGET_ALL_RIFTS_IF_COMPLETED_ALL_REALMS"", ""group"": ""wh3_tms_generator_group_rift_major_nonchaos_additive"", ""priority"": 100, ""variable_group"": ""gds_poi_interaction_rift_realm""}","{""generator"": ""CAI_TMS_GDS_TASK_GENERATOR_TARGET_ALL_RIFTS_IF_COMPLETED_ALL_REALMS"", ""group"": ""wh3_tms_generator_group_rift_major_nonchaos_additive"", ""priority"": 90, ""variable_group"": ""gds_poi_interaction_rift_realm""}"
cai_task_management_system_task_generator_groups_generators_junctions_tables,hecleas,OVERRIDE_CHANGED,"[""wh3_tms_generator_group_rift_major_nonchaos_additive"", ""CAI_TMS_GDS_TASK_GENERATOR_TARGET_RIFTS_NEAR_OUR_ARMIES_IF_LOW_HP_AND_FAR"", ""gds_poi_interaction_rift_teleport""]",priority,"{""generator"": ""CAI_TMS_GDS_TASK_GENERATOR_TARGET_RIFTS_NEAR_OUR_ARMIES_IF_LOW_HP_AND_FAR"", ""group"": ""wh3_tms_generator_group_rift_major_nonchaos_additive"", ""priority"": 25, ""variable_group"": ""gds_poi_interaction_rift_teleport""}","{""generator"": ""CAI_TMS_GDS_TASK_GENERATOR_TARGET_RIFTS_NEAR_OUR_ARMIES_IF_LOW_HP_AND_FAR"", ""group"": ""wh3_tms_generator_group_rift_major_nonchaos_additive"", ""priority"": 80, ""variable_group"": ""gds_poi_interaction_rift_teleport""}"
cai_task_management_system_task_generator_groups_generators_junctions_tables,hecleas,OVERRIDE_CHANGED,"[""wh3_tms_generator_group_rift_major_nonchaos_additive"", ""CAI_TMS_GDS_TASK_GENERATOR_TARGET_RIFTS_NEAR_OUR_MAIN_ARMY_IF_COLLECTED_SOUL_THIS_CYCLE"", ""gds_poi_interaction_rift_realm""]",priority,"{""generator"": ""CAI_TMS_GDS_TASK_GENERATOR_TARGET_RIFTS_NEAR_OUR_MAIN_ARMY_IF_COLLECTED_SOUL_THIS_CYCLE"", ""group"": ""wh3_tms_generator_group_rift_major_nonchaos_additive"", ""priority"": -100, ""variable_group"": ""gds_poi_interaction_rift_realm""}","{""generator"": ""CAI_TMS_GDS_TASK_GENERATOR_TARGET_RIFTS_NEAR_OUR_MAIN_ARMY_IF_COLLECTED_SOUL_THIS_CYCLE"", ""group"": ""wh3_tms_generator_group_rift_major_nonchaos_additive"", ""priority"": 55, ""variable_group"": ""gds_poi_interaction_rift_realm""}"
cai_task_management_system_task_generator_groups_generators_junctions_tables,hecleas,OVERRIDE_CHANGED,"[""wh3_tms_generator_group_rift_major_nonchaos_additive"", ""CAI_TMS_GDS_TASK_GENERATOR_TARGET_RIFTS_NEAR_OUR_MAIN_ARMY_IF_HAVENT_INTERACTED_ONLY_FULL_ARMY"", ""gds_poi_interaction_rift_realm""]",priority,"{""generator"": ""CAI_TMS_GDS_TASK_GENERATOR_TARGET_RIFTS_NEAR_OUR_MAIN_ARMY_IF_HAVENT_INTERACTED_ONLY_FULL_ARMY"", ""group"": ""wh3_tms_generator_group_rift_major_nonchaos_additive"", ""priority"": 5, ""variable_group"": ""gds_poi_interaction_rift_realm""}","{""generator"": ""CAI_TMS_GDS_TASK_GENERATOR_TARGET_RIFTS_NEAR_OUR_MAIN_ARMY_IF_HAVENT_INTERACTED_ONLY_FULL_ARMY"", ""group"": ""wh3_tms_generator_group_rift_major_nonchaos_additive"", ""priority"": 35, ""variable_group"": ""gds_poi_interaction_rift_realm""}"
cai_task_management_system_task_generator_groups_generators_junctions_tables,hecleas,OVERRIDE_CHANGED,"[""wh3_tms_generator_group_rift_major_nonchaos_additive"", ""CAI_TMS_GDS_TASK_GENERATOR_TARGET_RIFTS_NEAR_OUR_REGIONS_IF_CHAOS_CORRUPTION_HIGH"", ""gds_poi_interaction_rift_close""]",priority,"{""generator"": ""CAI_TMS_GDS_TASK_GENERATOR_TARGET_RIFTS_NEAR_OUR_REGIONS_IF_CHAOS_CORRUPTION_HIGH"", ""group"": ""wh3_tms_generator_group_rift_major_nonchaos_additive"", ""priority"": 3, ""variable_group"": ""gds_poi_interaction_rift_close""}","{""generator"": ""CAI_TMS_GDS_TASK_GENERATOR_TARGET_RIFTS_NEAR_OUR_REGIONS_IF_CHAOS_CORRUPTION_HIGH"", ""group"": ""wh3_tms_generator_group_rift_major_nonchaos_additive"", ""priority"": 35, ""variable_group"": ""gds_poi_interaction_rift_close""}"
cai_task_management_system_task_generator_groups_generators_junctions_tables,hecleas,OVERRIDE_CHANGED,"[""wh3_tms_generator_group_rift_major_nonchaos_additive"", ""CAI_TMS_GDS_TASK_GENERATOR_TARGET_RIFTS_NEAR_OUR_REGIONS_IF_COLLECTED_SOUL_THIS_CYCLE"", ""gds_poi_interaction_rift_realm""]",priority,"{""generator"": ""CAI_TMS_GDS_TASK_GENERATOR_TARGET_RIFTS_NEAR_OUR_REGIONS_IF_COLLECTED_SOUL_THIS_CYCLE"", ""group"": ""wh3_tms_generator_group_rift_major_nonchaos_additive"", ""priority"": -100, ""variable_group"": ""gds_poi_interaction_rift_realm""}","{""generator"": ""CAI_TMS_GDS_TASK_GENERATOR_TARGET_RIFTS_NEAR_OUR_REGIONS_IF_COLLECTED_SOUL_THIS_CYCLE"", ""group"": ""wh3_tms_generator_group_rift_major_nonchaos_additive"", ""priority"": 55, ""variable_group"": ""gds_poi_interaction_rift_realm""}"
cai_task_management_system_task_generator_groups_generators_junctions_tables,hecleas,OVERRIDE_CHANGED,"[""wh3_tms_generator_group_rift_major_nonchaos_additive"", ""CAI_TMS_GDS_TASK_GENERATOR_TARGET_RIFTS_NEAR_OUR_REGIONS_IF_HAVENT_INTERACTED"", ""gds_poi_interaction_rift_close""]",priority,"{""generator"": ""CAI_TMS_GDS_TASK_GENERATOR_TARGET_RIFTS_NEAR_OUR_REGIONS_IF_HAVENT_INTERACTED"", ""group"": ""wh3_tms_generator_group_rift_major_nonchaos_additive"", ""priority"": 5, ""variable_group"": ""gds_poi_interaction_rift_close""}","{""generator"": ""CAI_TMS_GDS_TASK_GENERATOR_TARGET_RIFTS_NEAR_OUR_REGIONS_IF_HAVENT_INTERACTED"", ""group"": ""wh3_tms_generator_group_rift_major_nonchaos_additive"", ""priority"": 55, ""variable_group"": ""gds_poi_interaction_rift_close""}"
cai_task_management_system_task_generator_groups_generators_junctions_tables,hecleas,OVERRIDE_CHANGED,"[""wh3_tms_generator_group_rift_major_nonchaos_additive"", ""CAI_TMS_GDS_TASK_GENERATOR_TARGET_RIFTS_NEAR_OUR_REGIONS_IF_HAVENT_INTERACTED_ONLY_FULL_ARMY"", ""gds_poi_interaction_rift_realm""]",priority,"{""generator"": ""CAI_TMS_GDS_TASK_GENERATOR_TARGET_RIFTS_NEAR_OUR_REGIONS_IF_HAVENT_INTERACTED_ONLY_FULL_ARMY"", ""group"": ""wh3_tms_generator_group_rift_major_nonchaos_additive"", ""priority"": 20, ""variable_group"": ""gds_poi_interaction_rift_realm""}","{""generator"": ""CAI_TMS_GDS_TASK_GENERATOR_TARGET_RIFTS_NEAR_OUR_REGIONS_IF_HAVENT_INTERACTED_ONLY_FULL_ARMY"", ""group"": ""wh3_tms_generator_group_rift_major_nonchaos_additive"", ""priority"": 35, ""variable_group"": ""gds_poi_interaction_rift_realm""}"
cai_task_management_system_task_generator_groups_generators_junctions_tables,hecleas,OVERRIDE_CHANGED,"[""wh3_tms_generator_group_rift_major_nonchaos_additive"", ""CAI_TMS_GDS_TASK_GENERATOR_TARGET_RIFTS_NEAR_OUR_REGIONS_IF_HAVENT_INTERACTED_ONLY_FULL_ARMY"", ""gds_poi_interaction_rift_teleport""]",priority,"{""generator"": ""CAI_TMS_GDS_TASK_GENERATOR_TARGET_RIFTS_NEAR_OUR_REGIONS_IF_HAVENT_INTERACTED_ONLY_FULL_ARMY"", ""group"": ""wh3_tms_generator_group_rift_major_nonchaos_additive"", ""priority"": 0, ""variable_group"": ""gds_poi_interaction_rift_teleport""}","{""generator"": ""CAI_TMS_GDS_TASK_GENERATOR_TARGET_RIFTS_NEAR_OUR_REGIONS_IF_HAVENT_INTERACTED_ONLY_FULL_ARMY"", ""group"": ""wh3_tms_generator_group_rift_major_nonchaos_additive"", ""priority"": 35, ""variable_group"": ""gds_poi_interaction_rift_teleport""}"
cai_task_management_system_task_generator_groups_generators_junctions_tables,hecleas,OVERRIDE_CHANGED,"[""wh3_tms_generator_group_rift_major_nonchaos_additive"", ""CAI_TMS_GDS_TASK_GENERATOR_TARGET_RIFTS_NEAR_OUR_REGIONS_IF_PLAYER_HAS_MORE_SOULS"", ""gds_poi_interaction_rift_realm""]",priority,"{""generator"": ""CAI_TMS_GDS_TASK_GENERATOR_TARGET_RIFTS_NEAR_OUR_REGIONS_IF_PLAYER_HAS_MORE_SOULS"", ""group"": ""wh3_tms_generator_group_rift_major_nonchaos_additive"", ""priority"": 8, ""variable_group"": ""gds_poi_interaction_rift_realm""}","{""generator"": ""CAI_TMS_GDS_TASK_GENERATOR_TARGET_RIFTS_NEAR_OUR_REGIONS_IF_PLAYER_HAS_MORE_SOULS"", ""group"": ""wh3_tms_generator_group_rift_major_nonchaos_additive"", ""priority"": 35, ""variable_group"": ""gds_poi_interaction_rift_realm""}"
cai_task_management_system_task_generator_groups_generators_junctions_tables,hecleas,OVERRIDE_CHANGED,"[""wh3_tms_generator_group_rift_major_nonchaos_additive"", ""CAI_TMS_GDS_TASK_GENERATOR_TARGET_RIFTS_NEAR_OUR_REGIONS_IF_PLAYER_IS_IN_A_REALM"", ""gds_poi_interaction_rift_realm""]",priority,"{""generator"": ""CAI_TMS_GDS_TASK_GENERATOR_TARGET_RIFTS_NEAR_OUR_REGIONS_IF_PLAYER_IS_IN_A_REALM"", ""group"": ""wh3_tms_generator_group_rift_major_nonchaos_additive"", ""priority"": 2, ""variable_group"": ""gds_poi_interaction_rift_realm""}","{""generator"": ""CAI_TMS_GDS_TASK_GENERATOR_TARGET_RIFTS_NEAR_OUR_REGIONS_IF_PLAYER_IS_IN_A_REALM"", ""group"": ""wh3_tms_generator_group_rift_major_nonchaos_additive"", ""priority"": 55, ""variable_group"": ""gds_poi_interaction_rift_realm""}"
cai_task_management_system_task_generator_groups_generators_junctions_tables,hecleas,OVERRIDE_CHANGED,"[""wh3_tms_generator_group_rift_major_nonchaos_additive"", ""CAI_TMS_GDS_TASK_GENERATOR_TARGET_RIFTS_NEAR_OUR_REGIONS_IF_PLAYER_IS_NEAR_VICTORY"", ""gds_poi_interaction_rift_realm""]",priority,"{""generator"": ""CAI_TMS_GDS_TASK_GENERATOR_TARGET_RIFTS_NEAR_OUR_REGIONS_IF_PLAYER_IS_NEAR_VICTORY"", ""group"": ""wh3_tms_generator_group_rift_major_nonchaos_additive"", ""priority"": 4, ""variable_group"": ""gds_poi_interaction_rift_realm""}","{""generator"": ""CAI_TMS_GDS_TASK_GENERATOR_TARGET_RIFTS_NEAR_OUR_REGIONS_IF_PLAYER_IS_NEAR_VICTORY"", ""group"": ""wh3_tms_generator_group_rift_major_nonchaos_additive"", ""priority"": 55, ""variable_group"": ""gds_poi_interaction_rift_realm""}"
cai_task_management_system_task_generator_groups_generators_junctions_tables,hecleas,OVERRIDE_CHANGED,"[""wh3_tms_generator_group_rift_minor_chaos_override"", ""CAI_TMS_GDS_TASK_GENERATOR_ATTACK_ENEMY_HUMAN_FORCES_IF_HUMAN_IN_REALM"", null]",priority,"{""generator"": ""CAI_TMS_GDS_TASK_GENERATOR_ATTACK_ENEMY_HUMAN_FORCES_IF_HUMAN_IN_REALM"", ""group"": ""wh3_tms_generator_group_rift_minor_chaos_override"", ""priority"": 8, ""variable_group"": null}","{""generator"": ""CAI_TMS_GDS_TASK_GENERATOR_ATTACK_ENEMY_HUMAN_FORCES_IF_HUMAN_IN_REALM"", ""group"": ""wh3_tms_generator_group_rift_minor_chaos_override"", ""priority"": 90, ""variable_group"": null}"
cai_task_management_system_task_generator_groups_generators_junctions_tables,hecleas,OVERRIDE_CHANGED,"[""wh3_tms_generator_group_rift_minor_chaos_override"", ""CAI_TMS_GDS_TASK_GENERATOR_ATTACK_ENEMY_HUMAN_SETTLEMENTS_IF_HUMAN_IN_REALM"", null]",priority,"{""generator"": ""CAI_TMS_GDS_TASK_GENERATOR_ATTACK_ENEMY_HUMAN_SETTLEMENTS_IF_HUMAN_IN_REALM"", ""group"": ""wh3_tms_generator_group_rift_minor_chaos_override"", ""priority"": 8, ""variable_group"": null}","{""generator"": ""CAI_TMS_GDS_TASK_GENERATOR_ATTACK_ENEMY_HUMAN_SETTLEMENTS_IF_HUMAN_IN_REALM"", ""group"": ""wh3_tms_generator_group_rift_minor_chaos_override"", ""priority"": 90, ""variable_group"": null}"
cai_task_management_system_task_generator_groups_generators_junctions_tables,hecleas,OVERRIDE_SAME_AS_VANILLA,"[""wh3_tms_generator_group_rift_minor_chaos_override"", ""CAI_TMS_GDS_TASK_GENERATOR_TARGET_RIFTS_NEAR_OUR_ARMIES_IF_LOW_HP_AND_FAR"", ""gds_poi_interaction_rift_teleport""]",,"{""generator"": ""CAI_TMS_GDS_TASK_GENERATOR_TARGET_RIFTS_NEAR_OUR_ARMIES_IF_LOW_HP_AND_FAR"", ""group"": ""wh3_tms_generator_group_rift_minor_chaos_override"", ""priority"": -1, ""variable_group"": ""gds_poi_interaction_rift_teleport""}",null
cai_task_management_system_task_generator_groups_generators_junctions_tables,hecleas,OVERRIDE_CHANGED,"[""wh3_tms_generator_group_rift_minor_chaos_override"", ""CAI_TMS_GDS_TASK_GENERATOR_TARGET_RIFTS_NEAR_OUR_REGIONS_IF_HAVENT_INTERACTED_ONLY_FULL_ARMY"", ""gds_poi_interaction_rift_realm""]",priority,"{""generator"": ""CAI_TMS_GDS_TASK_GENERATOR_TARGET_RIFTS_NEAR_OUR_REGIONS_IF_HAVENT_INTERACTED_ONLY_FULL_ARMY"", ""group"": ""wh3_tms_generator_group_rift_minor_chaos_override"", ""priority"": -1, ""variable_group"": ""gds_poi_interaction_rift_realm""}","{""generator"": ""CAI_TMS_GDS_TASK_GENERATOR_TARGET_RIFTS_NEAR_OUR_REGIONS_IF_HAVENT_INTERACTED_ONLY_FULL_ARMY"", ""group"": ""wh3_tms_generator_group_rift_minor_chaos_override"", ""priority"": 35, ""variable_group"": ""gds_poi_interaction_rift_realm""}"
cai_task_management_system_task_generator_groups_generators_junctions_tables,hecleas,OVERRIDE_CHANGED,"[""wh3_tms_generator_group_rift_minor_chaos_override"", ""CAI_TMS_GDS_TASK_GENERATOR_TARGET_RIFTS_NEAR_OUR_REGIONS_IF_HAVENT_INTERACTED_ONLY_FULL_ARMY"", ""gds_poi_interaction_rift_teleport""]",priority,"{""generator"": ""CAI_TMS_GDS_TASK_GENERATOR_TARGET_RIFTS_NEAR_OUR_REGIONS_IF_HAVENT_INTERACTED_ONLY_FULL_ARMY"", ""group"": ""wh3_tms_generator_group_rift_minor_chaos_override"", ""priority"": -1, ""variable_group"": ""gds_poi_interaction_rift_teleport""}","{""generator"": ""CAI_TMS_GDS_TASK_GENERATOR_TARGET_RIFTS_NEAR_OUR_REGIONS_IF_HAVENT_INTERACTED_ONLY_FULL_ARMY"", ""group"": ""wh3_tms_generator_group_rift_minor_chaos_override"", ""priority"": 35, ""variable_group"": ""gds_poi_interaction_rift_teleport""}"
cai_task_management_system_task_generator_groups_generators_junctions_tables,hecleas,OVERRIDE_CHANGED,"[""wh3_tms_generator_group_rift_minor_chaos_override"", ""CAI_TMS_GDS_TASK_GENERATOR_TARGET_RIFTS_NEAR_OUR_REGIONS_IF_PLAYER_HAS_MORE_SOULS"", ""gds_poi_interaction_rift_realm""]",priority,"{""generator"": ""CAI_TMS_GDS_TASK_GENERATOR_TARGET_RIFTS_NEAR_OUR_REGIONS_IF_PLAYER_HAS_MORE_SOULS"", ""group"": ""wh3_tms_generator_group_rift_minor_chaos_override"", ""priority"": -1, ""variable_group"": ""gds_poi_interaction_rift_realm""}","{""generator"": ""CAI_TMS_GDS_TASK_GENERATOR_TARGET_RIFTS_NEAR_OUR_REGIONS_IF_PLAYER_HAS_MORE_SOULS"", ""group"": ""wh3_tms_generator_group_rift_minor_chaos_override"", ""priority"": 35, ""variable_group"": ""gds_poi_interaction_rift_realm""}"
cai_task_management_system_task_generator_groups_generators_junctions_tables,hecleas,OVERRIDE_CHANGED,"[""wh3_tms_generator_group_rift_minor_chaos_override"", ""CAI_TMS_GDS_TASK_GENERATOR_TARGET_RIFTS_NEAR_OUR_REGIONS_IF_PLAYER_IS_IN_A_REALM"", ""gds_poi_interaction_rift_realm""]",priority,"{""generator"": ""CAI_TMS_GDS_TASK_GENERATOR_TARGET_RIFTS_NEAR_OUR_REGIONS_IF_PLAYER_IS_IN_A_REALM"", ""group"": ""wh3_tms_generator_group_rift_minor_chaos_override"", ""priority"": -1, ""variable_group"": ""gds_poi_interaction_rift_realm""}","{""generator"": ""CAI_TMS_GDS_TASK_GENERATOR_TARGET_RIFTS_NEAR_OUR_REGIONS_IF_PLAYER_IS_IN_A_REALM"", ""group"": ""wh3_tms_generator_group_rift_minor_chaos_override"", ""priority"": 55, ""variable_group"": ""gds_poi_interaction_rift_realm""}"
cai_task_management_system_task_generator_groups_generators_junctions_tables,hecleas,OVERRIDE_CHANGED,"[""wh3_tms_generator_group_rift_minor_chaos_override"", ""CAI_TMS_GDS_TASK_GENERATOR_TARGET_RIFTS_NEAR_OUR_REGIONS_IF_PLAYER_IS_NEAR_VICTORY"", ""gds_poi_interaction_rift_realm""]",priority,"{""generator"": ""CAI_TMS_GDS_TASK_GENERATOR_TARGET_RIFTS_NEAR_OUR_REGIONS_IF_PLAYER_IS_NEAR_VICTORY"", ""group"": ""wh3_tms_generator_group_rift_minor_chaos_override"", ""priority"": -1, ""variable_group"": ""gds_poi_interaction_rift_realm""}","{""generator"": ""CAI_TMS_GDS_TASK_GENERATOR_TARGET_RIFTS_NEAR_OUR_REGIONS_IF_PLAYER_IS_NEAR_VICTORY"", ""group"": ""wh3_tms_generator_group_rift_minor_chaos_override"", ""priority"": 55, ""variable_group"": ""gds_poi_interaction_rift_realm""}"
cai_task_management_system_task_generator_groups_generators_junctions_tables,hecleas,OVERRIDE_CHANGED,"[""wh3_tms_generator_group_rift_minor_nonchaos_override"", ""CAI_TMS_GDS_TASK_GENERATOR_ATTACK_ENEMY_HUMAN_FORCES_IF_HUMAN_IN_REALM"", null]",priority,"{""generator"": ""CAI_TMS_GDS_TASK_GENERATOR_ATTACK_ENEMY_HUMAN_FORCES_IF_HUMAN_IN_REALM"", ""group"": ""wh3_tms_generator_group_rift_minor_nonchaos_override"", ""priority"": 8, ""variable_group"": null}","{""generator"": ""CAI_TMS_GDS_TASK_GENERATOR_ATTACK_ENEMY_HUMAN_FORCES_IF_HUMAN_IN_REALM"", ""group"": ""wh3_tms_generator_group_rift_minor_nonchaos_override"", ""priority"": 90, ""variable_group"": null}"
cai_task_management_system_task_generator_groups_generators_junctions_tables,hecleas,OVERRIDE_CHANGED,"[""wh3_tms_generator_group_rift_minor_nonchaos_override"", ""CAI_TMS_GDS_TASK_GENERATOR_ATTACK_ENEMY_HUMAN_SETTLEMENTS_IF_HUMAN_IN_REALM"", null]",priority,"{""generator"": ""CAI_TMS_GDS_TASK_GENERATOR_ATTACK_ENEMY_HUMAN_SETTLEMENTS_IF_HUMAN_IN_REALM"", ""group"": ""wh3_tms_generator_group_rift_minor_nonchaos_override"", ""priority"": 8, ""variable_group"": null}","{""generator"": ""CAI_TMS_GDS_TASK_GENERATOR_ATTACK_ENEMY_HUMAN_SETTLEMENTS_IF_HUMAN_IN_REALM"", ""group"": ""wh3_tms_generator_group_rift_minor_nonchaos_override"", ""priority"": 90, ""variable_group"": null}"
cai_task_management_system_task_generator_groups_generators_junctions_tables,hecleas,OVERRIDE_CHANGED,"[""wh3_tms_generator_group_rift_minor_nonchaos_override"", ""CAI_TMS_GDS_TASK_GENERATOR_TARGET_RIFTS_IN_OUR_REGIONS_IF_CHAOS_CORRUPTION_HIGH_NONSCALED"", ""gds_poi_interaction_rift_close""]",priority,"{""generator"": ""CAI_TMS_GDS_TASK_GENERATOR_TARGET_RIFTS_IN_OUR_REGIONS_IF_CHAOS_CORRUPTION_HIGH_NONSCALED"", ""group"": ""wh3_tms_generator_group_rift_minor_nonchaos_override"", ""priority"": 2, ""variable_group"": ""gds_poi_interaction_rift_close""}","{""generator"": ""CAI_TMS_GDS_TASK_GENERATOR_TARGET_RIFTS_IN_OUR_REGIONS_IF_CHAOS_CORRUPTION_HIGH_NONSCALED"", ""group"": ""wh3_tms_generator_group_rift_minor_nonchaos_override"", ""priority"": 55, ""variable_group"": ""gds_poi_interaction_rift_close""}"
cai_task_management_system_task_generator_groups_generators_junctions_tables,hecleas,OVERRIDE_SAME_AS_VANILLA,"[""wh3_tms_generator_group_rift_minor_nonchaos_override"", ""CAI_TMS_GDS_TASK_GENERATOR_TARGET_RIFTS_NEAR_OUR_ARMIES_IF_LOW_HP_AND_FAR"", ""gds_poi_interaction_rift_teleport""]",,"{""generator"": ""CAI_TMS_GDS_TASK_GENERATOR_TARGET_RIFTS_NEAR_OUR_ARMIES_IF_LOW_HP_AND_FAR"", ""group"": ""wh3_tms_generator_group_rift_minor_nonchaos_override"", ""priority"": -1, ""variable_group"": ""gds_poi_interaction_rift_teleport""}",null
cai_task_management_system_task_generator_groups_generators_junctions_tables,hecleas,OVERRIDE_CHANGED,"[""wh3_tms_generator_group_rift_minor_nonchaos_override"", ""CAI_TMS_GDS_TASK_GENERATOR_TARGET_RIFTS_NEAR_OUR_REGIONS_IF_CHAOS_CORRUPTION_HIGH"", ""gds_poi_interaction_rift_close""]",priority,"{""generator"": ""CAI_TMS_GDS_TASK_GENERATOR_TARGET_RIFTS_NEAR_OUR_REGIONS_IF_CHAOS_CORRUPTION_HIGH"", ""group"": ""wh3_tms_generator_group_rift_minor_nonchaos_override"", ""priority"": 4, ""variable_group"": ""gds_poi_interaction_rift_close""}","{""generator"": ""CAI_TMS_GDS_TASK_GENERATOR_TARGET_RIFTS_NEAR_OUR_REGIONS_IF_CHAOS_CORRUPTION_HIGH"", ""group"": ""wh3_tms_generator_group_rift_minor_nonchaos_override"", ""priority"": 55, ""variable_group"": ""gds_poi_interaction_rift_close""}"
cai_task_management_system_task_generator_groups_generators_junctions_tables,hecleas,OVERRIDE_CHANGED,"[""wh3_tms_generator_group_rift_minor_nonchaos_override"", ""CAI_TMS_GDS_TASK_GENERATOR_TARGET_RIFTS_NEAR_OUR_REGIONS_IF_HAVENT_INTERACTED"", ""gds_poi_interaction_rift_close""]",priority,"{""generator"": ""CAI_TMS_GDS_TASK_GENERATOR_TARGET_RIFTS_NEAR_OUR_REGIONS_IF_HAVENT_INTERACTED"", ""group"": ""wh3_tms_generator_group_rift_minor_nonchaos_override"", ""priority"": 2, ""variable_group"": ""gds_poi_interaction_rift_close""}","{""generator"": ""CAI_TMS_GDS_TASK_GENERATOR_TARGET_RIFTS_NEAR_OUR_REGIONS_IF_HAVENT_INTERACTED"", ""group"": ""wh3_tms_generator_group_rift_minor_nonchaos_override"", ""priority"": 55, ""variable_group"": ""gds_poi_interaction_rift_close""}"
cai_task_management_system_task_generator_groups_generators_junctions_tables,hecleas,OVERRIDE_CHANGED,"[""wh3_tms_generator_group_rift_minor_nonchaos_override"", ""CAI_TMS_GDS_TASK_GENERATOR_TARGET_RIFTS_NEAR_OUR_REGIONS_IF_HAVENT_INTERACTED_ONLY_FULL_ARMY"", ""gds_poi_interaction_rift_realm""]",priority,"{""generator"": ""CAI_TMS_GDS_TASK_GENERATOR_TARGET_RIFTS_NEAR_OUR_REGIONS_IF_HAVENT_INTERACTED_ONLY_FULL_ARMY"", ""group"": ""wh3_tms_generator_group_rift_minor_nonchaos_override"", ""priority"": -1, ""variable_group"": ""gds_poi_interaction_rift_realm""}","{""generator"": ""CAI_TMS_GDS_TASK_GENERATOR_TARGET_RIFTS_NEAR_OUR_REGIONS_IF_HAVENT_INTERACTED_ONLY_FULL_ARMY"", ""group"": ""wh3_tms_generator_group_rift_minor_nonchaos_override"", ""priority"": 35, ""variable_group"": ""gds_poi_interaction_rift_realm""}"
cai_task_management_system_task_generator_groups_generators_junctions_tables,hecleas,OVERRIDE_CHANGED,"[""wh3_tms_generator_group_rift_minor_nonchaos_override"", ""CAI_TMS_GDS_TASK_GENERATOR_TARGET_RIFTS_NEAR_OUR_REGIONS_IF_HAVENT_INTERACTED_ONLY_FULL_ARMY"", ""gds_poi_interaction_rift_teleport""]",priority,"{""generator"": ""CAI_TMS_GDS_TASK_GENERATOR_TARGET_RIFTS_NEAR_OUR_REGIONS_IF_HAVENT_INTERACTED_ONLY_FULL_ARMY"", ""group"": ""wh3_tms_generator_group_rift_minor_nonchaos_override"", ""priority"": -1, ""variable_group"": ""gds_poi_interaction_rift_teleport""}","{""generator"": ""CAI_TMS_GDS_TASK_GENERATOR_TARGET_RIFTS_NEAR_OUR_REGIONS_IF_HAVENT_INTERACTED_ONLY_FULL_ARMY"", ""group"": ""wh3_tms_generator_group_rift_minor_nonchaos_override"", ""priority"": 35, ""variable_group"": ""gds_poi_interaction_rift_teleport""}"
cai_task_management_system_task_generator_groups_generators_junctions_tables,hecleas,OVERRIDE_CHANGED,"[""wh3_tms_generator_group_rift_minor_nonchaos_override"", ""CAI_TMS_GDS_TASK_GENERATOR_TARGET_RIFTS_NEAR_OUR_REGIONS_IF_PLAYER_HAS_MORE_SOULS"", ""gds_poi_interaction_rift_realm""]",priority,"{""generator"": ""CAI_TMS_GDS_TASK_GENERATOR_TARGET_RIFTS_NEAR_OUR_REGIONS_IF_PLAYER_HAS_MORE_SOULS"", ""group"": ""wh3_tms_generator_group_rift_minor_nonchaos_override"", ""priority"": -1, ""variable_group"": ""gds_poi_interaction_rift_realm""}","{""generator"": ""CAI_TMS_GDS_TASK_GENERATOR_TARGET_RIFTS_NEAR_OUR_REGIONS_IF_PLAYER_HAS_MORE_SOULS"", ""group"": ""wh3_tms_generator_group_rift_minor_nonchaos_override"", ""priority"": 35, ""variable_group"": ""gds_poi_interaction_rift_realm""}"
cai_task_management_system_task_generator_groups_generators_junctions_tables,hecleas,OVERRIDE_CHANGED,"[""wh3_tms_generator_group_rift_minor_nonchaos_override"", ""CAI_TMS_GDS_TASK_GENERATOR_TARGET_RIFTS_NEAR_OUR_REGIONS_IF_PLAYER_IS_IN_A_REALM"", ""gds_poi_interaction_rift_realm""]",priority,"{""generator"": ""CAI_TMS_GDS_TASK_GENERATOR_TARGET_RIFTS_NEAR_OUR_REGIONS_IF_PLAYER_IS_IN_A_REALM"", ""group"": ""wh3_tms_generator_group_rift_minor_nonchaos_override"", ""priority"": -1, ""variable_group"": ""gds_poi_interaction_rift_realm""}","{""generator"": ""CAI_TMS_GDS_TASK_GENERATOR_TARGET_RIFTS_NEAR_OUR_REGIONS_IF_PLAYER_IS_IN_A_REALM"", ""group"": ""wh3_tms_generator_group_rift_minor_nonchaos_override"", ""priority"": 55, ""variable_group"": ""gds_poi_interaction_rift_realm""}"
cai_task_management_system_task_generator_groups_generators_junctions_tables,hecleas,OVERRIDE_CHANGED,"[""wh3_tms_generator_group_rift_minor_nonchaos_override"", ""CAI_TMS_GDS_TASK_GENERATOR_TARGET_RIFTS_NEAR_OUR_REGIONS_IF_PLAYER_IS_NEAR_VICTORY"", ""gds_poi_interaction_rift_realm""]",priority,"{""generator"": ""CAI_TMS_GDS_TASK_GENERATOR_TARGET_RIFTS_NEAR_OUR_REGIONS_IF_PLAYER_IS_NEAR_VICTORY"", ""group"": ""wh3_tms_generator_group_rift_minor_nonchaos_override"", ""priority"": -1, ""variable_group"": ""gds_poi_interaction_rift_realm""}","{""generator"": ""CAI_TMS_GDS_TASK_GENERATOR_TARGET_RIFTS_NEAR_OUR_REGIONS_IF_PLAYER_IS_NEAR_VICTORY"", ""group"": ""wh3_tms_generator_group_rift_minor_nonchaos_override"", ""priority"": 55, ""variable_group"": ""gds_poi_interaction_rift_realm""}"
cai_task_management_system_task_generator_groups_generators_junctions_tables,hecleas,OVERRIDE_CHANGED,"[""wh3_tms_generator_group_rift_spawned_khorne"", ""CAI_TMS_GDS_TASK_GENERATOR_AGENT_ATTACK_NEARBY_SETTLEMENT_IF_FRIENDLY_ARMY_PRESENT"", null]",priority,"{""generator"": ""CAI_TMS_GDS_TASK_GENERATOR_AGENT_ATTACK_NEARBY_SETTLEMENT_IF_FRIENDLY_ARMY_PRESENT"", ""group"": ""wh3_tms_generator_group_rift_spawned_khorne"", ""priority"": 20, ""variable_group"": null}","{""generator"": ""CAI_TMS_GDS_TASK_GENERATOR_AGENT_ATTACK_NEARBY_SETTLEMENT_IF_FRIENDLY_ARMY_PRESENT"", ""group"": ""wh3_tms_generator_group_rift_spawned_khorne"", ""priority"": 80, ""variable_group"": null}"
cai_task_management_system_task_generator_groups_generators_junctions_tables,hecleas,OVERRIDE_CHANGED,"[""wh3_tms_generator_group_rift_spawned_khorne"", ""CAI_TMS_GDS_TASK_GENERATOR_AGENT_DEPLOY_IN_NEARBY_ENEMY_REGION_LOW_ON_CORRUPTION_KHORNE"", ""agent_deploy_to_region""]",priority,"{""generator"": ""CAI_TMS_GDS_TASK_GENERATOR_AGENT_DEPLOY_IN_NEARBY_ENEMY_REGION_LOW_ON_CORRUPTION_KHORNE"", ""group"": ""wh3_tms_generator_group_rift_spawned_khorne"", ""priority"": 10, ""variable_group"": ""agent_deploy_to_region""}","{""generator"": ""CAI_TMS_GDS_TASK_GENERATOR_AGENT_DEPLOY_IN_NEARBY_ENEMY_REGION_LOW_ON_CORRUPTION_KHORNE"", ""group"": ""wh3_tms_generator_group_rift_spawned_khorne"", ""priority"": 5, ""variable_group"": ""agent_deploy_to_region""}"
cai_task_management_system_task_generator_groups_generators_junctions_tables,hecleas,OVERRIDE_CHANGED,"[""wh3_tms_generator_group_rift_spawned_khorne"", ""CAI_TMS_GDS_TASK_GENERATOR_AGENT_DEPLOY_IN_NEARBY_REGION"", ""agent_deploy_to_region""]",priority,"{""generator"": ""CAI_TMS_GDS_TASK_GENERATOR_AGENT_DEPLOY_IN_NEARBY_REGION"", ""group"": ""wh3_tms_generator_group_rift_spawned_khorne"", ""priority"": 1, ""variable_group"": ""agent_deploy_to_region""}","{""generator"": ""CAI_TMS_GDS_TASK_GENERATOR_AGENT_DEPLOY_IN_NEARBY_REGION"", ""group"": ""wh3_tms_generator_group_rift_spawned_khorne"", ""priority"": 80, ""variable_group"": ""agent_deploy_to_region""}"
cai_task_management_system_task_generator_groups_generators_junctions_tables,hecleas,OVERRIDE_CHANGED,"[""wh3_tms_generator_group_rift_spawned_khorne"", ""CAI_TMS_GDS_TASK_GENERATOR_RAID_ANY_SETTLEMENT_NEAR_OUR_FORCES"", null]",priority,"{""generator"": ""CAI_TMS_GDS_TASK_GENERATOR_RAID_ANY_SETTLEMENT_NEAR_OUR_FORCES"", ""group"": ""wh3_tms_generator_group_rift_spawned_khorne"", ""priority"": 1, ""variable_group"": null}","{""generator"": ""CAI_TMS_GDS_TASK_GENERATOR_RAID_ANY_SETTLEMENT_NEAR_OUR_FORCES"", ""group"": ""wh3_tms_generator_group_rift_spawned_khorne"", ""priority"": 80, ""variable_group"": null}"
cai_task_management_system_task_generator_groups_generators_junctions_tables,hecleas,OVERRIDE_CHANGED,"[""wh3_tms_generator_group_rift_spawned_khorne"", ""CAI_TMS_TASK_GENERATOR_ATTACK_ALL_LOCAL_FORCES_SIZE_SCALED"", null]",priority,"{""generator"": ""CAI_TMS_TASK_GENERATOR_ATTACK_ALL_LOCAL_FORCES_SIZE_SCALED"", ""group"": ""wh3_tms_generator_group_rift_spawned_khorne"", ""priority"": 5, ""variable_group"": null}","{""generator"": ""CAI_TMS_TASK_GENERATOR_ATTACK_ALL_LOCAL_FORCES_SIZE_SCALED"", ""group"": ""wh3_tms_generator_group_rift_spawned_khorne"", ""priority"": 90, ""variable_group"": null}"
cai_task_management_system_task_generator_groups_generators_junctions_tables,hecleas,OVERRIDE_CHANGED,"[""wh3_tms_generator_group_rift_spawned_khorne"", ""CAI_TMS_TASK_GENERATOR_ATTACK_SETTLEMENTS_NEAR_OUR_FORCES"", null]",priority,"{""generator"": ""CAI_TMS_TASK_GENERATOR_ATTACK_SETTLEMENTS_NEAR_OUR_FORCES"", ""group"": ""wh3_tms_generator_group_rift_spawned_khorne"", ""priority"": 20, ""variable_group"": null}","{""generator"": ""CAI_TMS_TASK_GENERATOR_ATTACK_SETTLEMENTS_NEAR_OUR_FORCES"", ""group"": ""wh3_tms_generator_group_rift_spawned_khorne"", ""priority"": 90, ""variable_group"": null}"
cai_task_management_system_task_generator_groups_generators_junctions_tables,hecleas,OVERRIDE_CHANGED,"[""wh3_tms_generator_group_rift_spawned_legion"", ""CAI_TMS_GDS_TASK_GENERATOR_AGENT_ATTACK_NEARBY_SETTLEMENT_IF_FRIENDLY_ARMY_PRESENT"", null]",priority,"{""generator"": ""CAI_TMS_GDS_TASK_GENERATOR_AGENT_ATTACK_NEARBY_SETTLEMENT_IF_FRIENDLY_ARMY_PRESENT"", ""group"": ""wh3_tms_generator_group_rift_spawned_legion"", ""priority"": 20, ""variable_group"": null}","{""generator"": ""CAI_TMS_GDS_TASK_GENERATOR_AGENT_ATTACK_NEARBY_SETTLEMENT_IF_FRIENDLY_ARMY_PRESENT"", ""group"": ""wh3_tms_generator_group_rift_spawned_legion"", ""priority"": 80, ""variable_group"": null}"
cai_task_management_system_task_generator_groups_generators_junctions_tables,hecleas,OVERRIDE_CHANGED,"[""wh3_tms_generator_group_rift_spawned_legion"", ""CAI_TMS_GDS_TASK_GENERATOR_AGENT_DEPLOY_IN_NEARBY_ENEMY_REGION_LOW_ON_CORRUPTION_ANY"", ""agent_deploy_to_region""]",priority,"{""generator"": ""CAI_TMS_GDS_TASK_GENERATOR_AGENT_DEPLOY_IN_NEARBY_ENEMY_REGION_LOW_ON_CORRUPTION_ANY"", ""group"": ""wh3_tms_generator_group_rift_spawned_legion"", ""priority"": 10, ""variable_group"": ""agent_deploy_to_region""}","{""generator"": ""CAI_TMS_GDS_TASK_GENERATOR_AGENT_DEPLOY_IN_NEARBY_ENEMY_REGION_LOW_ON_CORRUPTION_ANY"", ""group"": ""wh3_tms_generator_group_rift_spawned_legion"", ""priority"": 5, ""variable_group"": ""agent_deploy_to_region""}"
cai_task_management_system_task_generator_groups_generators_junctions_tables,hecleas,OVERRIDE_CHANGED,"[""wh3_tms_generator_group_rift_spawned_legion"", ""CAI_TMS_GDS_TASK_GENERATOR_AGENT_DEPLOY_IN_NEARBY_REGION"", ""agent_deploy_to_region""]",priority,"{""generator"": ""CAI_TMS_GDS_TASK_GENERATOR_AGENT_DEPLOY_IN_NEARBY_REGION"", ""group"": ""wh3_tms_generator_group_rift_spawned_legion"", ""priority"": 1, ""variable_group"": ""agent_deploy_to_region""}","{""generator"": ""CAI_TMS_GDS_TASK_GENERATOR_AGENT_DEPLOY_IN_NEARBY_REGION"", ""group"": ""wh3_tms_generator_group_rift_spawned_legion"", ""priority"": 80, ""variable_group"": ""agent_deploy_to_region""}"
cai_task_management_system_task_generator_groups_generators_junctions_tables,hecleas,OVERRIDE_CHANGED,"[""wh3_tms_generator_group_rift_spawned_legion"", ""CAI_TMS_GDS_TASK_GENERATOR_RAID_ANY_SETTLEMENT_NEAR_OUR_FORCES"", null]",priority,"{""generator"": ""CAI_TMS_GDS_TASK_GENERATOR_RAID_ANY_SETTLEMENT_NEAR_OUR_FORCES"", ""group"": ""wh3_tms_generator_group_rift_spawned_legion"", ""priority"": 1, ""variable_group"": null}","{""generator"": ""CAI_TMS_GDS_TASK_GENERATOR_RAID_ANY_SETTLEMENT_NEAR_OUR_FORCES"", ""group"": ""wh3_tms_generator_group_rift_spawned_legion"", ""priority"": 80, ""variable_group"": null}"
cai_task_management_system_task_generator_groups_generators_junctions_tables,hecleas,OVERRIDE_CHANGED,"[""wh3_tms_generator_group_rift_spawned_legion"", ""CAI_TMS_TASK_GENERATOR_ATTACK_ALL_LOCAL_FORCES_SIZE_SCALED"", null]",priority,"{""generator"": ""CAI_TMS_TASK_GENERATOR_ATTACK_ALL_LOCAL_FORCES_SIZE_SCALED"", ""group"": ""wh3_tms_generator_group_rift_spawned_legion"", ""priority"": 5, ""variable_group"": null}","{""generator"": ""CAI_TMS_TASK_GENERATOR_ATTACK_ALL_LOCAL_FORCES_SIZE_SCALED"", ""group"": ""wh3_tms_generator_group_rift_spawned_legion"", ""priority"": 90, ""variable_group"": null}"
cai_task_management_system_task_generator_groups_generators_junctions_tables,hecleas,OVERRIDE_CHANGED,"[""wh3_tms_generator_group_rift_spawned_legion"", ""CAI_TMS_TASK_GENERATOR_ATTACK_SETTLEMENTS_NEAR_OUR_FORCES"", null]",priority,"{""generator"": ""CAI_TMS_TASK_GENERATOR_ATTACK_SETTLEMENTS_NEAR_OUR_FORCES"", ""group"": ""wh3_tms_generator_group_rift_spawned_legion"", ""priority"": 20, ""variable_group"": null}","{""generator"": ""CAI_TMS_TASK_GENERATOR_ATTACK_SETTLEMENTS_NEAR_OUR_FORCES"", ""group"": ""wh3_tms_generator_group_rift_spawned_legion"", ""priority"": 90, ""variable_group"": null}"
cai_task_management_system_task_generator_groups_generators_junctions_tables,hecleas,OVERRIDE_CHANGED,"[""wh3_tms_generator_group_rift_spawned_nurgle"", ""CAI_TMS_GDS_TASK_GENERATOR_AGENT_ATTACK_NEARBY_SETTLEMENT_IF_FRIENDLY_ARMY_PRESENT"", null]",priority,"{""generator"": ""CAI_TMS_GDS_TASK_GENERATOR_AGENT_ATTACK_NEARBY_SETTLEMENT_IF_FRIENDLY_ARMY_PRESENT"", ""group"": ""wh3_tms_generator_group_rift_spawned_nurgle"", ""priority"": 20, ""variable_group"": null}","{""generator"": ""CAI_TMS_GDS_TASK_GENERATOR_AGENT_ATTACK_NEARBY_SETTLEMENT_IF_FRIENDLY_ARMY_PRESENT"", ""group"": ""wh3_tms_generator_group_rift_spawned_nurgle"", ""priority"": 80, ""variable_group"": null}"
cai_task_management_system_task_generator_groups_generators_junctions_tables,hecleas,OVERRIDE_CHANGED,"[""wh3_tms_generator_group_rift_spawned_nurgle"", ""CAI_TMS_GDS_TASK_GENERATOR_AGENT_DEPLOY_IN_NEARBY_ENEMY_REGION_LOW_ON_CORRUPTION_NURGLE"", ""agent_deploy_to_region""]",priority,"{""generator"": ""CAI_TMS_GDS_TASK_GENERATOR_AGENT_DEPLOY_IN_NEARBY_ENEMY_REGION_LOW_ON_CORRUPTION_NURGLE"", ""group"": ""wh3_tms_generator_group_rift_spawned_nurgle"", ""priority"": 10, ""variable_group"": ""agent_deploy_to_region""}","{""generator"": ""CAI_TMS_GDS_TASK_GENERATOR_AGENT_DEPLOY_IN_NEARBY_ENEMY_REGION_LOW_ON_CORRUPTION_NURGLE"", ""group"": ""wh3_tms_generator_group_rift_spawned_nurgle"", ""priority"": 5, ""variable_group"": ""agent_deploy_to_region""}"
cai_task_management_system_task_generator_groups_generators_junctions_tables,hecleas,OVERRIDE_CHANGED,"[""wh3_tms_generator_group_rift_spawned_nurgle"", ""CAI_TMS_GDS_TASK_GENERATOR_AGENT_DEPLOY_IN_NEARBY_REGION"", ""agent_deploy_to_region""]",priority,"{""generator"": ""CAI_TMS_GDS_TASK_GENERATOR_AGENT_DEPLOY_IN_NEARBY_REGION"", ""group"": ""wh3_tms_generator_group_rift_spawned_nurgle"", ""priority"": 1, ""variable_group"": ""agent_deploy_to_region""}","{""generator"": ""CAI_TMS_GDS_TASK_GENERATOR_AGENT_DEPLOY_IN_NEARBY_REGION"", ""group"": ""wh3_tms_generator_group_rift_spawned_nurgle"", ""priority"": 80, ""variable_group"": ""agent_deploy_to_region""}"
cai_task_management_system_task_generator_groups_generators_junctions_tables,hecleas,OVERRIDE_CHANGED,"[""wh3_tms_generator_group_rift_spawned_nurgle"", ""CAI_TMS_GDS_TASK_GENERATOR_RAID_ANY_SETTLEMENT_NEAR_OUR_FORCES"", null]",priority,"{""generator"": ""CAI_TMS_GDS_TASK_GENERATOR_RAID_ANY_SETTLEMENT_NEAR_OUR_FORCES"", ""group"": ""wh3_tms_generator_group_rift_spawned_nurgle"", ""priority"": 1, ""variable_group"": null}","{""generator"": ""CAI_TMS_GDS_TASK_GENERATOR_RAID_ANY_SETTLEMENT_NEAR_OUR_FORCES"", ""group"": ""wh3_tms_generator_group_rift_spawned_nurgle"", ""priority"": 80, ""variable_group"": null}"
cai_task_management_system_task_generator_groups_generators_junctions_tables,hecleas,OVERRIDE_CHANGED,"[""wh3_tms_generator_group_rift_spawned_nurgle"", ""CAI_TMS_TASK_GENERATOR_ATTACK_ALL_LOCAL_FORCES_SIZE_SCALED"", null]",priority,"{""generator"": ""CAI_TMS_TASK_GENERATOR_ATTACK_ALL_LOCAL_FORCES_SIZE_SCALED"", ""group"": ""wh3_tms_generator_group_rift_spawned_nurgle"", ""priority"": 5, ""variable_group"": null}","{""generator"": ""CAI_TMS_TASK_GENERATOR_ATTACK_ALL_LOCAL_FORCES_SIZE_SCALED"", ""group"": ""wh3_tms_generator_group_rift_spawned_nurgle"", ""priority"": 90, ""variable_group"": null}"
cai_task_management_system_task_generator_groups_generators_junctions_tables,hecleas,OVERRIDE_CHANGED,"[""wh3_tms_generator_group_rift_spawned_nurgle"", ""CAI_TMS_TASK_GENERATOR_ATTACK_SETTLEMENTS_NEAR_OUR_FORCES"", null]",priority,"{""generator"": ""CAI_TMS_TASK_GENERATOR_ATTACK_SETTLEMENTS_NEAR_OUR_FORCES"", ""group"": ""wh3_tms_generator_group_rift_spawned_nurgle"", ""priority"": 20, ""variable_group"": null}","{""generator"": ""CAI_TMS_TASK_GENERATOR_ATTACK_SETTLEMENTS_NEAR_OUR_FORCES"", ""group"": ""wh3_tms_generator_group_rift_spawned_nurgle"", ""priority"": 90, ""variable_group"": null}"
cai_task_management_system_task_generator_groups_generators_junctions_tables,hecleas,OVERRIDE_CHANGED,"[""wh3_tms_generator_group_rift_spawned_slaanesh"", ""CAI_TMS_GDS_TASK_GENERATOR_AGENT_ATTACK_NEARBY_SETTLEMENT_IF_FRIENDLY_ARMY_PRESENT"", null]",priority,"{""generator"": ""CAI_TMS_GDS_TASK_GENERATOR_AGENT_ATTACK_NEARBY_SETTLEMENT_IF_FRIENDLY_ARMY_PRESENT"", ""group"": ""wh3_tms_generator_group_rift_spawned_slaanesh"", ""priority"": 20, ""variable_group"": null}","{""generator"": ""CAI_TMS_GDS_TASK_GENERATOR_AGENT_ATTACK_NEARBY_SETTLEMENT_IF_FRIENDLY_ARMY_PRESENT"", ""group"": ""wh3_tms_generator_group_rift_spawned_slaanesh"", ""priority"": 80, ""variable_group"": null}"
cai_task_management_system_task_generator_groups_generators_junctions_tables,hecleas,OVERRIDE_CHANGED,"[""wh3_tms_generator_group_rift_spawned_slaanesh"", ""CAI_TMS_GDS_TASK_GENERATOR_AGENT_DEPLOY_IN_NEARBY_ENEMY_REGION_LOW_ON_CORRUPTION_SLAANESH"", ""agent_deploy_to_region""]",priority,"{""generator"": ""CAI_TMS_GDS_TASK_GENERATOR_AGENT_DEPLOY_IN_NEARBY_ENEMY_REGION_LOW_ON_CORRUPTION_SLAANESH"", ""group"": ""wh3_tms_generator_group_rift_spawned_slaanesh"", ""priority"": 10, ""variable_group"": ""agent_deploy_to_region""}","{""generator"": ""CAI_TMS_GDS_TASK_GENERATOR_AGENT_DEPLOY_IN_NEARBY_ENEMY_REGION_LOW_ON_CORRUPTION_SLAANESH"", ""group"": ""wh3_tms_generator_group_rift_spawned_slaanesh"", ""priority"": 5, ""variable_group"": ""agent_deploy_to_region""}"
cai_task_management_system_task_generator_groups_generators_junctions_tables,hecleas,OVERRIDE_CHANGED,"[""wh3_tms_generator_group_rift_spawned_slaanesh"", ""CAI_TMS_GDS_TASK_GENERATOR_AGENT_DEPLOY_IN_NEARBY_REGION"", ""agent_deploy_to_region""]",priority,"{""generator"": ""CAI_TMS_GDS_TASK_GENERATOR_AGENT_DEPLOY_IN_NEARBY_REGION"", ""group"": ""wh3_tms_generator_group_rift_spawned_slaanesh"", ""priority"": 1, ""variable_group"": ""agent_deploy_to_region""}","{""generator"": ""CAI_TMS_GDS_TASK_GENERATOR_AGENT_DEPLOY_IN_NEARBY_REGION"", ""group"": ""wh3_tms_generator_group_rift_spawned_slaanesh"", ""priority"": 80, ""variable_group"": ""agent_deploy_to_region""}"
cai_task_management_system_task_generator_groups_generators_junctions_tables,hecleas,OVERRIDE_CHANGED,"[""wh3_tms_generator_group_rift_spawned_slaanesh"", ""CAI_TMS_GDS_TASK_GENERATOR_RAID_ANY_SETTLEMENT_NEAR_OUR_FORCES"", null]",priority,"{""generator"": ""CAI_TMS_GDS_TASK_GENERATOR_RAID_ANY_SETTLEMENT_NEAR_OUR_FORCES"", ""group"": ""wh3_tms_generator_group_rift_spawned_slaanesh"", ""priority"": 1, ""variable_group"": null}","{""generator"": ""CAI_TMS_GDS_TASK_GENERATOR_RAID_ANY_SETTLEMENT_NEAR_OUR_FORCES"", ""group"": ""wh3_tms_generator_group_rift_spawned_slaanesh"", ""priority"": 80, ""variable_group"": null}"
cai_task_management_system_task_generator_groups_generators_junctions_tables,hecleas,OVERRIDE_CHANGED,"[""wh3_tms_generator_group_rift_spawned_slaanesh"", ""CAI_TMS_TASK_GENERATOR_ATTACK_ALL_LOCAL_FORCES_SIZE_SCALED"", null]",priority,"{""generator"": ""CAI_TMS_TASK_GENERATOR_ATTACK_ALL_LOCAL_FORCES_SIZE_SCALED"", ""group"": ""wh3_tms_generator_group_rift_spawned_slaanesh"", ""priority"": 5, ""variable_group"": null}","{""generator"": ""CAI_TMS_TASK_GENERATOR_ATTACK_ALL_LOCAL_FORCES_SIZE_SCALED"", ""group"": ""wh3_tms_generator_group_rift_spawned_slaanesh"", ""priority"": 90, ""variable_group"": null}"
cai_task_management_system_task_generator_groups_generators_junctions_tables,hecleas,OVERRIDE_CHANGED,"[""wh3_tms_generator_group_rift_spawned_slaanesh"", ""CAI_TMS_TASK_GENERATOR_ATTACK_SETTLEMENTS_NEAR_OUR_FORCES"", null]",priority,"{""generator"": ""CAI_TMS_TASK_GENERATOR_ATTACK_SETTLEMENTS_NEAR_OUR_FORCES"", ""group"": ""wh3_tms_generator_group_rift_spawned_slaanesh"", ""priority"": 20, ""variable_group"": null}","{""generator"": ""CAI_TMS_TASK_GENERATOR_ATTACK_SETTLEMENTS_NEAR_OUR_FORCES"", ""group"": ""wh3_tms_generator_group_rift_spawned_slaanesh"", ""priority"": 90, ""variable_group"": null}"
cai_task_management_system_task_generator_groups_generators_junctions_tables,hecleas,OVERRIDE_CHANGED,"[""wh3_tms_generator_group_rift_spawned_tzeentch"", ""CAI_TMS_GDS_TASK_GENERATOR_AGENT_ATTACK_NEARBY_SETTLEMENT_IF_FRIENDLY_ARMY_PRESENT"", null]",priority,"{""generator"": ""CAI_TMS_GDS_TASK_GENERATOR_AGENT_ATTACK_NEARBY_SETTLEMENT_IF_FRIENDLY_ARMY_PRESENT"", ""group"": ""wh3_tms_generator_group_rift_spawned_tzeentch"", ""priority"": 20, ""variable_group"": null}","{""generator"": ""CAI_TMS_GDS_TASK_GENERATOR_AGENT_ATTACK_NEARBY_SETTLEMENT_IF_FRIENDLY_ARMY_PRESENT"", ""group"": ""wh3_tms_generator_group_rift_spawned_tzeentch"", ""priority"": 80, ""variable_group"": null}"
cai_task_management_system_task_generator_groups_generators_junctions_tables,hecleas,OVERRIDE_CHANGED,"[""wh3_tms_generator_group_rift_spawned_tzeentch"", ""CAI_TMS_GDS_TASK_GENERATOR_AGENT_DEPLOY_IN_NEARBY_ENEMY_REGION_LOW_ON_CORRUPTION_TZEENTCH"", ""agent_deploy_to_region""]",priority,"{""generator"": ""CAI_TMS_GDS_TASK_GENERATOR_AGENT_DEPLOY_IN_NEARBY_ENEMY_REGION_LOW_ON_CORRUPTION_TZEENTCH"", ""group"": ""wh3_tms_generator_group_rift_spawned_tzeentch"", ""priority"": 10, ""variable_group"": ""agent_deploy_to_region""}","{""generator"": ""CAI_TMS_GDS_TASK_GENERATOR_AGENT_DEPLOY_IN_NEARBY_ENEMY_REGION_LOW_ON_CORRUPTION_TZEENTCH"", ""group"": ""wh3_tms_generator_group_rift_spawned_tzeentch"", ""priority"": 5, ""variable_group"": ""agent_deploy_to_region""}"
cai_task_management_system_task_generator_groups_generators_junctions_tables,hecleas,OVERRIDE_CHANGED,"[""wh3_tms_generator_group_rift_spawned_tzeentch"", ""CAI_TMS_GDS_TASK_GENERATOR_AGENT_DEPLOY_IN_NEARBY_REGION"", ""agent_deploy_to_region""]",priority,"{""generator"": ""CAI_TMS_GDS_TASK_GENERATOR_AGENT_DEPLOY_IN_NEARBY_REGION"", ""group"": ""wh3_tms_generator_group_rift_spawned_tzeentch"", ""priority"": 1, ""variable_group"": ""agent_deploy_to_region""}","{""generator"": ""CAI_TMS_GDS_TASK_GENERATOR_AGENT_DEPLOY_IN_NEARBY_REGION"", ""group"": ""wh3_tms_generator_group_rift_spawned_tzeentch"", ""priority"": 80, ""variable_group"": ""agent_deploy_to_region""}"
cai_task_management_system_task_generator_groups_generators_junctions_tables,hecleas,OVERRIDE_CHANGED,"[""wh3_tms_generator_group_rift_spawned_tzeentch"", ""CAI_TMS_GDS_TASK_GENERATOR_RAID_ANY_SETTLEMENT_NEAR_OUR_FORCES"", null]",priority,"{""generator"": ""CAI_TMS_GDS_TASK_GENERATOR_RAID_ANY_SETTLEMENT_NEAR_OUR_FORCES"", ""group"": ""wh3_tms_generator_group_rift_spawned_tzeentch"", ""priority"": 1, ""variable_group"": null}","{""generator"": ""CAI_TMS_GDS_TASK_GENERATOR_RAID_ANY_SETTLEMENT_NEAR_OUR_FORCES"", ""group"": ""wh3_tms_generator_group_rift_spawned_tzeentch"", ""priority"": 80, ""variable_group"": null}"
cai_task_management_system_task_generator_groups_generators_junctions_tables,hecleas,OVERRIDE_CHANGED,"[""wh3_tms_generator_group_rift_spawned_tzeentch"", ""CAI_TMS_TASK_GENERATOR_ATTACK_ALL_LOCAL_FORCES_SIZE_SCALED"", null]",priority,"{""generator"": ""CAI_TMS_TASK_GENERATOR_ATTACK_ALL_LOCAL_FORCES_SIZE_SCALED"", ""group"": ""wh3_tms_generator_group_rift_spawned_tzeentch"", ""priority"": 5, ""variable_group"": null}","{""generator"": ""CAI_TMS_TASK_GENERATOR_ATTACK_ALL_LOCAL_FORCES_SIZE_SCALED"", ""group"": ""wh3_tms_generator_group_rift_spawned_tzeentch"", ""priority"": 90, ""variable_group"": null}"
cai_task_management_system_task_generator_groups_generators_junctions_tables,hecleas,OVERRIDE_CHANGED,"[""wh3_tms_generator_group_rift_spawned_tzeentch"", ""CAI_TMS_TASK_GENERATOR_ATTACK_SETTLEMENTS_NEAR_OUR_FORCES"", null]",priority,"{""generator"": ""CAI_TMS_TASK_GENERATOR_ATTACK_SETTLEMENTS_NEAR_OUR_FORCES"", ""group"": ""wh3_tms_generator_group_rift_spawned_tzeentch"", ""priority"": 20, ""variable_group"": null}","{""generator"": ""CAI_TMS_TASK_GENERATOR_ATTACK_SETTLEMENTS_NEAR_OUR_FORCES"", ""group"": ""wh3_tms_generator_group_rift_spawned_tzeentch"", ""priority"": 90, ""variable_group"": null}"
cai_task_management_system_task_generator_groups_generators_junctions_tables,hecleas,OVERRIDE_SAME_AS_VANILLA,"[""wh3_tms_generator_group_simple"", ""CAI_TMS_GDS_TASK_GENERATOR_ATTACK_KISLEV_MAJOR_CITY"", null]",,"{""generator"": ""CAI_TMS_GDS_TASK_GENERATOR_ATTACK_KISLEV_MAJOR_CITY"", ""group"": ""wh3_tms_generator_group_simple"", ""priority"": 0, ""variable_group"": null}",null
cai_task_management_system_task_generator_groups_generators_junctions_tables,hecleas,OVERRIDE_CHANGED,"[""wh3_tms_generator_group_simple"", ""CAI_TMS_GDS_TASK_GENERATOR_DEFEND_OWN_REGIONS"", null]",priority,"{""generator"": ""CAI_TMS_GDS_TASK_GENERATOR_DEFEND_OWN_REGIONS"", ""group"": ""wh3_tms_generator_group_simple"", ""priority"": 2, ""variable_group"": null}","{""generator"": ""CAI_TMS_GDS_TASK_GENERATOR_DEFEND_OWN_REGIONS"", ""group"": ""wh3_tms_generator_group_simple"", ""priority"": 30, ""variable_group"": null}"
cai_task_management_system_task_generator_groups_generators_junctions_tables,hecleas,OVERRIDE_CHANGED,"[""wh3_tms_generator_group_simple"", ""CAI_TMS_GDS_TASK_GENERATOR_RECRUIT_WITH_MAIN_ARMY"", null]",priority,"{""generator"": ""CAI_TMS_GDS_TASK_GENERATOR_RECRUIT_WITH_MAIN_ARMY"", ""group"": ""wh3_tms_generator_group_simple"", ""priority"": 0, ""variable_group"": null}","{""generator"": ""CAI_TMS_GDS_TASK_GENERATOR_RECRUIT_WITH_MAIN_ARMY"", ""group"": ""wh3_tms_generator_group_simple"", ""priority"": 70, ""variable_group"": null}"
cai_task_management_system_task_generator_groups_generators_junctions_tables,hecleas,OVERRIDE_CHANGED,"[""wh3_tms_generator_group_simple"", ""CAI_TMS_TASK_GENERATOR_ACTIVELY_DEFEND_THREATENED_REGIONS"", null]",priority,"{""generator"": ""CAI_TMS_TASK_GENERATOR_ACTIVELY_DEFEND_THREATENED_REGIONS"", ""group"": ""wh3_tms_generator_group_simple"", ""priority"": 2, ""variable_group"": null}","{""generator"": ""CAI_TMS_TASK_GENERATOR_ACTIVELY_DEFEND_THREATENED_REGIONS"", ""group"": ""wh3_tms_generator_group_simple"", ""priority"": 94, ""variable_group"": null}"
cai_task_management_system_task_generator_groups_generators_junctions_tables,hecleas,OVERRIDE_CHANGED,"[""wh3_tms_generator_group_simple"", ""CAI_TMS_TASK_GENERATOR_ATTACK_ALL_ENEMY_FORCES"", null]",priority,"{""generator"": ""CAI_TMS_TASK_GENERATOR_ATTACK_ALL_ENEMY_FORCES"", ""group"": ""wh3_tms_generator_group_simple"", ""priority"": 1, ""variable_group"": null}","{""generator"": ""CAI_TMS_TASK_GENERATOR_ATTACK_ALL_ENEMY_FORCES"", ""group"": ""wh3_tms_generator_group_simple"", ""priority"": 90, ""variable_group"": null}"
cai_task_management_system_task_generator_groups_generators_junctions_tables,hecleas,OVERRIDE_CHANGED,"[""wh3_tms_generator_group_simple"", ""CAI_TMS_TASK_GENERATOR_ATTACK_ALL_ENEMY_FORCES_NEAR_RECENTLY_LOST_REGIONS"", null]",priority,"{""generator"": ""CAI_TMS_TASK_GENERATOR_ATTACK_ALL_ENEMY_FORCES_NEAR_RECENTLY_LOST_REGIONS"", ""group"": ""wh3_tms_generator_group_simple"", ""priority"": 4, ""variable_group"": null}","{""generator"": ""CAI_TMS_TASK_GENERATOR_ATTACK_ALL_ENEMY_FORCES_NEAR_RECENTLY_LOST_REGIONS"", ""group"": ""wh3_tms_generator_group_simple"", ""priority"": 90, ""variable_group"": null}"
cai_task_management_system_task_generator_groups_generators_junctions_tables,hecleas,OVERRIDE_CHANGED,"[""wh3_tms_generator_group_simple"", ""CAI_TMS_TASK_GENERATOR_ATTACK_ALL_ENEMY_MAIN_THREAT_FORCES"", null]",priority,"{""generator"": ""CAI_TMS_TASK_GENERATOR_ATTACK_ALL_ENEMY_MAIN_THREAT_FORCES"", ""group"": ""wh3_tms_generator_group_simple"", ""priority"": 2, ""variable_group"": null}","{""generator"": ""CAI_TMS_TASK_GENERATOR_ATTACK_ALL_ENEMY_MAIN_THREAT_FORCES"", ""group"": ""wh3_tms_generator_group_simple"", ""priority"": 94, ""variable_group"": null}"
cai_task_management_system_task_generator_groups_generators_junctions_tables,hecleas,OVERRIDE_CHANGED,"[""wh3_tms_generator_group_simple"", ""CAI_TMS_TASK_GENERATOR_ATTACK_ALL_ENEMY_MAIN_THREAT_SETTLEMENTS"", null]",priority,"{""generator"": ""CAI_TMS_TASK_GENERATOR_ATTACK_ALL_ENEMY_MAIN_THREAT_SETTLEMENTS"", ""group"": ""wh3_tms_generator_group_simple"", ""priority"": 2, ""variable_group"": null}","{""generator"": ""CAI_TMS_TASK_GENERATOR_ATTACK_ALL_ENEMY_MAIN_THREAT_SETTLEMENTS"", ""group"": ""wh3_tms_generator_group_simple"", ""priority"": 94, ""variable_group"": null}"
cai_task_management_system_task_generator_groups_generators_junctions_tables,hecleas,OVERRIDE_CHANGED,"[""wh3_tms_generator_group_simple"", ""CAI_TMS_TASK_GENERATOR_ATTACK_ALL_ENEMY_SETTLEMENTS"", null]",priority,"{""generator"": ""CAI_TMS_TASK_GENERATOR_ATTACK_ALL_ENEMY_SETTLEMENTS"", ""group"": ""wh3_tms_generator_group_simple"", ""priority"": 1, ""variable_group"": null}","{""generator"": ""CAI_TMS_TASK_GENERATOR_ATTACK_ALL_ENEMY_SETTLEMENTS"", ""group"": ""wh3_tms_generator_group_simple"", ""priority"": 90, ""variable_group"": null}"
cai_task_management_system_task_generator_groups_generators_junctions_tables,hecleas,OVERRIDE_CHANGED,"[""wh3_tms_generator_group_simple"", ""CAI_TMS_TASK_GENERATOR_ATTACK_ALL_ENEMY_SETTLEMENTS_IF_HAVENT_EXPANDED_RECENTLY"", ""timed_priority_boost_quick""]",priority,"{""generator"": ""CAI_TMS_TASK_GENERATOR_ATTACK_ALL_ENEMY_SETTLEMENTS_IF_HAVENT_EXPANDED_RECENTLY"", ""group"": ""wh3_tms_generator_group_simple"", ""priority"": 3, ""variable_group"": ""timed_priority_boost_quick""}","{""generator"": ""CAI_TMS_TASK_GENERATOR_ATTACK_ALL_ENEMY_SETTLEMENTS_IF_HAVENT_EXPANDED_RECENTLY"", ""group"": ""wh3_tms_generator_group_simple"", ""priority"": 90, ""variable_group"": ""timed_priority_boost_quick""}"
cai_task_management_system_task_generator_groups_generators_junctions_tables,hecleas,OVERRIDE_CHANGED,"[""wh3_tms_generator_group_simple"", ""CAI_TMS_TASK_GENERATOR_ATTACK_ALL_LOCAL_AGENTS_LEVEL_SCALED"", null]",priority,"{""generator"": ""CAI_TMS_TASK_GENERATOR_ATTACK_ALL_LOCAL_AGENTS_LEVEL_SCALED"", ""group"": ""wh3_tms_generator_group_simple"", ""priority"": 5, ""variable_group"": null}","{""generator"": ""CAI_TMS_TASK_GENERATOR_ATTACK_ALL_LOCAL_AGENTS_LEVEL_SCALED"", ""group"": ""wh3_tms_generator_group_simple"", ""priority"": 80, ""variable_group"": null}"
cai_task_management_system_task_generator_groups_generators_junctions_tables,hecleas,OVERRIDE_CHANGED,"[""wh3_tms_generator_group_simple"", ""CAI_TMS_TASK_GENERATOR_ATTACK_ALL_LOCAL_FORCES_SIZE_SCALED"", null]",priority,"{""generator"": ""CAI_TMS_TASK_GENERATOR_ATTACK_ALL_LOCAL_FORCES_SIZE_SCALED"", ""group"": ""wh3_tms_generator_group_simple"", ""priority"": 4, ""variable_group"": null}","{""generator"": ""CAI_TMS_TASK_GENERATOR_ATTACK_ALL_LOCAL_FORCES_SIZE_SCALED"", ""group"": ""wh3_tms_generator_group_simple"", ""priority"": 90, ""variable_group"": null}"
cai_task_management_system_task_generator_groups_generators_junctions_tables,hecleas,OVERRIDE_CHANGED,"[""wh3_tms_generator_group_simple"", ""CAI_TMS_TASK_GENERATOR_ATTACK_NEIGHBOURING_WAR_REGIONS"", null]",priority,"{""generator"": ""CAI_TMS_TASK_GENERATOR_ATTACK_NEIGHBOURING_WAR_REGIONS"", ""group"": ""wh3_tms_generator_group_simple"", ""priority"": 2, ""variable_group"": null}","{""generator"": ""CAI_TMS_TASK_GENERATOR_ATTACK_NEIGHBOURING_WAR_REGIONS"", ""group"": ""wh3_tms_generator_group_simple"", ""priority"": 92, ""variable_group"": null}"
cai_task_management_system_task_generator_groups_generators_junctions_tables,hecleas,OVERRIDE_CHANGED,"[""wh3_tms_generator_group_simple"", ""CAI_TMS_TASK_GENERATOR_ATTACK_SETTLEMENTS_NEAR_OUR_FORCES"", null]",priority,"{""generator"": ""CAI_TMS_TASK_GENERATOR_ATTACK_SETTLEMENTS_NEAR_OUR_FORCES"", ""group"": ""wh3_tms_generator_group_simple"", ""priority"": 2, ""variable_group"": null}","{""generator"": ""CAI_TMS_TASK_GENERATOR_ATTACK_SETTLEMENTS_NEAR_OUR_FORCES"", ""group"": ""wh3_tms_generator_group_simple"", ""priority"": 90, ""variable_group"": null}"
cai_task_management_system_task_generator_groups_generators_junctions_tables,hecleas,OVERRIDE_SAME_AS_VANILLA,"[""wh3_tms_generator_group_simple"", ""CAI_TMS_TASK_GENERATOR_ATTACK_SETTLEMENTS_UNDER_SIEGE_BY_NON_ALLIES"", null]",,"{""generator"": ""CAI_TMS_TASK_GENERATOR_ATTACK_SETTLEMENTS_UNDER_SIEGE_BY_NON_ALLIES"", ""group"": ""wh3_tms_generator_group_simple"", ""priority"": -10, ""variable_group"": null}",null
cai_task_management_system_task_generator_groups_generators_junctions_tables,hecleas,OVERRIDE_CHANGED,"[""wh3_tms_generator_group_simple"", ""CAI_TMS_TASK_GENERATOR_COMPLETE_PROVINCE"", null]",priority,"{""generator"": ""CAI_TMS_TASK_GENERATOR_COMPLETE_PROVINCE"", ""group"": ""wh3_tms_generator_group_simple"", ""priority"": 2, ""variable_group"": null}","{""generator"": ""CAI_TMS_TASK_GENERATOR_COMPLETE_PROVINCE"", ""group"": ""wh3_tms_generator_group_simple"", ""priority"": 80, ""variable_group"": null}"
cai_task_management_system_task_generator_groups_generators_junctions_tables,hecleas,OVERRIDE_CHANGED,"[""wh3_tms_generator_group_simple"", ""CAI_TMS_TASK_GENERATOR_CONSOLIDATE_BORDERS"", null]",priority,"{""generator"": ""CAI_TMS_TASK_GENERATOR_CONSOLIDATE_BORDERS"", ""group"": ""wh3_tms_generator_group_simple"", ""priority"": 2, ""variable_group"": null}","{""generator"": ""CAI_TMS_TASK_GENERATOR_CONSOLIDATE_BORDERS"", ""group"": ""wh3_tms_generator_group_simple"", ""priority"": 40, ""variable_group"": null}"
cai_task_management_system_task_generator_groups_generators_junctions_tables,hecleas,OVERRIDE_CHANGED,"[""wh3_tms_generator_group_simple"", ""CAI_TMS_TASK_GENERATOR_DEFEND_BESIEGED_SETTLEMENT"", null]",priority,"{""generator"": ""CAI_TMS_TASK_GENERATOR_DEFEND_BESIEGED_SETTLEMENT"", ""group"": ""wh3_tms_generator_group_simple"", ""priority"": 3, ""variable_group"": null}","{""generator"": ""CAI_TMS_TASK_GENERATOR_DEFEND_BESIEGED_SETTLEMENT"", ""group"": ""wh3_tms_generator_group_simple"", ""priority"": 100, ""variable_group"": null}"
cai_task_management_system_task_generator_groups_generators_junctions_tables,hecleas,OVERRIDE_CHANGED,"[""wh3_tms_generator_group_simple"", ""CAI_TMS_TASK_GENERATOR_DEFEND_OWNED_REGIONS"", null]",priority,"{""generator"": ""CAI_TMS_TASK_GENERATOR_DEFEND_OWNED_REGIONS"", ""group"": ""wh3_tms_generator_group_simple"", ""priority"": 3, ""variable_group"": null}","{""generator"": ""CAI_TMS_TASK_GENERATOR_DEFEND_OWNED_REGIONS"", ""group"": ""wh3_tms_generator_group_simple"", ""priority"": 30, ""variable_group"": null}"
cai_task_management_system_task_generator_groups_generators_junctions_tables,hecleas,OVERRIDE_CHANGED,"[""wh3_tms_generator_group_simple"", ""CAI_TMS_TASK_GENERATOR_FOLLOW_ARMY"", null]",priority,"{""generator"": ""CAI_TMS_TASK_GENERATOR_FOLLOW_ARMY"", ""group"": ""wh3_tms_generator_group_simple"", ""priority"": 0, ""variable_group"": null}","{""generator"": ""CAI_TMS_TASK_GENERATOR_FOLLOW_ARMY"", ""group"": ""wh3_tms_generator_group_simple"", ""priority"": 80, ""variable_group"": null}"
cai_task_management_system_task_generator_groups_generators_junctions_tables,hecleas,OVERRIDE_SAME_AS_VANILLA,"[""wh3_tms_generator_group_simple"", ""CAI_TMS_TASK_GENERATOR_RAID_RECENTLY_SACKED_SETTLEMENTS"", ""time_horizon_4""]",,"{""generator"": ""CAI_TMS_TASK_GENERATOR_RAID_RECENTLY_SACKED_SETTLEMENTS"", ""group"": ""wh3_tms_generator_group_simple"", ""priority"": -5, ""variable_group"": ""time_horizon_4""}",null
cai_task_management_system_task_generator_groups_generators_junctions_tables,hecleas,OVERRIDE_CHANGED,"[""wh3_tms_generator_group_skaven_specific_additive"", ""CAI_TMS_TASK_GENERATOR_ATTACK_SETTLEMENT_TO_SPREAD_PLAGUE"", null]",priority,"{""generator"": ""CAI_TMS_TASK_GENERATOR_ATTACK_SETTLEMENT_TO_SPREAD_PLAGUE"", ""group"": ""wh3_tms_generator_group_skaven_specific_additive"", ""priority"": 100, ""variable_group"": null}","{""generator"": ""CAI_TMS_TASK_GENERATOR_ATTACK_SETTLEMENT_TO_SPREAD_PLAGUE"", ""group"": ""wh3_tms_generator_group_skaven_specific_additive"", ""priority"": 90, ""variable_group"": null}"
cai_task_management_system_task_generator_groups_generators_junctions_tables,hecleas,OVERRIDE_CHANGED,"[""wh3_tms_generator_group_skaven_specific_additive"", ""CAI_TMS_TASK_GENERATOR_ATTACK_UNDEFENDED_ENEMY_SETTLEMENTS"", null]",priority,"{""generator"": ""CAI_TMS_TASK_GENERATOR_ATTACK_UNDEFENDED_ENEMY_SETTLEMENTS"", ""group"": ""wh3_tms_generator_group_skaven_specific_additive"", ""priority"": 5, ""variable_group"": null}","{""generator"": ""CAI_TMS_TASK_GENERATOR_ATTACK_UNDEFENDED_ENEMY_SETTLEMENTS"", ""group"": ""wh3_tms_generator_group_skaven_specific_additive"", ""priority"": 90, ""variable_group"": null}"
cai_task_management_system_task_generator_groups_generators_junctions_tables,hecleas,OVERRIDE_CHANGED,"[""wh3_tms_generator_group_slaanesh_nkari_specific_additive"", ""CAI_TMS_GDS_TASK_GENERATOR_RAID_DISLIKED_HIGH_PO_REGIONS_NEAR_OUR_SETTLEMENTS"", null]",priority,"{""generator"": ""CAI_TMS_GDS_TASK_GENERATOR_RAID_DISLIKED_HIGH_PO_REGIONS_NEAR_OUR_SETTLEMENTS"", ""group"": ""wh3_tms_generator_group_slaanesh_nkari_specific_additive"", ""priority"": 3, ""variable_group"": null}","{""generator"": ""CAI_TMS_GDS_TASK_GENERATOR_RAID_DISLIKED_HIGH_PO_REGIONS_NEAR_OUR_SETTLEMENTS"", ""group"": ""wh3_tms_generator_group_slaanesh_nkari_specific_additive"", ""priority"": 80, ""variable_group"": null}"
cai_task_management_system_task_generator_groups_generators_junctions_tables,hecleas,OVERRIDE_CHANGED,"[""wh3_tms_generator_group_slaanesh_specific_additive"", ""CAI_TMS_TASK_GENERATOR_WITHDRAW_LOW_WINDS_OF_MAGIC_ARMIES_TO_REGION"", null]",priority,"{""generator"": ""CAI_TMS_TASK_GENERATOR_WITHDRAW_LOW_WINDS_OF_MAGIC_ARMIES_TO_REGION"", ""group"": ""wh3_tms_generator_group_slaanesh_specific_additive"", ""priority"": 5, ""variable_group"": null}","{""generator"": ""CAI_TMS_TASK_GENERATOR_WITHDRAW_LOW_WINDS_OF_MAGIC_ARMIES_TO_REGION"", ""group"": ""wh3_tms_generator_group_slaanesh_specific_additive"", ""priority"": 70, ""variable_group"": null}"
cai_task_management_system_task_generator_groups_generators_junctions_tables,hecleas,OVERRIDE_CHANGED,"[""wh3_tms_generator_group_slaanesh_tormentors_additive"", ""CAI_TMS_GDS_TASK_GENERATOR_RAID_DISLIKED_HIGH_PO_REGIONS_NEAR_OUR_SETTLEMENTS"", null]",priority,"{""generator"": ""CAI_TMS_GDS_TASK_GENERATOR_RAID_DISLIKED_HIGH_PO_REGIONS_NEAR_OUR_SETTLEMENTS"", ""group"": ""wh3_tms_generator_group_slaanesh_tormentors_additive"", ""priority"": 1, ""variable_group"": null}","{""generator"": ""CAI_TMS_GDS_TASK_GENERATOR_RAID_DISLIKED_HIGH_PO_REGIONS_NEAR_OUR_SETTLEMENTS"", ""group"": ""wh3_tms_generator_group_slaanesh_tormentors_additive"", ""priority"": 80, ""variable_group"": null}"
cai_task_management_system_task_generator_groups_generators_junctions_tables,hecleas,OVERRIDE_SAME_AS_VANILLA,"[""wh3_tms_generator_group_tombking_specific_additive"", ""CAI_TMS_TASK_GENERATOR_ATTACK_UNSUITABLE_CLIMATE_REGIONS"", null]",,"{""generator"": ""CAI_TMS_TASK_GENERATOR_ATTACK_UNSUITABLE_CLIMATE_REGIONS"", ""group"": ""wh3_tms_generator_group_tombking_specific_additive"", ""priority"": -3, ""variable_group"": null}",null
cai_task_management_system_task_generator_groups_generators_junctions_tables,hecleas,OVERRIDE_SAME_AS_VANILLA,"[""wh3_tms_generator_group_tzeentch_changeling"", ""CAI_TMS_TASK_GENERATOR_ATTACK_OWN_FOREIGN_SLOT_REGIONS"", null]",,"{""generator"": ""CAI_TMS_TASK_GENERATOR_ATTACK_OWN_FOREIGN_SLOT_REGIONS"", ""group"": ""wh3_tms_generator_group_tzeentch_changeling"", ""priority"": -100, ""variable_group"": null}",null
cai_task_management_system_task_generator_groups_generators_junctions_tables,hecleas,OVERRIDE_SAME_AS_VANILLA,"[""wh3_tms_generator_group_tzeentch_specific_additive"", ""CAI_TMS_GDS_TASK_GENERATOR_DONT_RECOLONISE_GATE_RUINS"", null]",,"{""generator"": ""CAI_TMS_GDS_TASK_GENERATOR_DONT_RECOLONISE_GATE_RUINS"", ""group"": ""wh3_tms_generator_group_tzeentch_specific_additive"", ""priority"": -100, ""variable_group"": null}",null
cai_task_management_system_task_generator_groups_generators_junctions_tables,hecleas,OVERRIDE_CHANGED,"[""wh3_tms_generator_group_tzeentch_specific_additive"", ""CAI_TMS_TASK_GENERATOR_WITHDRAW_LOW_WINDS_OF_MAGIC_ARMIES_TO_REGION"", null]",priority,"{""generator"": ""CAI_TMS_TASK_GENERATOR_WITHDRAW_LOW_WINDS_OF_MAGIC_ARMIES_TO_REGION"", ""group"": ""wh3_tms_generator_group_tzeentch_specific_additive"", ""priority"": 5, ""variable_group"": null}","{""generator"": ""CAI_TMS_TASK_GENERATOR_WITHDRAW_LOW_WINDS_OF_MAGIC_ARMIES_TO_REGION"", ""group"": ""wh3_tms_generator_group_tzeentch_specific_additive"", ""priority"": 70, ""variable_group"": null}"
cai_task_management_system_task_generator_groups_generators_junctions_tables,hecleas,OVERRIDE_CHANGED,"[""wh3_tms_generator_group_woodelf_specific_additive"", ""CAI_TMS_TASK_GENERATOR_ACTIVELY_DEFEND_CAPITAL"", null]",priority,"{""generator"": ""CAI_TMS_TASK_GENERATOR_ACTIVELY_DEFEND_CAPITAL"", ""group"": ""wh3_tms_generator_group_woodelf_specific_additive"", ""priority"": 1.60000002, ""variable_group"": null}","{""generator"": ""CAI_TMS_TASK_GENERATOR_ACTIVELY_DEFEND_CAPITAL"", ""group"": ""wh3_tms_generator_group_woodelf_specific_additive"", ""priority"": 25, ""variable_group"": null}"
cai_task_management_system_task_generator_groups_generators_junctions_tables,sfo,OVERRIDE_CHANGED,"[""wh3_combi_tms_generator_group_aggressive_additive"", ""CAI_TMS_TASK_GENERATOR_ATTACK_ALL_ENEMY_FORCES"", null]",priority,"{""generator"": ""CAI_TMS_TASK_GENERATOR_ATTACK_ALL_ENEMY_FORCES"", ""group"": ""wh3_combi_tms_generator_group_aggressive_additive"", ""priority"": 5, ""variable_group"": null}","{""generator"": ""CAI_TMS_TASK_GENERATOR_ATTACK_ALL_ENEMY_FORCES"", ""group"": ""wh3_combi_tms_generator_group_aggressive_additive"", ""priority"": 10, ""variable_group"": null}"
cai_task_management_system_task_generator_groups_generators_junctions_tables,sfo,OVERRIDE_CHANGED,"[""wh3_combi_tms_generator_group_aggressive_additive"", ""CAI_TMS_TASK_GENERATOR_ATTACK_ALL_ENEMY_SETTLEMENTS"", null]",priority,"{""generator"": ""CAI_TMS_TASK_GENERATOR_ATTACK_ALL_ENEMY_SETTLEMENTS"", ""group"": ""wh3_combi_tms_generator_group_aggressive_additive"", ""priority"": 5, ""variable_group"": null}","{""generator"": ""CAI_TMS_TASK_GENERATOR_ATTACK_ALL_ENEMY_SETTLEMENTS"", ""group"": ""wh3_combi_tms_generator_group_aggressive_additive"", ""priority"": 10, ""variable_group"": null}"
cai_task_management_system_task_generator_groups_generators_junctions_tables,sfo,OVERRIDE_CHANGED,"[""wh3_combi_tms_generator_group_beastmen_brayherd"", ""CAI_TMS_TASK_GENERATOR_WAR_COORDINATION_ATTACK_FORCES"", null]",priority,"{""generator"": ""CAI_TMS_TASK_GENERATOR_WAR_COORDINATION_ATTACK_FORCES"", ""group"": ""wh3_combi_tms_generator_group_beastmen_brayherd"", ""priority"": 1, ""variable_group"": null}","{""generator"": ""CAI_TMS_TASK_GENERATOR_WAR_COORDINATION_ATTACK_FORCES"", ""group"": ""wh3_combi_tms_generator_group_beastmen_brayherd"", ""priority"": 20, ""variable_group"": null}"
cai_task_management_system_task_generator_groups_generators_junctions_tables,sfo,OVERRIDE_CHANGED,"[""wh3_combi_tms_generator_group_beastmen_brayherd"", ""CAI_TMS_TASK_GENERATOR_WAR_COORDINATION_ATTACK_REGIONS"", null]",priority,"{""generator"": ""CAI_TMS_TASK_GENERATOR_WAR_COORDINATION_ATTACK_REGIONS"", ""group"": ""wh3_combi_tms_generator_group_beastmen_brayherd"", ""priority"": 1, ""variable_group"": null}","{""generator"": ""CAI_TMS_TASK_GENERATOR_WAR_COORDINATION_ATTACK_REGIONS"", ""group"": ""wh3_combi_tms_generator_group_beastmen_brayherd"", ""priority"": 20, ""variable_group"": null}"
cai_task_management_system_task_generator_groups_generators_junctions_tables,sfo,OVERRIDE_CHANGED,"[""wh3_combi_tms_generator_group_beastmen_specific_additive"", ""CAI_TMS_TASK_GENERATOR_BEASTMEN_ATTACK_POTENTIAL_HERDSTONE_SITES"", null]",priority,"{""generator"": ""CAI_TMS_TASK_GENERATOR_BEASTMEN_ATTACK_POTENTIAL_HERDSTONE_SITES"", ""group"": ""wh3_combi_tms_generator_group_beastmen_specific_additive"", ""priority"": 4, ""variable_group"": null}","{""generator"": ""CAI_TMS_TASK_GENERATOR_BEASTMEN_ATTACK_POTENTIAL_HERDSTONE_SITES"", ""group"": ""wh3_combi_tms_generator_group_beastmen_specific_additive"", ""priority"": 10, ""variable_group"": null}"
cai_task_management_system_task_generator_groups_generators_junctions_tables,sfo,OVERRIDE_CHANGED,"[""wh3_combi_tms_generator_group_cathay_gatecapture_additive"", ""CAI_TMS_TASK_GENERATOR_ATTACK_ALL_FLAGGED_VICTORY_CONDITION_REGIONS"", null]",priority,"{""generator"": ""CAI_TMS_TASK_GENERATOR_ATTACK_ALL_FLAGGED_VICTORY_CONDITION_REGIONS"", ""group"": ""wh3_combi_tms_generator_group_cathay_gatecapture_additive"", ""priority"": 10, ""variable_group"": null}","{""generator"": ""CAI_TMS_TASK_GENERATOR_ATTACK_ALL_FLAGGED_VICTORY_CONDITION_REGIONS"", ""group"": ""wh3_combi_tms_generator_group_cathay_gatecapture_additive"", ""priority"": 20, ""variable_group"": null}"
cai_task_management_system_task_generator_groups_generators_junctions_tables,sfo,OVERRIDE_CHANGED,"[""wh3_combi_tms_generator_group_cathay_gatecapture_additive"", ""CAI_TMS_TASK_GENERATOR_ATTACK_LOCAL_FLAGGED_VICTORY_CONDITION_REGIONS"", null]",priority,"{""generator"": ""CAI_TMS_TASK_GENERATOR_ATTACK_LOCAL_FLAGGED_VICTORY_CONDITION_REGIONS"", ""group"": ""wh3_combi_tms_generator_group_cathay_gatecapture_additive"", ""priority"": 10, ""variable_group"": null}","{""generator"": ""CAI_TMS_TASK_GENERATOR_ATTACK_LOCAL_FLAGGED_VICTORY_CONDITION_REGIONS"", ""group"": ""wh3_combi_tms_generator_group_cathay_gatecapture_additive"", ""priority"": 20, ""variable_group"": null}"
cai_task_management_system_task_generator_groups_generators_junctions_tables,sfo,OVERRIDE_CHANGED,"[""wh3_combi_tms_generator_group_chaos_gatedestroyer"", ""CAI_TMS_TASK_GENERATOR_ATTACK_ALL_FLAGGED_VICTORY_CONDITION_REGIONS"", null]",priority,"{""generator"": ""CAI_TMS_TASK_GENERATOR_ATTACK_ALL_FLAGGED_VICTORY_CONDITION_REGIONS"", ""group"": ""wh3_combi_tms_generator_group_chaos_gatedestroyer"", ""priority"": 5, ""variable_group"": null}","{""generator"": ""CAI_TMS_TASK_GENERATOR_ATTACK_ALL_FLAGGED_VICTORY_CONDITION_REGIONS"", ""group"": ""wh3_combi_tms_generator_group_chaos_gatedestroyer"", ""priority"": 10, ""variable_group"": null}"
cai_task_management_system_task_generator_groups_generators_junctions_tables,sfo,OVERRIDE_CHANGED,"[""wh3_combi_tms_generator_group_chaos_gatedestroyer"", ""CAI_TMS_TASK_GENERATOR_ATTACK_LOCAL_FLAGGED_VICTORY_CONDITION_REGIONS"", null]",priority,"{""generator"": ""CAI_TMS_TASK_GENERATOR_ATTACK_LOCAL_FLAGGED_VICTORY_CONDITION_REGIONS"", ""group"": ""wh3_combi_tms_generator_group_chaos_gatedestroyer"", ""priority"": 10, ""variable_group"": null}","{""generator"": ""CAI_TMS_TASK_GENERATOR_ATTACK_LOCAL_FLAGGED_VICTORY_CONDITION_REGIONS"", ""group"": ""wh3_combi_tms_generator_group_chaos_gatedestroyer"", ""priority"": 20, ""variable_group"": null}"
cai_task_management_system_task_generator_groups_generators_junctions_tables,sfo,OVERRIDE_CHANGED,"[""wh3_combi_tms_generator_group_default"", ""CAI_TMS_TASK_GENERATOR_ATTACK_ALL_ENEMY_FORCES"", null]",priority,"{""generator"": ""CAI_TMS_TASK_GENERATOR_ATTACK_ALL_ENEMY_FORCES"", ""group"": ""wh3_combi_tms_generator_group_default"", ""priority"": 4, ""variable_group"": null}","{""generator"": ""CAI_TMS_TASK_GENERATOR_ATTACK_ALL_ENEMY_FORCES"", ""group"": ""wh3_combi_tms_generator_group_default"", ""priority"": 10, ""variable_group"": null}"
cai_task_management_system_task_generator_groups_generators_junctions_tables,sfo,OVERRIDE_CHANGED,"[""wh3_combi_tms_generator_group_default"", ""CAI_TMS_TASK_GENERATOR_ATTACK_ALL_ENEMY_SETTLEMENTS"", null]",priority,"{""generator"": ""CAI_TMS_TASK_GENERATOR_ATTACK_ALL_ENEMY_SETTLEMENTS"", ""group"": ""wh3_combi_tms_generator_group_default"", ""priority"": 1, ""variable_group"": null}","{""generator"": ""CAI_TMS_TASK_GENERATOR_ATTACK_ALL_ENEMY_SETTLEMENTS"", ""group"": ""wh3_combi_tms_generator_group_default"", ""priority"": 5, ""variable_group"": null}"
cai_task_management_system_task_generator_groups_generators_junctions_tables,sfo,OVERRIDE_CHANGED,"[""wh3_combi_tms_generator_group_default"", ""CAI_TMS_TASK_GENERATOR_ATTACK_ALL_LOCAL_AGENTS_LEVEL_SCALED"", null]",priority,"{""generator"": ""CAI_TMS_TASK_GENERATOR_ATTACK_ALL_LOCAL_AGENTS_LEVEL_SCALED"", ""group"": ""wh3_combi_tms_generator_group_default"", ""priority"": 5, ""variable_group"": null}","{""generator"": ""CAI_TMS_TASK_GENERATOR_ATTACK_ALL_LOCAL_AGENTS_LEVEL_SCALED"", ""group"": ""wh3_combi_tms_generator_group_default"", ""priority"": 10, ""variable_group"": null}"
cai_task_management_system_task_generator_groups_generators_junctions_tables,sfo,OVERRIDE_CHANGED,"[""wh3_combi_tms_generator_group_default"", ""CAI_TMS_TASK_GENERATOR_ATTACK_ALL_LOCAL_FORCES_SIZE_SCALED"", null]",priority,"{""generator"": ""CAI_TMS_TASK_GENERATOR_ATTACK_ALL_LOCAL_FORCES_SIZE_SCALED"", ""group"": ""wh3_combi_tms_generator_group_default"", ""priority"": 4, ""variable_group"": null}","{""generator"": ""CAI_TMS_TASK_GENERATOR_ATTACK_ALL_LOCAL_FORCES_SIZE_SCALED"", ""group"": ""wh3_combi_tms_generator_group_default"", ""priority"": 10, ""variable_group"": null}"
cai_task_management_system_task_generator_groups_generators_junctions_tables,sfo,OVERRIDE_CHANGED,"[""wh3_combi_tms_generator_group_default"", ""CAI_TMS_TASK_GENERATOR_ATTACK_ENEMY_SETTLEMENTS_LOCAL_TO_OUR_FORCES_THAT_ARE_BESIEGED_BY_OUR_ALLIES"", null]",priority,"{""generator"": ""CAI_TMS_TASK_GENERATOR_ATTACK_ENEMY_SETTLEMENTS_LOCAL_TO_OUR_FORCES_THAT_ARE_BESIEGED_BY_OUR_ALLIES"", ""group"": ""wh3_combi_tms_generator_group_default"", ""priority"": 6, ""variable_group"": null}","{""generator"": ""CAI_TMS_TASK_GENERATOR_ATTACK_ENEMY_SETTLEMENTS_LOCAL_TO_OUR_FORCES_THAT_ARE_BESIEGED_BY_OUR_ALLIES"", ""group"": ""wh3_combi_tms_generator_group_default"", ""priority"": 10, ""variable_group"": null}"
cai_task_management_system_task_generator_groups_generators_junctions_tables,sfo,OVERRIDE_CHANGED,"[""wh3_combi_tms_generator_group_default"", ""CAI_TMS_TASK_GENERATOR_ATTACK_NEIGHBOURING_WAR_REGIONS"", null]",priority,"{""generator"": ""CAI_TMS_TASK_GENERATOR_ATTACK_NEIGHBOURING_WAR_REGIONS"", ""group"": ""wh3_combi_tms_generator_group_default"", ""priority"": 1, ""variable_group"": null}","{""generator"": ""CAI_TMS_TASK_GENERATOR_ATTACK_NEIGHBOURING_WAR_REGIONS"", ""group"": ""wh3_combi_tms_generator_group_default"", ""priority"": 5, ""variable_group"": null}"
cai_task_management_system_task_generator_groups_generators_junctions_tables,sfo,OVERRIDE_CHANGED,"[""wh3_combi_tms_generator_group_default"", ""CAI_TMS_TASK_GENERATOR_ATTACK_SETTLEMENTS_NEAR_OUR_FORCES"", null]",priority,"{""generator"": ""CAI_TMS_TASK_GENERATOR_ATTACK_SETTLEMENTS_NEAR_OUR_FORCES"", ""group"": ""wh3_combi_tms_generator_group_default"", ""priority"": 1, ""variable_group"": null}","{""generator"": ""CAI_TMS_TASK_GENERATOR_ATTACK_SETTLEMENTS_NEAR_OUR_FORCES"", ""group"": ""wh3_combi_tms_generator_group_default"", ""priority"": 5, ""variable_group"": null}"
cai_task_management_system_task_generator_groups_generators_junctions_tables,sfo,OVERRIDE_CHANGED,"[""wh3_combi_tms_generator_group_default"", ""CAI_TMS_TASK_GENERATOR_ATTACK_UNDEFENDED_ENEMY_SETTLEMENTS"", null]",priority,"{""generator"": ""CAI_TMS_TASK_GENERATOR_ATTACK_UNDEFENDED_ENEMY_SETTLEMENTS"", ""group"": ""wh3_combi_tms_generator_group_default"", ""priority"": 1, ""variable_group"": null}","{""generator"": ""CAI_TMS_TASK_GENERATOR_ATTACK_UNDEFENDED_ENEMY_SETTLEMENTS"", ""group"": ""wh3_combi_tms_generator_group_default"", ""priority"": 5, ""variable_group"": null}"
cai_task_management_system_task_generator_groups_generators_junctions_tables,sfo,OVERRIDE_CHANGED,"[""wh3_combi_tms_generator_group_default"", ""CAI_TMS_TASK_GENERATOR_WAR_COORDINATION_ATTACK_FORCES"", null]",priority,"{""generator"": ""CAI_TMS_TASK_GENERATOR_WAR_COORDINATION_ATTACK_FORCES"", ""group"": ""wh3_combi_tms_generator_group_default"", ""priority"": 10, ""variable_group"": null}","{""generator"": ""CAI_TMS_TASK_GENERATOR_WAR_COORDINATION_ATTACK_FORCES"", ""group"": ""wh3_combi_tms_generator_group_default"", ""priority"": 20, ""variable_group"": null}"
cai_task_management_system_task_generator_groups_generators_junctions_tables,sfo,OVERRIDE_CHANGED,"[""wh3_combi_tms_generator_group_default"", ""CAI_TMS_TASK_GENERATOR_WAR_COORDINATION_ATTACK_REGIONS"", null]",priority,"{""generator"": ""CAI_TMS_TASK_GENERATOR_WAR_COORDINATION_ATTACK_REGIONS"", ""group"": ""wh3_combi_tms_generator_group_default"", ""priority"": 10, ""variable_group"": null}","{""generator"": ""CAI_TMS_TASK_GENERATOR_WAR_COORDINATION_ATTACK_REGIONS"", ""group"": ""wh3_combi_tms_generator_group_default"", ""priority"": 20, ""variable_group"": null}"
cai_task_management_system_task_generator_groups_generators_junctions_tables,sfo,OVERRIDE_CHANGED,"[""wh3_combi_tms_generator_group_forest_dweller_specific_additive"", ""CAI_TMS_TASK_GENERATOR_ATTACK_ALL_ENEMY_FORCES"", null]",priority,"{""generator"": ""CAI_TMS_TASK_GENERATOR_ATTACK_ALL_ENEMY_FORCES"", ""group"": ""wh3_combi_tms_generator_group_forest_dweller_specific_additive"", ""priority"": -2, ""variable_group"": null}","{""generator"": ""CAI_TMS_TASK_GENERATOR_ATTACK_ALL_ENEMY_FORCES"", ""group"": ""wh3_combi_tms_generator_group_forest_dweller_specific_additive"", ""priority"": 5, ""variable_group"": null}"
cai_task_management_system_task_generator_groups_generators_junctions_tables,sfo,OVERRIDE_CHANGED,"[""wh3_combi_tms_generator_group_forest_dweller_specific_additive"", ""CAI_TMS_TASK_GENERATOR_ATTACK_ALL_ENEMY_SETTLEMENTS"", null]",priority,"{""generator"": ""CAI_TMS_TASK_GENERATOR_ATTACK_ALL_ENEMY_SETTLEMENTS"", ""group"": ""wh3_combi_tms_generator_group_forest_dweller_specific_additive"", ""priority"": -1, ""variable_group"": null}","{""generator"": ""CAI_TMS_TASK_GENERATOR_ATTACK_ALL_ENEMY_SETTLEMENTS"", ""group"": ""wh3_combi_tms_generator_group_forest_dweller_specific_additive"", ""priority"": 5, ""variable_group"": null}"
cai_task_management_system_task_generator_groups_generators_junctions_tables,sfo,OVERRIDE_CHANGED,"[""wh3_combi_tms_generator_group_forest_dweller_specific_additive"", ""CAI_TMS_TASK_GENERATOR_ATTACK_ALL_LOCAL_FORCES_SIZE_SCALED"", null]",priority,"{""generator"": ""CAI_TMS_TASK_GENERATOR_ATTACK_ALL_LOCAL_FORCES_SIZE_SCALED"", ""group"": ""wh3_combi_tms_generator_group_forest_dweller_specific_additive"", ""priority"": 3, ""variable_group"": null}","{""generator"": ""CAI_TMS_TASK_GENERATOR_ATTACK_ALL_LOCAL_FORCES_SIZE_SCALED"", ""group"": ""wh3_combi_tms_generator_group_forest_dweller_specific_additive"", ""priority"": 10, ""variable_group"": null}"
cai_task_management_system_task_generator_groups_generators_junctions_tables,sfo,OVERRIDE_CHANGED,"[""wh3_combi_tms_generator_group_horde"", ""CAI_TMS_TASK_GENERATOR_ATTACK_ALL_ENEMY_FORCES"", null]",priority,"{""generator"": ""CAI_TMS_TASK_GENERATOR_ATTACK_ALL_ENEMY_FORCES"", ""group"": ""wh3_combi_tms_generator_group_horde"", ""priority"": 7, ""variable_group"": null}","{""generator"": ""CAI_TMS_TASK_GENERATOR_ATTACK_ALL_ENEMY_FORCES"", ""group"": ""wh3_combi_tms_generator_group_horde"", ""priority"": 10, ""variable_group"": null}"
cai_task_management_system_task_generator_groups_generators_junctions_tables,sfo,OVERRIDE_CHANGED,"[""wh3_combi_tms_generator_group_horde"", ""CAI_TMS_TASK_GENERATOR_ATTACK_ALL_ENEMY_SETTLEMENTS"", null]",priority,"{""generator"": ""CAI_TMS_TASK_GENERATOR_ATTACK_ALL_ENEMY_SETTLEMENTS"", ""group"": ""wh3_combi_tms_generator_group_horde"", ""priority"": 7, ""variable_group"": null}","{""generator"": ""CAI_TMS_TASK_GENERATOR_ATTACK_ALL_ENEMY_SETTLEMENTS"", ""group"": ""wh3_combi_tms_generator_group_horde"", ""priority"": 10, ""variable_group"": null}"
cai_task_management_system_task_generator_groups_generators_junctions_tables,sfo,OVERRIDE_CHANGED,"[""wh3_combi_tms_generator_group_horde"", ""CAI_TMS_TASK_GENERATOR_ATTACK_ALL_LOCAL_AGENTS_LEVEL_SCALED"", null]",priority,"{""generator"": ""CAI_TMS_TASK_GENERATOR_ATTACK_ALL_LOCAL_AGENTS_LEVEL_SCALED"", ""group"": ""wh3_combi_tms_generator_group_horde"", ""priority"": 5, ""variable_group"": null}","{""generator"": ""CAI_TMS_TASK_GENERATOR_ATTACK_ALL_LOCAL_AGENTS_LEVEL_SCALED"", ""group"": ""wh3_combi_tms_generator_group_horde"", ""priority"": 10, ""variable_group"": null}"
cai_task_management_system_task_generator_groups_generators_junctions_tables,sfo,OVERRIDE_CHANGED,"[""wh3_combi_tms_generator_group_horde"", ""CAI_TMS_TASK_GENERATOR_ATTACK_ALL_LOCAL_FORCES_SIZE_SCALED"", null]",priority,"{""generator"": ""CAI_TMS_TASK_GENERATOR_ATTACK_ALL_LOCAL_FORCES_SIZE_SCALED"", ""group"": ""wh3_combi_tms_generator_group_horde"", ""priority"": 6, ""variable_group"": null}","{""generator"": ""CAI_TMS_TASK_GENERATOR_ATTACK_ALL_LOCAL_FORCES_SIZE_SCALED"", ""group"": ""wh3_combi_tms_generator_group_horde"", ""priority"": 10, ""variable_group"": null}"
cai_task_management_system_task_generator_groups_generators_junctions_tables,sfo,OVERRIDE_CHANGED,"[""wh3_combi_tms_generator_group_horde"", ""CAI_TMS_TASK_GENERATOR_ATTACK_ENEMY_SETTLEMENTS_LOCAL_TO_OUR_FORCES_THAT_ARE_BESIEGED_BY_OUR_ALLIES"", null]",priority,"{""generator"": ""CAI_TMS_TASK_GENERATOR_ATTACK_ENEMY_SETTLEMENTS_LOCAL_TO_OUR_FORCES_THAT_ARE_BESIEGED_BY_OUR_ALLIES"", ""group"": ""wh3_combi_tms_generator_group_horde"", ""priority"": 6, ""variable_group"": null}","{""generator"": ""CAI_TMS_TASK_GENERATOR_ATTACK_ENEMY_SETTLEMENTS_LOCAL_TO_OUR_FORCES_THAT_ARE_BESIEGED_BY_OUR_ALLIES"", ""group"": ""wh3_combi_tms_generator_group_horde"", ""priority"": 10, ""variable_group"": null}"
cai_task_management_system_task_generator_groups_generators_junctions_tables,sfo,OVERRIDE_CHANGED,"[""wh3_combi_tms_generator_group_horde"", ""CAI_TMS_TASK_GENERATOR_ATTACK_NEIGHBOURING_WAR_REGIONS"", null]",priority,"{""generator"": ""CAI_TMS_TASK_GENERATOR_ATTACK_NEIGHBOURING_WAR_REGIONS"", ""group"": ""wh3_combi_tms_generator_group_horde"", ""priority"": 2, ""variable_group"": null}","{""generator"": ""CAI_TMS_TASK_GENERATOR_ATTACK_NEIGHBOURING_WAR_REGIONS"", ""group"": ""wh3_combi_tms_generator_group_horde"", ""priority"": 5, ""variable_group"": null}"
cai_task_management_system_task_generator_groups_generators_junctions_tables,sfo,OVERRIDE_CHANGED,"[""wh3_combi_tms_generator_group_horde"", ""CAI_TMS_TASK_GENERATOR_ATTACK_SETTLEMENTS_NEAR_OUR_FORCES"", null]",priority,"{""generator"": ""CAI_TMS_TASK_GENERATOR_ATTACK_SETTLEMENTS_NEAR_OUR_FORCES"", ""group"": ""wh3_combi_tms_generator_group_horde"", ""priority"": 1, ""variable_group"": null}","{""generator"": ""CAI_TMS_TASK_GENERATOR_ATTACK_SETTLEMENTS_NEAR_OUR_FORCES"", ""group"": ""wh3_combi_tms_generator_group_horde"", ""priority"": 5, ""variable_group"": null}"
cai_task_management_system_task_generator_groups_generators_junctions_tables,sfo,OVERRIDE_CHANGED,"[""wh3_combi_tms_generator_group_horde"", ""CAI_TMS_TASK_GENERATOR_ATTACK_UNDEFENDED_ENEMY_SETTLEMENTS"", null]",priority,"{""generator"": ""CAI_TMS_TASK_GENERATOR_ATTACK_UNDEFENDED_ENEMY_SETTLEMENTS"", ""group"": ""wh3_combi_tms_generator_group_horde"", ""priority"": 1, ""variable_group"": null}","{""generator"": ""CAI_TMS_TASK_GENERATOR_ATTACK_UNDEFENDED_ENEMY_SETTLEMENTS"", ""group"": ""wh3_combi_tms_generator_group_horde"", ""priority"": 5, ""variable_group"": null}"
cai_task_management_system_task_generator_groups_generators_junctions_tables,sfo,OVERRIDE_CHANGED,"[""wh3_combi_tms_generator_group_horde"", ""CAI_TMS_TASK_GENERATOR_WAR_COORDINATION_ATTACK_FORCES"", null]",priority,"{""generator"": ""CAI_TMS_TASK_GENERATOR_WAR_COORDINATION_ATTACK_FORCES"", ""group"": ""wh3_combi_tms_generator_group_horde"", ""priority"": 10, ""variable_group"": null}","{""generator"": ""CAI_TMS_TASK_GENERATOR_WAR_COORDINATION_ATTACK_FORCES"", ""group"": ""wh3_combi_tms_generator_group_horde"", ""priority"": 20, ""variable_group"": null}"
cai_task_management_system_task_generator_groups_generators_junctions_tables,sfo,OVERRIDE_CHANGED,"[""wh3_combi_tms_generator_group_horde"", ""CAI_TMS_TASK_GENERATOR_WAR_COORDINATION_ATTACK_REGIONS"", null]",priority,"{""generator"": ""CAI_TMS_TASK_GENERATOR_WAR_COORDINATION_ATTACK_REGIONS"", ""group"": ""wh3_combi_tms_generator_group_horde"", ""priority"": 10, ""variable_group"": null}","{""generator"": ""CAI_TMS_TASK_GENERATOR_WAR_COORDINATION_ATTACK_REGIONS"", ""group"": ""wh3_combi_tms_generator_group_horde"", ""priority"": 20, ""variable_group"": null}"
cai_task_management_system_task_generator_groups_generators_junctions_tables,sfo,OVERRIDE_CHANGED,"[""wh3_combi_tms_generator_group_minor_additive"", ""CAI_TMS_TASK_GENERATOR_ATTACK_ALL_ENEMY_FORCES"", null]",priority,"{""generator"": ""CAI_TMS_TASK_GENERATOR_ATTACK_ALL_ENEMY_FORCES"", ""group"": ""wh3_combi_tms_generator_group_minor_additive"", ""priority"": -2, ""variable_group"": null}","{""generator"": ""CAI_TMS_TASK_GENERATOR_ATTACK_ALL_ENEMY_FORCES"", ""group"": ""wh3_combi_tms_generator_group_minor_additive"", ""priority"": 5, ""variable_group"": null}"
cai_task_management_system_task_generator_groups_generators_junctions_tables,sfo,OVERRIDE_CHANGED,"[""wh3_combi_tms_generator_group_minor_additive"", ""CAI_TMS_TASK_GENERATOR_ATTACK_ALL_ENEMY_SETTLEMENTS"", null]",priority,"{""generator"": ""CAI_TMS_TASK_GENERATOR_ATTACK_ALL_ENEMY_SETTLEMENTS"", ""group"": ""wh3_combi_tms_generator_group_minor_additive"", ""priority"": -2, ""variable_group"": null}","{""generator"": ""CAI_TMS_TASK_GENERATOR_ATTACK_ALL_ENEMY_SETTLEMENTS"", ""group"": ""wh3_combi_tms_generator_group_minor_additive"", ""priority"": 5, ""variable_group"": null}"
cai_task_management_system_task_generator_groups_generators_junctions_tables,sfo,OVERRIDE_CHANGED,"[""wh3_combi_tms_generator_group_norsca_specific_additive"", ""CAI_TMS_TASK_GENERATOR_ATTACK_ALL_ENEMY_FORCES"", null]",priority,"{""generator"": ""CAI_TMS_TASK_GENERATOR_ATTACK_ALL_ENEMY_FORCES"", ""group"": ""wh3_combi_tms_generator_group_norsca_specific_additive"", ""priority"": 3, ""variable_group"": null}","{""generator"": ""CAI_TMS_TASK_GENERATOR_ATTACK_ALL_ENEMY_FORCES"", ""group"": ""wh3_combi_tms_generator_group_norsca_specific_additive"", ""priority"": 10, ""variable_group"": null}"
cai_task_management_system_task_generator_groups_generators_junctions_tables,sfo,OVERRIDE_CHANGED,"[""wh3_combi_tms_generator_group_norsca_specific_additive"", ""CAI_TMS_TASK_GENERATOR_ATTACK_ALL_ENEMY_SETTLEMENTS"", null]",priority,"{""generator"": ""CAI_TMS_TASK_GENERATOR_ATTACK_ALL_ENEMY_SETTLEMENTS"", ""group"": ""wh3_combi_tms_generator_group_norsca_specific_additive"", ""priority"": 3, ""variable_group"": null}","{""generator"": ""CAI_TMS_TASK_GENERATOR_ATTACK_ALL_ENEMY_SETTLEMENTS"", ""group"": ""wh3_combi_tms_generator_group_norsca_specific_additive"", ""priority"": 10, ""variable_group"": null}"
cai_task_management_system_task_generator_groups_generators_junctions_tables,sfo,OVERRIDE_CHANGED,"[""wh3_combi_tms_generator_group_norsca_vassal_additive"", ""CAI_TMS_TASK_GENERATOR_ATTACK_ALL_ENEMY_FORCES"", null]",priority,"{""generator"": ""CAI_TMS_TASK_GENERATOR_ATTACK_ALL_ENEMY_FORCES"", ""group"": ""wh3_combi_tms_generator_group_norsca_vassal_additive"", ""priority"": -2, ""variable_group"": null}","{""generator"": ""CAI_TMS_TASK_GENERATOR_ATTACK_ALL_ENEMY_FORCES"", ""group"": ""wh3_combi_tms_generator_group_norsca_vassal_additive"", ""priority"": 5, ""variable_group"": null}"
cai_task_management_system_task_generator_groups_generators_junctions_tables,sfo,OVERRIDE_CHANGED,"[""wh3_combi_tms_generator_group_norsca_vassal_additive"", ""CAI_TMS_TASK_GENERATOR_ATTACK_ALL_ENEMY_SETTLEMENTS"", null]",priority,"{""generator"": ""CAI_TMS_TASK_GENERATOR_ATTACK_ALL_ENEMY_SETTLEMENTS"", ""group"": ""wh3_combi_tms_generator_group_norsca_vassal_additive"", ""priority"": -1, ""variable_group"": null}","{""generator"": ""CAI_TMS_TASK_GENERATOR_ATTACK_ALL_ENEMY_SETTLEMENTS"", ""group"": ""wh3_combi_tms_generator_group_norsca_vassal_additive"", ""priority"": 5, ""variable_group"": null}"
cai_task_management_system_task_generator_groups_generators_junctions_tables,sfo,OVERRIDE_CHANGED,"[""wh3_combi_tms_generator_group_norsca_vassal_additive"", ""CAI_TMS_TASK_GENERATOR_ATTACK_ALL_LOCAL_FORCES_SIZE_SCALED"", null]",priority,"{""generator"": ""CAI_TMS_TASK_GENERATOR_ATTACK_ALL_LOCAL_FORCES_SIZE_SCALED"", ""group"": ""wh3_combi_tms_generator_group_norsca_vassal_additive"", ""priority"": 1, ""variable_group"": null}","{""generator"": ""CAI_TMS_TASK_GENERATOR_ATTACK_ALL_LOCAL_FORCES_SIZE_SCALED"", ""group"": ""wh3_combi_tms_generator_group_norsca_vassal_additive"", ""priority"": 5, ""variable_group"": null}"
cai_task_management_system_task_generator_groups_generators_junctions_tables,sfo,OVERRIDE_CHANGED,"[""wh3_combi_tms_generator_group_norsca_vassal_additive"", ""CAI_TMS_TASK_GENERATOR_ATTACK_ENEMY_SETTLEMENTS_LOCAL_TO_OUR_FORCES_THAT_ARE_BESIEGED_BY_OUR_ALLIES"", null]",priority,"{""generator"": ""CAI_TMS_TASK_GENERATOR_ATTACK_ENEMY_SETTLEMENTS_LOCAL_TO_OUR_FORCES_THAT_ARE_BESIEGED_BY_OUR_ALLIES"", ""group"": ""wh3_combi_tms_generator_group_norsca_vassal_additive"", ""priority"": 2, ""variable_group"": null}","{""generator"": ""CAI_TMS_TASK_GENERATOR_ATTACK_ENEMY_SETTLEMENTS_LOCAL_TO_OUR_FORCES_THAT_ARE_BESIEGED_BY_OUR_ALLIES"", ""group"": ""wh3_combi_tms_generator_group_norsca_vassal_additive"", ""priority"": 5, ""variable_group"": null}"
cai_task_management_system_task_generator_groups_generators_junctions_tables,sfo,OVERRIDE_CHANGED,"[""wh3_combi_tms_generator_group_norsca_vassal_additive"", ""CAI_TMS_TASK_GENERATOR_ATTACK_NEIGHBOURING_WAR_REGIONS"", null]",priority,"{""generator"": ""CAI_TMS_TASK_GENERATOR_ATTACK_NEIGHBOURING_WAR_REGIONS"", ""group"": ""wh3_combi_tms_generator_group_norsca_vassal_additive"", ""priority"": 1, ""variable_group"": null}","{""generator"": ""CAI_TMS_TASK_GENERATOR_ATTACK_NEIGHBOURING_WAR_REGIONS"", ""group"": ""wh3_combi_tms_generator_group_norsca_vassal_additive"", ""priority"": 5, ""variable_group"": null}"
cai_task_management_system_task_generator_groups_generators_junctions_tables,sfo,OVERRIDE_CHANGED,"[""wh3_combi_tms_generator_group_norsca_vassal_additive"", ""CAI_TMS_TASK_GENERATOR_WAR_COORDINATION_ATTACK_FORCES"", null]",priority,"{""generator"": ""CAI_TMS_TASK_GENERATOR_WAR_COORDINATION_ATTACK_FORCES"", ""group"": ""wh3_combi_tms_generator_group_norsca_vassal_additive"", ""priority"": 4, ""variable_group"": null}","{""generator"": ""CAI_TMS_TASK_GENERATOR_WAR_COORDINATION_ATTACK_FORCES"", ""group"": ""wh3_combi_tms_generator_group_norsca_vassal_additive"", ""priority"": 20, ""variable_group"": null}"
cai_task_management_system_task_generator_groups_generators_junctions_tables,sfo,OVERRIDE_CHANGED,"[""wh3_combi_tms_generator_group_norsca_vassal_additive"", ""CAI_TMS_TASK_GENERATOR_WAR_COORDINATION_ATTACK_REGIONS"", null]",priority,"{""generator"": ""CAI_TMS_TASK_GENERATOR_WAR_COORDINATION_ATTACK_REGIONS"", ""group"": ""wh3_combi_tms_generator_group_norsca_vassal_additive"", ""priority"": 4, ""variable_group"": null}","{""generator"": ""CAI_TMS_TASK_GENERATOR_WAR_COORDINATION_ATTACK_REGIONS"", ""group"": ""wh3_combi_tms_generator_group_norsca_vassal_additive"", ""priority"": 20, ""variable_group"": null}"
cai_task_management_system_task_generator_groups_generators_junctions_tables,sfo,OVERRIDE_CHANGED,"[""wh3_combi_tms_generator_group_opportunistic_additive"", ""CAI_TMS_TASK_GENERATOR_ATTACK_ALL_ENEMY_FORCES"", null]",priority,"{""generator"": ""CAI_TMS_TASK_GENERATOR_ATTACK_ALL_ENEMY_FORCES"", ""group"": ""wh3_combi_tms_generator_group_opportunistic_additive"", ""priority"": -2, ""variable_group"": null}","{""generator"": ""CAI_TMS_TASK_GENERATOR_ATTACK_ALL_ENEMY_FORCES"", ""group"": ""wh3_combi_tms_generator_group_opportunistic_additive"", ""priority"": 5, ""variable_group"": null}"
cai_task_management_system_task_generator_groups_generators_junctions_tables,sfo,OVERRIDE_CHANGED,"[""wh3_combi_tms_generator_group_opportunistic_additive"", ""CAI_TMS_TASK_GENERATOR_ATTACK_ALL_ENEMY_SETTLEMENTS"", null]",priority,"{""generator"": ""CAI_TMS_TASK_GENERATOR_ATTACK_ALL_ENEMY_SETTLEMENTS"", ""group"": ""wh3_combi_tms_generator_group_opportunistic_additive"", ""priority"": -2, ""variable_group"": null}","{""generator"": ""CAI_TMS_TASK_GENERATOR_ATTACK_ALL_ENEMY_SETTLEMENTS"", ""group"": ""wh3_combi_tms_generator_group_opportunistic_additive"", ""priority"": 5, ""variable_group"": null}"
cai_task_management_system_task_generator_groups_generators_junctions_tables,sfo,OVERRIDE_CHANGED,"[""wh3_combi_tms_generator_group_opportunistic_additive"", ""CAI_TMS_TASK_GENERATOR_ATTACK_UNDEFENDED_ENEMY_SETTLEMENTS"", null]",priority,"{""generator"": ""CAI_TMS_TASK_GENERATOR_ATTACK_UNDEFENDED_ENEMY_SETTLEMENTS"", ""group"": ""wh3_combi_tms_generator_group_opportunistic_additive"", ""priority"": 5, ""variable_group"": null}","{""generator"": ""CAI_TMS_TASK_GENERATOR_ATTACK_UNDEFENDED_ENEMY_SETTLEMENTS"", ""group"": ""wh3_combi_tms_generator_group_opportunistic_additive"", ""priority"": 10, ""variable_group"": null}"
cai_task_management_system_task_generator_groups_generators_junctions_tables,sfo,OVERRIDE_CHANGED,"[""wh3_combi_tms_generator_group_passive"", ""CAI_TMS_TASK_GENERATOR_ATTACK_ALL_ENEMY_FORCES"", null]",priority,"{""generator"": ""CAI_TMS_TASK_GENERATOR_ATTACK_ALL_ENEMY_FORCES"", ""group"": ""wh3_combi_tms_generator_group_passive"", ""priority"": 1, ""variable_group"": null}","{""generator"": ""CAI_TMS_TASK_GENERATOR_ATTACK_ALL_ENEMY_FORCES"", ""group"": ""wh3_combi_tms_generator_group_passive"", ""priority"": 5, ""variable_group"": null}"
cai_task_management_system_task_generator_groups_generators_junctions_tables,sfo,OVERRIDE_CHANGED,"[""wh3_combi_tms_generator_group_passive"", ""CAI_TMS_TASK_GENERATOR_ATTACK_ALL_LOCAL_AGENTS_LEVEL_SCALED"", null]",priority,"{""generator"": ""CAI_TMS_TASK_GENERATOR_ATTACK_ALL_LOCAL_AGENTS_LEVEL_SCALED"", ""group"": ""wh3_combi_tms_generator_group_passive"", ""priority"": 1, ""variable_group"": null}","{""generator"": ""CAI_TMS_TASK_GENERATOR_ATTACK_ALL_LOCAL_AGENTS_LEVEL_SCALED"", ""group"": ""wh3_combi_tms_generator_group_passive"", ""priority"": 5, ""variable_group"": null}"
cai_task_management_system_task_generator_groups_generators_junctions_tables,sfo,OVERRIDE_CHANGED,"[""wh3_combi_tms_generator_group_passive"", ""CAI_TMS_TASK_GENERATOR_ATTACK_ALL_LOCAL_FORCES_SIZE_SCALED"", null]",priority,"{""generator"": ""CAI_TMS_TASK_GENERATOR_ATTACK_ALL_LOCAL_FORCES_SIZE_SCALED"", ""group"": ""wh3_combi_tms_generator_group_passive"", ""priority"": 1, ""variable_group"": null}","{""generator"": ""CAI_TMS_TASK_GENERATOR_ATTACK_ALL_LOCAL_FORCES_SIZE_SCALED"", ""group"": ""wh3_combi_tms_generator_group_passive"", ""priority"": 5, ""variable_group"": null}"
cai_task_management_system_task_generator_groups_generators_junctions_tables,sfo,OVERRIDE_CHANGED,"[""wh3_combi_tms_generator_group_passive"", ""CAI_TMS_TASK_GENERATOR_ATTACK_NEIGHBOURING_WAR_REGIONS"", null]",priority,"{""generator"": ""CAI_TMS_TASK_GENERATOR_ATTACK_NEIGHBOURING_WAR_REGIONS"", ""group"": ""wh3_combi_tms_generator_group_passive"", ""priority"": 1, ""variable_group"": null}","{""generator"": ""CAI_TMS_TASK_GENERATOR_ATTACK_NEIGHBOURING_WAR_REGIONS"", ""group"": ""wh3_combi_tms_generator_group_passive"", ""priority"": 5, ""variable_group"": null}"
cai_task_management_system_task_generator_groups_generators_junctions_tables,sfo,OVERRIDE_CHANGED,"[""wh3_combi_tms_generator_group_passive"", ""CAI_TMS_TASK_GENERATOR_WAR_COORDINATION_ATTACK_FORCES"", null]",priority,"{""generator"": ""CAI_TMS_TASK_GENERATOR_WAR_COORDINATION_ATTACK_FORCES"", ""group"": ""wh3_combi_tms_generator_group_passive"", ""priority"": 10, ""variable_group"": null}","{""generator"": ""CAI_TMS_TASK_GENERATOR_WAR_COORDINATION_ATTACK_FORCES"", ""group"": ""wh3_combi_tms_generator_group_passive"", ""priority"": 20, ""variable_group"": null}"
cai_task_management_system_task_generator_groups_generators_junctions_tables,sfo,OVERRIDE_CHANGED,"[""wh3_combi_tms_generator_group_passive"", ""CAI_TMS_TASK_GENERATOR_WAR_COORDINATION_ATTACK_REGIONS"", null]",priority,"{""generator"": ""CAI_TMS_TASK_GENERATOR_WAR_COORDINATION_ATTACK_REGIONS"", ""group"": ""wh3_combi_tms_generator_group_passive"", ""priority"": 10, ""variable_group"": null}","{""generator"": ""CAI_TMS_TASK_GENERATOR_WAR_COORDINATION_ATTACK_REGIONS"", ""group"": ""wh3_combi_tms_generator_group_passive"", ""priority"": 20, ""variable_group"": null}"
cai_task_management_system_task_generator_groups_generators_junctions_tables,sfo,OVERRIDE_CHANGED,"[""wh3_combi_tms_generator_group_protective_additive"", ""CAI_TMS_TASK_GENERATOR_ATTACK_ALL_ENEMY_FORCES"", null]",priority,"{""generator"": ""CAI_TMS_TASK_GENERATOR_ATTACK_ALL_ENEMY_FORCES"", ""group"": ""wh3_combi_tms_generator_group_protective_additive"", ""priority"": -2, ""variable_group"": null}","{""generator"": ""CAI_TMS_TASK_GENERATOR_ATTACK_ALL_ENEMY_FORCES"", ""group"": ""wh3_combi_tms_generator_group_protective_additive"", ""priority"": 5, ""variable_group"": null}"
cai_task_management_system_task_generator_groups_generators_junctions_tables,sfo,OVERRIDE_CHANGED,"[""wh3_combi_tms_generator_group_skaven_specific_additive"", ""CAI_TMS_TASK_GENERATOR_ATTACK_UNDEFENDED_ENEMY_SETTLEMENTS"", null]",priority,"{""generator"": ""CAI_TMS_TASK_GENERATOR_ATTACK_UNDEFENDED_ENEMY_SETTLEMENTS"", ""group"": ""wh3_combi_tms_generator_group_skaven_specific_additive"", ""priority"": 5, ""variable_group"": null}","{""generator"": ""CAI_TMS_TASK_GENERATOR_ATTACK_UNDEFENDED_ENEMY_SETTLEMENTS"", ""group"": ""wh3_combi_tms_generator_group_skaven_specific_additive"", ""priority"": 10, ""variable_group"": null}"
cai_task_management_system_task_generator_groups_generators_junctions_tables,sfo,OVERRIDE_CHANGED,"[""wh3_tms_generator_group_beastmen_brayherd"", ""CAI_TMS_TASK_GENERATOR_WAR_COORDINATION_ATTACK_FORCES"", null]",priority,"{""generator"": ""CAI_TMS_TASK_GENERATOR_WAR_COORDINATION_ATTACK_FORCES"", ""group"": ""wh3_tms_generator_group_beastmen_brayherd"", ""priority"": 1, ""variable_group"": null}","{""generator"": ""CAI_TMS_TASK_GENERATOR_WAR_COORDINATION_ATTACK_FORCES"", ""group"": ""wh3_tms_generator_group_beastmen_brayherd"", ""priority"": 20, ""variable_group"": null}"
cai_task_management_system_task_generator_groups_generators_junctions_tables,sfo,OVERRIDE_CHANGED,"[""wh3_tms_generator_group_beastmen_brayherd"", ""CAI_TMS_TASK_GENERATOR_WAR_COORDINATION_ATTACK_REGIONS"", null]",priority,"{""generator"": ""CAI_TMS_TASK_GENERATOR_WAR_COORDINATION_ATTACK_REGIONS"", ""group"": ""wh3_tms_generator_group_beastmen_brayherd"", ""priority"": 1, ""variable_group"": null}","{""generator"": ""CAI_TMS_TASK_GENERATOR_WAR_COORDINATION_ATTACK_REGIONS"", ""group"": ""wh3_tms_generator_group_beastmen_brayherd"", ""priority"": 20, ""variable_group"": null}"
cai_task_management_system_task_generator_groups_generators_junctions_tables,sfo,OVERRIDE_CHANGED,"[""wh3_tms_generator_group_cathay_gatecapture_additive"", ""CAI_TMS_TASK_GENERATOR_ATTACK_ALL_FLAGGED_VICTORY_CONDITION_REGIONS"", null]",priority,"{""generator"": ""CAI_TMS_TASK_GENERATOR_ATTACK_ALL_FLAGGED_VICTORY_CONDITION_REGIONS"", ""group"": ""wh3_tms_generator_group_cathay_gatecapture_additive"", ""priority"": 10, ""variable_group"": null}","{""generator"": ""CAI_TMS_TASK_GENERATOR_ATTACK_ALL_FLAGGED_VICTORY_CONDITION_REGIONS"", ""group"": ""wh3_tms_generator_group_cathay_gatecapture_additive"", ""priority"": 20, ""variable_group"": null}"
cai_task_management_system_task_generator_groups_generators_junctions_tables,sfo,OVERRIDE_CHANGED,"[""wh3_tms_generator_group_cathay_gatecapture_additive"", ""CAI_TMS_TASK_GENERATOR_ATTACK_LOCAL_FLAGGED_VICTORY_CONDITION_REGIONS"", null]",priority,"{""generator"": ""CAI_TMS_TASK_GENERATOR_ATTACK_LOCAL_FLAGGED_VICTORY_CONDITION_REGIONS"", ""group"": ""wh3_tms_generator_group_cathay_gatecapture_additive"", ""priority"": 10, ""variable_group"": null}","{""generator"": ""CAI_TMS_TASK_GENERATOR_ATTACK_LOCAL_FLAGGED_VICTORY_CONDITION_REGIONS"", ""group"": ""wh3_tms_generator_group_cathay_gatecapture_additive"", ""priority"": 20, ""variable_group"": null}"
cai_task_management_system_task_generator_groups_generators_junctions_tables,sfo,OVERRIDE_CHANGED,"[""wh3_tms_generator_group_chaos_gatedestroyer"", ""CAI_TMS_TASK_GENERATOR_ATTACK_ALL_FLAGGED_VICTORY_CONDITION_REGIONS"", null]",priority,"{""generator"": ""CAI_TMS_TASK_GENERATOR_ATTACK_ALL_FLAGGED_VICTORY_CONDITION_REGIONS"", ""group"": ""wh3_tms_generator_group_chaos_gatedestroyer"", ""priority"": 5, ""variable_group"": null}","{""generator"": ""CAI_TMS_TASK_GENERATOR_ATTACK_ALL_FLAGGED_VICTORY_CONDITION_REGIONS"", ""group"": ""wh3_tms_generator_group_chaos_gatedestroyer"", ""priority"": 10, ""variable_group"": null}"
cai_task_management_system_task_generator_groups_generators_junctions_tables,sfo,OVERRIDE_CHANGED,"[""wh3_tms_generator_group_chaos_gatedestroyer"", ""CAI_TMS_TASK_GENERATOR_ATTACK_LOCAL_FLAGGED_VICTORY_CONDITION_REGIONS"", null]",priority,"{""generator"": ""CAI_TMS_TASK_GENERATOR_ATTACK_LOCAL_FLAGGED_VICTORY_CONDITION_REGIONS"", ""group"": ""wh3_tms_generator_group_chaos_gatedestroyer"", ""priority"": 10, ""variable_group"": null}","{""generator"": ""CAI_TMS_TASK_GENERATOR_ATTACK_LOCAL_FLAGGED_VICTORY_CONDITION_REGIONS"", ""group"": ""wh3_tms_generator_group_chaos_gatedestroyer"", ""priority"": 20, ""variable_group"": null}"
cai_task_management_system_task_generator_groups_generators_junctions_tables,sfo,OVERRIDE_CHANGED,"[""wh3_tms_generator_group_minor_additive"", ""CAI_TMS_TASK_GENERATOR_ATTACK_ALL_ENEMY_FORCES"", null]",priority,"{""generator"": ""CAI_TMS_TASK_GENERATOR_ATTACK_ALL_ENEMY_FORCES"", ""group"": ""wh3_tms_generator_group_minor_additive"", ""priority"": -2, ""variable_group"": null}","{""generator"": ""CAI_TMS_TASK_GENERATOR_ATTACK_ALL_ENEMY_FORCES"", ""group"": ""wh3_tms_generator_group_minor_additive"", ""priority"": 5, ""variable_group"": null}"
cai_task_management_system_task_generator_groups_generators_junctions_tables,sfo,OVERRIDE_CHANGED,"[""wh3_tms_generator_group_minor_additive"", ""CAI_TMS_TASK_GENERATOR_ATTACK_ALL_ENEMY_SETTLEMENTS"", null]",priority,"{""generator"": ""CAI_TMS_TASK_GENERATOR_ATTACK_ALL_ENEMY_SETTLEMENTS"", ""group"": ""wh3_tms_generator_group_minor_additive"", ""priority"": -2, ""variable_group"": null}","{""generator"": ""CAI_TMS_TASK_GENERATOR_ATTACK_ALL_ENEMY_SETTLEMENTS"", ""group"": ""wh3_tms_generator_group_minor_additive"", ""priority"": 5, ""variable_group"": null}"
cai_task_management_system_task_generator_groups_generators_junctions_tables,sfo,OVERRIDE_CHANGED,"[""wh3_tms_generator_group_norsca_specific_additive"", ""CAI_TMS_TASK_GENERATOR_ATTACK_ALL_ENEMY_FORCES"", null]",priority,"{""generator"": ""CAI_TMS_TASK_GENERATOR_ATTACK_ALL_ENEMY_FORCES"", ""group"": ""wh3_tms_generator_group_norsca_specific_additive"", ""priority"": 3, ""variable_group"": null}","{""generator"": ""CAI_TMS_TASK_GENERATOR_ATTACK_ALL_ENEMY_FORCES"", ""group"": ""wh3_tms_generator_group_norsca_specific_additive"", ""priority"": 10, ""variable_group"": null}"
cai_task_management_system_task_generator_groups_generators_junctions_tables,sfo,OVERRIDE_CHANGED,"[""wh3_tms_generator_group_norsca_specific_additive"", ""CAI_TMS_TASK_GENERATOR_ATTACK_ALL_ENEMY_SETTLEMENTS"", null]",priority,"{""generator"": ""CAI_TMS_TASK_GENERATOR_ATTACK_ALL_ENEMY_SETTLEMENTS"", ""group"": ""wh3_tms_generator_group_norsca_specific_additive"", ""priority"": 3, ""variable_group"": null}","{""generator"": ""CAI_TMS_TASK_GENERATOR_ATTACK_ALL_ENEMY_SETTLEMENTS"", ""group"": ""wh3_tms_generator_group_norsca_specific_additive"", ""priority"": 10, ""variable_group"": null}"
cai_task_management_system_task_generator_groups_generators_junctions_tables,sfo,OVERRIDE_CHANGED,"[""wh3_tms_generator_group_passive"", ""CAI_TMS_TASK_GENERATOR_ATTACK_ALL_ENEMY_FORCES"", null]",priority,"{""generator"": ""CAI_TMS_TASK_GENERATOR_ATTACK_ALL_ENEMY_FORCES"", ""group"": ""wh3_tms_generator_group_passive"", ""priority"": 1, ""variable_group"": null}","{""generator"": ""CAI_TMS_TASK_GENERATOR_ATTACK_ALL_ENEMY_FORCES"", ""group"": ""wh3_tms_generator_group_passive"", ""priority"": 5, ""variable_group"": null}"
cai_task_management_system_task_generator_groups_generators_junctions_tables,sfo,OVERRIDE_CHANGED,"[""wh3_tms_generator_group_passive"", ""CAI_TMS_TASK_GENERATOR_ATTACK_ALL_LOCAL_AGENTS_LEVEL_SCALED"", null]",priority,"{""generator"": ""CAI_TMS_TASK_GENERATOR_ATTACK_ALL_LOCAL_AGENTS_LEVEL_SCALED"", ""group"": ""wh3_tms_generator_group_passive"", ""priority"": 1, ""variable_group"": null}","{""generator"": ""CAI_TMS_TASK_GENERATOR_ATTACK_ALL_LOCAL_AGENTS_LEVEL_SCALED"", ""group"": ""wh3_tms_generator_group_passive"", ""priority"": 5, ""variable_group"": null}"
cai_task_management_system_task_generator_groups_generators_junctions_tables,sfo,OVERRIDE_CHANGED,"[""wh3_tms_generator_group_passive"", ""CAI_TMS_TASK_GENERATOR_ATTACK_ALL_LOCAL_FORCES_SIZE_SCALED"", null]",priority,"{""generator"": ""CAI_TMS_TASK_GENERATOR_ATTACK_ALL_LOCAL_FORCES_SIZE_SCALED"", ""group"": ""wh3_tms_generator_group_passive"", ""priority"": 1, ""variable_group"": null}","{""generator"": ""CAI_TMS_TASK_GENERATOR_ATTACK_ALL_LOCAL_FORCES_SIZE_SCALED"", ""group"": ""wh3_tms_generator_group_passive"", ""priority"": 5, ""variable_group"": null}"
cai_task_management_system_task_generator_groups_generators_junctions_tables,sfo,OVERRIDE_CHANGED,"[""wh3_tms_generator_group_passive"", ""CAI_TMS_TASK_GENERATOR_ATTACK_NEIGHBOURING_WAR_REGIONS"", null]",priority,"{""generator"": ""CAI_TMS_TASK_GENERATOR_ATTACK_NEIGHBOURING_WAR_REGIONS"", ""group"": ""wh3_tms_generator_group_passive"", ""priority"": 1, ""variable_group"": null}","{""generator"": ""CAI_TMS_TASK_GENERATOR_ATTACK_NEIGHBOURING_WAR_REGIONS"", ""group"": ""wh3_tms_generator_group_passive"", ""priority"": 5, ""variable_group"": null}"
cai_task_management_system_task_generator_groups_generators_junctions_tables,sfo,OVERRIDE_CHANGED,"[""wh3_tms_generator_group_passive"", ""CAI_TMS_TASK_GENERATOR_WAR_COORDINATION_ATTACK_FORCES"", null]",priority,"{""generator"": ""CAI_TMS_TASK_GENERATOR_WAR_COORDINATION_ATTACK_FORCES"", ""group"": ""wh3_tms_generator_group_passive"", ""priority"": 10, ""variable_group"": null}","{""generator"": ""CAI_TMS_TASK_GENERATOR_WAR_COORDINATION_ATTACK_FORCES"", ""group"": ""wh3_tms_generator_group_passive"", ""priority"": 20, ""variable_group"": null}"
cai_task_management_system_task_generator_groups_generators_junctions_tables,sfo,OVERRIDE_CHANGED,"[""wh3_tms_generator_group_passive"", ""CAI_TMS_TASK_GENERATOR_WAR_COORDINATION_ATTACK_REGIONS"", null]",priority,"{""generator"": ""CAI_TMS_TASK_GENERATOR_WAR_COORDINATION_ATTACK_REGIONS"", ""group"": ""wh3_tms_generator_group_passive"", ""priority"": 10, ""variable_group"": null}","{""generator"": ""CAI_TMS_TASK_GENERATOR_WAR_COORDINATION_ATTACK_REGIONS"", ""group"": ""wh3_tms_generator_group_passive"", ""priority"": 20, ""variable_group"": null}"
cai_task_management_system_task_generator_groups_generators_junctions_tables,sfo,OVERRIDE_CHANGED,"[""wh3_tms_generator_group_prologue_active"", ""CAI_TMS_TASK_GENERATOR_ATTACK_ALL_ENEMY_FORCES"", null]",priority,"{""generator"": ""CAI_TMS_TASK_GENERATOR_ATTACK_ALL_ENEMY_FORCES"", ""group"": ""wh3_tms_generator_group_prologue_active"", ""priority"": 1, ""variable_group"": null}","{""generator"": ""CAI_TMS_TASK_GENERATOR_ATTACK_ALL_ENEMY_FORCES"", ""group"": ""wh3_tms_generator_group_prologue_active"", ""priority"": 5, ""variable_group"": null}"
cai_task_management_system_task_generator_groups_generators_junctions_tables,sfo,OVERRIDE_CHANGED,"[""wh3_tms_generator_group_prologue_active"", ""CAI_TMS_TASK_GENERATOR_ATTACK_ALL_ENEMY_SETTLEMENTS"", null]",priority,"{""generator"": ""CAI_TMS_TASK_GENERATOR_ATTACK_ALL_ENEMY_SETTLEMENTS"", ""group"": ""wh3_tms_generator_group_prologue_active"", ""priority"": 1, ""variable_group"": null}","{""generator"": ""CAI_TMS_TASK_GENERATOR_ATTACK_ALL_ENEMY_SETTLEMENTS"", ""group"": ""wh3_tms_generator_group_prologue_active"", ""priority"": 5, ""variable_group"": null}"
cai_task_management_system_task_generator_groups_generators_junctions_tables,sfo,OVERRIDE_CHANGED,"[""wh3_tms_generator_group_regionless"", ""CAI_TMS_TASK_GENERATOR_ATTACK_ALL_ENEMY_SETTLEMENTS"", null]",priority,"{""generator"": ""CAI_TMS_TASK_GENERATOR_ATTACK_ALL_ENEMY_SETTLEMENTS"", ""group"": ""wh3_tms_generator_group_regionless"", ""priority"": 1, ""variable_group"": null}","{""generator"": ""CAI_TMS_TASK_GENERATOR_ATTACK_ALL_ENEMY_SETTLEMENTS"", ""group"": ""wh3_tms_generator_group_regionless"", ""priority"": 5, ""variable_group"": null}"
cai_task_management_system_task_generator_groups_generators_junctions_tables,sfo,OVERRIDE_CHANGED,"[""wh3_tms_generator_group_regionless"", ""CAI_TMS_TASK_GENERATOR_ATTACK_ENEMY_SETTLEMENTS_LOCAL_TO_OUR_FORCES_THAT_ARE_BESIEGED_BY_OUR_ALLIES"", null]",priority,"{""generator"": ""CAI_TMS_TASK_GENERATOR_ATTACK_ENEMY_SETTLEMENTS_LOCAL_TO_OUR_FORCES_THAT_ARE_BESIEGED_BY_OUR_ALLIES"", ""group"": ""wh3_tms_generator_group_regionless"", ""priority"": 1, ""variable_group"": null}","{""generator"": ""CAI_TMS_TASK_GENERATOR_ATTACK_ENEMY_SETTLEMENTS_LOCAL_TO_OUR_FORCES_THAT_ARE_BESIEGED_BY_OUR_ALLIES"", ""group"": ""wh3_tms_generator_group_regionless"", ""priority"": 5, ""variable_group"": null}"
cai_task_management_system_task_generator_groups_generators_junctions_tables,sfo,OVERRIDE_CHANGED,"[""wh3_tms_generator_group_regionless"", ""CAI_TMS_TASK_GENERATOR_ATTACK_SETTLEMENTS_NEAR_OUR_FORCES"", null]",priority,"{""generator"": ""CAI_TMS_TASK_GENERATOR_ATTACK_SETTLEMENTS_NEAR_OUR_FORCES"", ""group"": ""wh3_tms_generator_group_regionless"", ""priority"": 0.5, ""variable_group"": null}","{""generator"": ""CAI_TMS_TASK_GENERATOR_ATTACK_SETTLEMENTS_NEAR_OUR_FORCES"", ""group"": ""wh3_tms_generator_group_regionless"", ""priority"": 5, ""variable_group"": null}"
cai_task_management_system_task_generator_groups_generators_junctions_tables,sfo,OVERRIDE_CHANGED,"[""wh3_tms_generator_group_regionless"", ""CAI_TMS_TASK_GENERATOR_ATTACK_UNDEFENDED_ENEMY_SETTLEMENTS"", ""timed_priority_boost_instant""]",priority,"{""generator"": ""CAI_TMS_TASK_GENERATOR_ATTACK_UNDEFENDED_ENEMY_SETTLEMENTS"", ""group"": ""wh3_tms_generator_group_regionless"", ""priority"": 1, ""variable_group"": ""timed_priority_boost_instant""}","{""generator"": ""CAI_TMS_TASK_GENERATOR_ATTACK_UNDEFENDED_ENEMY_SETTLEMENTS"", ""group"": ""wh3_tms_generator_group_regionless"", ""priority"": 5, ""variable_group"": ""timed_priority_boost_instant""}"
cai_task_management_system_task_generator_groups_generators_junctions_tables,sfo,OVERRIDE_CHANGED,"[""wh3_tms_generator_group_rift_spawned_khorne"", ""CAI_TMS_TASK_GENERATOR_ATTACK_ALL_LOCAL_FORCES_SIZE_SCALED"", null]",priority,"{""generator"": ""CAI_TMS_TASK_GENERATOR_ATTACK_ALL_LOCAL_FORCES_SIZE_SCALED"", ""group"": ""wh3_tms_generator_group_rift_spawned_khorne"", ""priority"": 5, ""variable_group"": null}","{""generator"": ""CAI_TMS_TASK_GENERATOR_ATTACK_ALL_LOCAL_FORCES_SIZE_SCALED"", ""group"": ""wh3_tms_generator_group_rift_spawned_khorne"", ""priority"": 10, ""variable_group"": null}"
cai_task_management_system_task_generator_groups_generators_junctions_tables,sfo,OVERRIDE_SAME_AS_VANILLA,"[""wh3_tms_generator_group_rift_spawned_khorne"", ""CAI_TMS_TASK_GENERATOR_ATTACK_SETTLEMENTS_NEAR_OUR_FORCES"", null]",,"{""generator"": ""CAI_TMS_TASK_GENERATOR_ATTACK_SETTLEMENTS_NEAR_OUR_FORCES"", ""group"": ""wh3_tms_generator_group_rift_spawned_khorne"", ""priority"": 20, ""variable_group"": null}",null
cai_task_management_system_task_generator_groups_generators_junctions_tables,sfo,OVERRIDE_CHANGED,"[""wh3_tms_generator_group_rift_spawned_legion"", ""CAI_TMS_TASK_GENERATOR_ATTACK_ALL_LOCAL_FORCES_SIZE_SCALED"", null]",priority,"{""generator"": ""CAI_TMS_TASK_GENERATOR_ATTACK_ALL_LOCAL_FORCES_SIZE_SCALED"", ""group"": ""wh3_tms_generator_group_rift_spawned_legion"", ""priority"": 5, ""variable_group"": null}","{""generator"": ""CAI_TMS_TASK_GENERATOR_ATTACK_ALL_LOCAL_FORCES_SIZE_SCALED"", ""group"": ""wh3_tms_generator_group_rift_spawned_legion"", ""priority"": 10, ""variable_group"": null}"
cai_task_management_system_task_generator_groups_generators_junctions_tables,sfo,OVERRIDE_SAME_AS_VANILLA,"[""wh3_tms_generator_group_rift_spawned_legion"", ""CAI_TMS_TASK_GENERATOR_ATTACK_SETTLEMENTS_NEAR_OUR_FORCES"", null]",,"{""generator"": ""CAI_TMS_TASK_GENERATOR_ATTACK_SETTLEMENTS_NEAR_OUR_FORCES"", ""group"": ""wh3_tms_generator_group_rift_spawned_legion"", ""priority"": 20, ""variable_group"": null}",null
cai_task_management_system_task_generator_groups_generators_junctions_tables,sfo,OVERRIDE_CHANGED,"[""wh3_tms_generator_group_rift_spawned_nurgle"", ""CAI_TMS_TASK_GENERATOR_ATTACK_ALL_LOCAL_FORCES_SIZE_SCALED"", null]",priority,"{""generator"": ""CAI_TMS_TASK_GENERATOR_ATTACK_ALL_LOCAL_FORCES_SIZE_SCALED"", ""group"": ""wh3_tms_generator_group_rift_spawned_nurgle"", ""priority"": 5, ""variable_group"": null}","{""generator"": ""CAI_TMS_TASK_GENERATOR_ATTACK_ALL_LOCAL_FORCES_SIZE_SCALED"", ""group"": ""wh3_tms_generator_group_rift_spawned_nurgle"", ""priority"": 10, ""variable_group"": null}"
cai_task_management_system_task_generator_groups_generators_junctions_tables,sfo,OVERRIDE_SAME_AS_VANILLA,"[""wh3_tms_generator_group_rift_spawned_nurgle"", ""CAI_TMS_TASK_GENERATOR_ATTACK_SETTLEMENTS_NEAR_OUR_FORCES"", null]",,"{""generator"": ""CAI_TMS_TASK_GENERATOR_ATTACK_SETTLEMENTS_NEAR_OUR_FORCES"", ""group"": ""wh3_tms_generator_group_rift_spawned_nurgle"", ""priority"": 20, ""variable_group"": null}",null
cai_task_management_system_task_generator_groups_generators_junctions_tables,sfo,OVERRIDE_CHANGED,"[""wh3_tms_generator_group_rift_spawned_slaanesh"", ""CAI_TMS_TASK_GENERATOR_ATTACK_ALL_LOCAL_FORCES_SIZE_SCALED"", null]",priority,"{""generator"": ""CAI_TMS_TASK_GENERATOR_ATTACK_ALL_LOCAL_FORCES_SIZE_SCALED"", ""group"": ""wh3_tms_generator_group_rift_spawned_slaanesh"", ""priority"": 5, ""variable_group"": null}","{""generator"": ""CAI_TMS_TASK_GENERATOR_ATTACK_ALL_LOCAL_FORCES_SIZE_SCALED"", ""group"": ""wh3_tms_generator_group_rift_spawned_slaanesh"", ""priority"": 10, ""variable_group"": null}"
cai_task_management_system_task_generator_groups_generators_junctions_tables,sfo,OVERRIDE_SAME_AS_VANILLA,"[""wh3_tms_generator_group_rift_spawned_slaanesh"", ""CAI_TMS_TASK_GENERATOR_ATTACK_SETTLEMENTS_NEAR_OUR_FORCES"", null]",,"{""generator"": ""CAI_TMS_TASK_GENERATOR_ATTACK_SETTLEMENTS_NEAR_OUR_FORCES"", ""group"": ""wh3_tms_generator_group_rift_spawned_slaanesh"", ""priority"": 20, ""variable_group"": null}",null
cai_task_management_system_task_generator_groups_generators_junctions_tables,sfo,OVERRIDE_CHANGED,"[""wh3_tms_generator_group_rift_spawned_tzeentch"", ""CAI_TMS_TASK_GENERATOR_ATTACK_ALL_LOCAL_FORCES_SIZE_SCALED"", null]",priority,"{""generator"": ""CAI_TMS_TASK_GENERATOR_ATTACK_ALL_LOCAL_FORCES_SIZE_SCALED"", ""group"": ""wh3_tms_generator_group_rift_spawned_tzeentch"", ""priority"": 5, ""variable_group"": null}","{""generator"": ""CAI_TMS_TASK_GENERATOR_ATTACK_ALL_LOCAL_FORCES_SIZE_SCALED"", ""group"": ""wh3_tms_generator_group_rift_spawned_tzeentch"", ""priority"": 10, ""variable_group"": null}"
cai_task_management_system_task_generator_groups_generators_junctions_tables,sfo,OVERRIDE_SAME_AS_VANILLA,"[""wh3_tms_generator_group_rift_spawned_tzeentch"", ""CAI_TMS_TASK_GENERATOR_ATTACK_SETTLEMENTS_NEAR_OUR_FORCES"", null]",,"{""generator"": ""CAI_TMS_TASK_GENERATOR_ATTACK_SETTLEMENTS_NEAR_OUR_FORCES"", ""group"": ""wh3_tms_generator_group_rift_spawned_tzeentch"", ""priority"": 20, ""variable_group"": null}",null
cai_task_management_system_task_generator_groups_generators_junctions_tables,sfo,OVERRIDE_CHANGED,"[""wh3_tms_generator_group_simple"", ""CAI_TMS_TASK_GENERATOR_ATTACK_ALL_ENEMY_FORCES"", null]",priority,"{""generator"": ""CAI_TMS_TASK_GENERATOR_ATTACK_ALL_ENEMY_FORCES"", ""group"": ""wh3_tms_generator_group_simple"", ""priority"": 1, ""variable_group"": null}","{""generator"": ""CAI_TMS_TASK_GENERATOR_ATTACK_ALL_ENEMY_FORCES"", ""group"": ""wh3_tms_generator_group_simple"", ""priority"": 5, ""variable_group"": null}"
cai_task_management_system_task_generator_groups_generators_junctions_tables,sfo,OVERRIDE_CHANGED,"[""wh3_tms_generator_group_simple"", ""CAI_TMS_TASK_GENERATOR_ATTACK_ALL_ENEMY_SETTLEMENTS"", null]",priority,"{""generator"": ""CAI_TMS_TASK_GENERATOR_ATTACK_ALL_ENEMY_SETTLEMENTS"", ""group"": ""wh3_tms_generator_group_simple"", ""priority"": 1, ""variable_group"": null}","{""generator"": ""CAI_TMS_TASK_GENERATOR_ATTACK_ALL_ENEMY_SETTLEMENTS"", ""group"": ""wh3_tms_generator_group_simple"", ""priority"": 5, ""variable_group"": null}"
cai_task_management_system_task_generator_groups_generators_junctions_tables,sfo,OVERRIDE_CHANGED,"[""wh3_tms_generator_group_simple"", ""CAI_TMS_TASK_GENERATOR_ATTACK_ALL_LOCAL_AGENTS_LEVEL_SCALED"", null]",priority,"{""generator"": ""CAI_TMS_TASK_GENERATOR_ATTACK_ALL_LOCAL_AGENTS_LEVEL_SCALED"", ""group"": ""wh3_tms_generator_group_simple"", ""priority"": 5, ""variable_group"": null}","{""generator"": ""CAI_TMS_TASK_GENERATOR_ATTACK_ALL_LOCAL_AGENTS_LEVEL_SCALED"", ""group"": ""wh3_tms_generator_group_simple"", ""priority"": 10, ""variable_group"": null}"
cai_task_management_system_task_generator_groups_generators_junctions_tables,sfo,OVERRIDE_CHANGED,"[""wh3_tms_generator_group_simple"", ""CAI_TMS_TASK_GENERATOR_ATTACK_ALL_LOCAL_FORCES_SIZE_SCALED"", null]",priority,"{""generator"": ""CAI_TMS_TASK_GENERATOR_ATTACK_ALL_LOCAL_FORCES_SIZE_SCALED"", ""group"": ""wh3_tms_generator_group_simple"", ""priority"": 4, ""variable_group"": null}","{""generator"": ""CAI_TMS_TASK_GENERATOR_ATTACK_ALL_LOCAL_FORCES_SIZE_SCALED"", ""group"": ""wh3_tms_generator_group_simple"", ""priority"": 10, ""variable_group"": null}"
cai_task_management_system_task_generator_groups_generators_junctions_tables,sfo,OVERRIDE_CHANGED,"[""wh3_tms_generator_group_simple"", ""CAI_TMS_TASK_GENERATOR_ATTACK_NEIGHBOURING_WAR_REGIONS"", null]",priority,"{""generator"": ""CAI_TMS_TASK_GENERATOR_ATTACK_NEIGHBOURING_WAR_REGIONS"", ""group"": ""wh3_tms_generator_group_simple"", ""priority"": 2, ""variable_group"": null}","{""generator"": ""CAI_TMS_TASK_GENERATOR_ATTACK_NEIGHBOURING_WAR_REGIONS"", ""group"": ""wh3_tms_generator_group_simple"", ""priority"": 5, ""variable_group"": null}"
cai_task_management_system_task_generator_groups_generators_junctions_tables,sfo,OVERRIDE_CHANGED,"[""wh3_tms_generator_group_simple"", ""CAI_TMS_TASK_GENERATOR_ATTACK_SETTLEMENTS_NEAR_OUR_FORCES"", null]",priority,"{""generator"": ""CAI_TMS_TASK_GENERATOR_ATTACK_SETTLEMENTS_NEAR_OUR_FORCES"", ""group"": ""wh3_tms_generator_group_simple"", ""priority"": 2, ""variable_group"": null}","{""generator"": ""CAI_TMS_TASK_GENERATOR_ATTACK_SETTLEMENTS_NEAR_OUR_FORCES"", ""group"": ""wh3_tms_generator_group_simple"", ""priority"": 5, ""variable_group"": null}"
cai_task_management_system_task_generator_groups_generators_junctions_tables,sfo,OVERRIDE_CHANGED,"[""wh3_tms_generator_group_skaven_specific_additive"", ""CAI_TMS_TASK_GENERATOR_ATTACK_UNDEFENDED_ENEMY_SETTLEMENTS"", null]",priority,"{""generator"": ""CAI_TMS_TASK_GENERATOR_ATTACK_UNDEFENDED_ENEMY_SETTLEMENTS"", ""group"": ""wh3_tms_generator_group_skaven_specific_additive"", ""priority"": 5, ""variable_group"": null}","{""generator"": ""CAI_TMS_TASK_GENERATOR_ATTACK_UNDEFENDED_ENEMY_SETTLEMENTS"", ""group"": ""wh3_tms_generator_group_skaven_specific_additive"", ""priority"": 10, ""variable_group"": null}"
cai_variables_overides_tables,hecleas,OVERRIDE_CHANGED,"[""CAI_VARIABLE_MAX_CONFEDERATION_STRENGTH"", ""wh3_main_chaos"", null, ""-1""]",value,"{""campaign"": ""wh3_main_chaos"", ""campaign_type"": null, ""difficulty"": ""-1"", ""key"": ""CAI_VARIABLE_MAX_CONFEDERATION_STRENGTH"", ""value"": 1.25}","{""campaign"": ""wh3_main_chaos"", ""campaign_type"": null, ""difficulty"": ""-1"", ""key"": ""CAI_VARIABLE_MAX_CONFEDERATION_STRENGTH"", ""value"": 1}"
cai_variables_overides_tables,hecleas,OVERRIDE_CHANGED,"[""CAI_VARIABLE_MAX_CONFEDERATION_STRENGTH"", ""wh3_main_chaos"", null, ""-2""]",value,"{""campaign"": ""wh3_main_chaos"", ""campaign_type"": null, ""difficulty"": ""-2"", ""key"": ""CAI_VARIABLE_MAX_CONFEDERATION_STRENGTH"", ""value"": 1.75}","{""campaign"": ""wh3_main_chaos"", ""campaign_type"": null, ""difficulty"": ""-2"", ""key"": ""CAI_VARIABLE_MAX_CONFEDERATION_STRENGTH"", ""value"": 1}"
cai_variables_overides_tables,hecleas,OVERRIDE_CHANGED,"[""CAI_VARIABLE_MAX_CONFEDERATION_STRENGTH"", ""wh3_main_chaos"", null, ""-3""]",value,"{""campaign"": ""wh3_main_chaos"", ""campaign_type"": null, ""difficulty"": ""-3"", ""key"": ""CAI_VARIABLE_MAX_CONFEDERATION_STRENGTH"", ""value"": 2.5}","{""campaign"": ""wh3_main_chaos"", ""campaign_type"": null, ""difficulty"": ""-3"", ""key"": ""CAI_VARIABLE_MAX_CONFEDERATION_STRENGTH"", ""value"": 1}"
cai_variables_overides_tables,hecleas,OVERRIDE_CHANGED,"[""CAI_VARIABLE_MAX_CONFEDERATION_STRENGTH"", ""wh3_main_combi"", null, ""-1""]",value,"{""campaign"": ""wh3_main_combi"", ""campaign_type"": null, ""difficulty"": ""-1"", ""key"": ""CAI_VARIABLE_MAX_CONFEDERATION_STRENGTH"", ""value"": 1.25}","{""campaign"": ""wh3_main_combi"", ""campaign_type"": null, ""difficulty"": ""-1"", ""key"": ""CAI_VARIABLE_MAX_CONFEDERATION_STRENGTH"", ""value"": 1}"
cai_variables_overides_tables,hecleas,OVERRIDE_CHANGED,"[""CAI_VARIABLE_MAX_CONFEDERATION_STRENGTH"", ""wh3_main_combi"", null, ""-2""]",value,"{""campaign"": ""wh3_main_combi"", ""campaign_type"": null, ""difficulty"": ""-2"", ""key"": ""CAI_VARIABLE_MAX_CONFEDERATION_STRENGTH"", ""value"": 1.75}","{""campaign"": ""wh3_main_combi"", ""campaign_type"": null, ""difficulty"": ""-2"", ""key"": ""CAI_VARIABLE_MAX_CONFEDERATION_STRENGTH"", ""value"": 1}"
cai_variables_overides_tables,hecleas,OVERRIDE_CHANGED,"[""CAI_VARIABLE_MAX_CONFEDERATION_STRENGTH"", ""wh3_main_combi"", null, ""-3""]",value,"{""campaign"": ""wh3_main_combi"", ""campaign_type"": null, ""difficulty"": ""-3"", ""key"": ""CAI_VARIABLE_MAX_CONFEDERATION_STRENGTH"", ""value"": 2.5}","{""campaign"": ""wh3_main_combi"", ""campaign_type"": null, ""difficulty"": ""-3"", ""key"": ""CAI_VARIABLE_MAX_CONFEDERATION_STRENGTH"", ""value"": 1}"
cai_variables_overides_tables,hecleas,OVERRIDE_CHANGED,"[""CAI_VARIABLE_PLAYER_AP_ADJUSTMENT_DEADZONE_MAX"", ""wh3_main_chaos"", null, ""-1""]",value,"{""campaign"": ""wh3_main_chaos"", ""campaign_type"": null, ""difficulty"": ""-1"", ""key"": ""CAI_VARIABLE_PLAYER_AP_ADJUSTMENT_DEADZONE_MAX"", ""value"": 1.04999995}","{""campaign"": ""wh3_main_chaos"", ""campaign_type"": null, ""difficulty"": ""-1"", ""key"": ""CAI_VARIABLE_PLAYER_AP_ADJUSTMENT_DEADZONE_MAX"", ""value"": 1}"
cai_variables_overides_tables,hecleas,OVERRIDE_CHANGED,"[""CAI_VARIABLE_PLAYER_AP_ADJUSTMENT_DEADZONE_MAX"", ""wh3_main_chaos"", null, ""0""]",value,"{""campaign"": ""wh3_main_chaos"", ""campaign_type"": null, ""difficulty"": ""0"", ""key"": ""CAI_VARIABLE_PLAYER_AP_ADJUSTMENT_DEADZONE_MAX"", ""value"": 1.04999995}","{""campaign"": ""wh3_main_chaos"", ""campaign_type"": null, ""difficulty"": ""0"", ""key"": ""CAI_VARIABLE_PLAYER_AP_ADJUSTMENT_DEADZONE_MAX"", ""value"": 1}"
cai_variables_overides_tables,hecleas,OVERRIDE_CHANGED,"[""CAI_VARIABLE_PLAYER_AP_ADJUSTMENT_DEADZONE_MAX"", ""wh3_main_chaos"", null, ""1""]",value,"{""campaign"": ""wh3_main_chaos"", ""campaign_type"": null, ""difficulty"": ""1"", ""key"": ""CAI_VARIABLE_PLAYER_AP_ADJUSTMENT_DEADZONE_MAX"", ""value"": 1.04999995}","{""campaign"": ""wh3_main_chaos"", ""campaign_type"": null, ""difficulty"": ""1"", ""key"": ""CAI_VARIABLE_PLAYER_AP_ADJUSTMENT_DEADZONE_MAX"", ""value"": 1}"
cai_variables_overides_tables,hecleas,OVERRIDE_CHANGED,"[""CAI_VARIABLE_PLAYER_AP_ADJUSTMENT_DEADZONE_MAX"", ""wh3_main_combi"", null, ""-1""]",value,"{""campaign"": ""wh3_main_combi"", ""campaign_type"": null, ""difficulty"": ""-1"", ""key"": ""CAI_VARIABLE_PLAYER_AP_ADJUSTMENT_DEADZONE_MAX"", ""value"": 1.04999995}","{""campaign"": ""wh3_main_combi"", ""campaign_type"": null, ""difficulty"": ""-1"", ""key"": ""CAI_VARIABLE_PLAYER_AP_ADJUSTMENT_DEADZONE_MAX"", ""value"": 1}"
cai_variables_overides_tables,hecleas,OVERRIDE_CHANGED,"[""CAI_VARIABLE_PLAYER_AP_ADJUSTMENT_DEADZONE_MAX"", ""wh3_main_combi"", null, ""0""]",value,"{""campaign"": ""wh3_main_combi"", ""campaign_type"": null, ""difficulty"": ""0"", ""key"": ""CAI_VARIABLE_PLAYER_AP_ADJUSTMENT_DEADZONE_MAX"", ""value"": 1.04999995}","{""campaign"": ""wh3_main_combi"", ""campaign_type"": null, ""difficulty"": ""0"", ""key"": ""CAI_VARIABLE_PLAYER_AP_ADJUSTMENT_DEADZONE_MAX"", ""value"": 1}"
cai_variables_overides_tables,hecleas,OVERRIDE_CHANGED,"[""CAI_VARIABLE_PLAYER_AP_ADJUSTMENT_DEADZONE_MAX"", ""wh3_main_combi"", null, ""1""]",value,"{""campaign"": ""wh3_main_combi"", ""campaign_type"": null, ""difficulty"": ""1"", ""key"": ""CAI_VARIABLE_PLAYER_AP_ADJUSTMENT_DEADZONE_MAX"", ""value"": 1.04999995}","{""campaign"": ""wh3_main_combi"", ""campaign_type"": null, ""difficulty"": ""1"", ""key"": ""CAI_VARIABLE_PLAYER_AP_ADJUSTMENT_DEADZONE_MAX"", ""value"": 1}"
cai_variables_overides_tables,hecleas,OVERRIDE_CHANGED,"[""CAI_VARIABLE_PLAYER_AP_ADJUSTMENT_DEADZONE_MIN"", ""wh3_main_chaos"", null, ""-1""]",value,"{""campaign"": ""wh3_main_chaos"", ""campaign_type"": null, ""difficulty"": ""-1"", ""key"": ""CAI_VARIABLE_PLAYER_AP_ADJUSTMENT_DEADZONE_MIN"", ""value"": 0.95000005}","{""campaign"": ""wh3_main_chaos"", ""campaign_type"": null, ""difficulty"": ""-1"", ""key"": ""CAI_VARIABLE_PLAYER_AP_ADJUSTMENT_DEADZONE_MIN"", ""value"": 1}"
cai_variables_overides_tables,hecleas,OVERRIDE_CHANGED,"[""CAI_VARIABLE_PLAYER_AP_ADJUSTMENT_DEADZONE_MIN"", ""wh3_main_chaos"", null, ""0""]",value,"{""campaign"": ""wh3_main_chaos"", ""campaign_type"": null, ""difficulty"": ""0"", ""key"": ""CAI_VARIABLE_PLAYER_AP_ADJUSTMENT_DEADZONE_MIN"", ""value"": 0.85000002}","{""campaign"": ""wh3_main_chaos"", ""campaign_type"": null, ""difficulty"": ""0"", ""key"": ""CAI_VARIABLE_PLAYER_AP_ADJUSTMENT_DEADZONE_MIN"", ""value"": 1}"
cai_variables_overides_tables,hecleas,OVERRIDE_CHANGED,"[""CAI_VARIABLE_PLAYER_AP_ADJUSTMENT_DEADZONE_MIN"", ""wh3_main_chaos"", null, ""1""]",value,"{""campaign"": ""wh3_main_chaos"", ""campaign_type"": null, ""difficulty"": ""1"", ""key"": ""CAI_VARIABLE_PLAYER_AP_ADJUSTMENT_DEADZONE_MIN"", ""value"": 0.69999999}","{""campaign"": ""wh3_main_chaos"", ""campaign_type"": null, ""difficulty"": ""1"", ""key"": ""CAI_VARIABLE_PLAYER_AP_ADJUSTMENT_DEADZONE_MIN"", ""value"": 1}"
cai_variables_overides_tables,hecleas,OVERRIDE_CHANGED,"[""CAI_VARIABLE_PLAYER_AP_ADJUSTMENT_DEADZONE_MIN"", ""wh3_main_combi"", null, ""-1""]",value,"{""campaign"": ""wh3_main_combi"", ""campaign_type"": null, ""difficulty"": ""-1"", ""key"": ""CAI_VARIABLE_PLAYER_AP_ADJUSTMENT_DEADZONE_MIN"", ""value"": 0.95000005}","{""campaign"": ""wh3_main_combi"", ""campaign_type"": null, ""difficulty"": ""-1"", ""key"": ""CAI_VARIABLE_PLAYER_AP_ADJUSTMENT_DEADZONE_MIN"", ""value"": 1}"
cai_variables_overides_tables,hecleas,OVERRIDE_CHANGED,"[""CAI_VARIABLE_PLAYER_AP_ADJUSTMENT_DEADZONE_MIN"", ""wh3_main_combi"", null, ""0""]",value,"{""campaign"": ""wh3_main_combi"", ""campaign_type"": null, ""difficulty"": ""0"", ""key"": ""CAI_VARIABLE_PLAYER_AP_ADJUSTMENT_DEADZONE_MIN"", ""value"": 0.85000002}","{""campaign"": ""wh3_main_combi"", ""campaign_type"": null, ""difficulty"": ""0"", ""key"": ""CAI_VARIABLE_PLAYER_AP_ADJUSTMENT_DEADZONE_MIN"", ""value"": 1}"
cai_variables_overides_tables,hecleas,OVERRIDE_CHANGED,"[""CAI_VARIABLE_PLAYER_AP_ADJUSTMENT_DEADZONE_MIN"", ""wh3_main_combi"", null, ""1""]",value,"{""campaign"": ""wh3_main_combi"", ""campaign_type"": null, ""difficulty"": ""1"", ""key"": ""CAI_VARIABLE_PLAYER_AP_ADJUSTMENT_DEADZONE_MIN"", ""value"": 0.69999999}","{""campaign"": ""wh3_main_combi"", ""campaign_type"": null, ""difficulty"": ""1"", ""key"": ""CAI_VARIABLE_PLAYER_AP_ADJUSTMENT_DEADZONE_MIN"", ""value"": 1}"
cai_variables_overides_tables,hecleas,OVERRIDE_CHANGED,"[""CAI_VARIABLE_PLAYER_AP_ADJUSTMENT_MAX"", ""wh3_main_chaos"", null, ""-1""]",value,"{""campaign"": ""wh3_main_chaos"", ""campaign_type"": null, ""difficulty"": ""-1"", ""key"": ""CAI_VARIABLE_PLAYER_AP_ADJUSTMENT_MAX"", ""value"": 1.10000002}","{""campaign"": ""wh3_main_chaos"", ""campaign_type"": null, ""difficulty"": ""-1"", ""key"": ""CAI_VARIABLE_PLAYER_AP_ADJUSTMENT_MAX"", ""value"": 1}"
cai_variables_overides_tables,hecleas,OVERRIDE_CHANGED,"[""CAI_VARIABLE_PLAYER_AP_ADJUSTMENT_MAX"", ""wh3_main_chaos"", null, ""0""]",value,"{""campaign"": ""wh3_main_chaos"", ""campaign_type"": null, ""difficulty"": ""0"", ""key"": ""CAI_VARIABLE_PLAYER_AP_ADJUSTMENT_MAX"", ""value"": 1.10000002}","{""campaign"": ""wh3_main_chaos"", ""campaign_type"": null, ""difficulty"": ""0"", ""key"": ""CAI_VARIABLE_PLAYER_AP_ADJUSTMENT_MAX"", ""value"": 1}"
cai_variables_overides_tables,hecleas,OVERRIDE_CHANGED,"[""CAI_VARIABLE_PLAYER_AP_ADJUSTMENT_MAX"", ""wh3_main_chaos"", null, ""1""]",value,"{""campaign"": ""wh3_main_chaos"", ""campaign_type"": null, ""difficulty"": ""1"", ""key"": ""CAI_VARIABLE_PLAYER_AP_ADJUSTMENT_MAX"", ""value"": 1.10000002}","{""campaign"": ""wh3_main_chaos"", ""campaign_type"": null, ""difficulty"": ""1"", ""key"": ""CAI_VARIABLE_PLAYER_AP_ADJUSTMENT_MAX"", ""value"": 1}"
cai_variables_overides_tables,hecleas,OVERRIDE_CHANGED,"[""CAI_VARIABLE_PLAYER_AP_ADJUSTMENT_MAX"", ""wh3_main_combi"", null, ""-1""]",value,"{""campaign"": ""wh3_main_combi"", ""campaign_type"": null, ""difficulty"": ""-1"", ""key"": ""CAI_VARIABLE_PLAYER_AP_ADJUSTMENT_MAX"", ""value"": 1.10000002}","{""campaign"": ""wh3_main_combi"", ""campaign_type"": null, ""difficulty"": ""-1"", ""key"": ""CAI_VARIABLE_PLAYER_AP_ADJUSTMENT_MAX"", ""value"": 1}"
cai_variables_overides_tables,hecleas,OVERRIDE_CHANGED,"[""CAI_VARIABLE_PLAYER_AP_ADJUSTMENT_MAX"", ""wh3_main_combi"", null, ""0""]",value,"{""campaign"": ""wh3_main_combi"", ""campaign_type"": null, ""difficulty"": ""0"", ""key"": ""CAI_VARIABLE_PLAYER_AP_ADJUSTMENT_MAX"", ""value"": 1.10000002}","{""campaign"": ""wh3_main_combi"", ""campaign_type"": null, ""difficulty"": ""0"", ""key"": ""CAI_VARIABLE_PLAYER_AP_ADJUSTMENT_MAX"", ""value"": 1}"
cai_variables_overides_tables,hecleas,OVERRIDE_CHANGED,"[""CAI_VARIABLE_PLAYER_AP_ADJUSTMENT_MAX"", ""wh3_main_combi"", null, ""1""]",value,"{""campaign"": ""wh3_main_combi"", ""campaign_type"": null, ""difficulty"": ""1"", ""key"": ""CAI_VARIABLE_PLAYER_AP_ADJUSTMENT_MAX"", ""value"": 1.10000002}","{""campaign"": ""wh3_main_combi"", ""campaign_type"": null, ""difficulty"": ""1"", ""key"": ""CAI_VARIABLE_PLAYER_AP_ADJUSTMENT_MAX"", ""value"": 1}"
cai_variables_overides_tables,hecleas,OVERRIDE_CHANGED,"[""CAI_VARIABLE_PLAYER_AP_ADJUSTMENT_MIN"", ""wh3_main_chaos"", null, ""-1""]",value,"{""campaign"": ""wh3_main_chaos"", ""campaign_type"": null, ""difficulty"": ""-1"", ""key"": ""CAI_VARIABLE_PLAYER_AP_ADJUSTMENT_MIN"", ""value"": 0.90000004}","{""campaign"": ""wh3_main_chaos"", ""campaign_type"": null, ""difficulty"": ""-1"", ""key"": ""CAI_VARIABLE_PLAYER_AP_ADJUSTMENT_MIN"", ""value"": 1}"
cai_variables_overides_tables,hecleas,OVERRIDE_CHANGED,"[""CAI_VARIABLE_PLAYER_AP_ADJUSTMENT_MIN"", ""wh3_main_chaos"", null, ""0""]",value,"{""campaign"": ""wh3_main_chaos"", ""campaign_type"": null, ""difficulty"": ""0"", ""key"": ""CAI_VARIABLE_PLAYER_AP_ADJUSTMENT_MIN"", ""value"": 0.80000001}","{""campaign"": ""wh3_main_chaos"", ""campaign_type"": null, ""difficulty"": ""0"", ""key"": ""CAI_VARIABLE_PLAYER_AP_ADJUSTMENT_MIN"", ""value"": 1}"
cai_variables_overides_tables,hecleas,OVERRIDE_CHANGED,"[""CAI_VARIABLE_PLAYER_AP_ADJUSTMENT_MIN"", ""wh3_main_chaos"", null, ""1""]",value,"{""campaign"": ""wh3_main_chaos"", ""campaign_type"": null, ""difficulty"": ""1"", ""key"": ""CAI_VARIABLE_PLAYER_AP_ADJUSTMENT_MIN"", ""value"": 0.55000001}","{""campaign"": ""wh3_main_chaos"", ""campaign_type"": null, ""difficulty"": ""1"", ""key"": ""CAI_VARIABLE_PLAYER_AP_ADJUSTMENT_MIN"", ""value"": 1}"
cai_variables_overides_tables,hecleas,OVERRIDE_CHANGED,"[""CAI_VARIABLE_PLAYER_AP_ADJUSTMENT_MIN"", ""wh3_main_combi"", null, ""-1""]",value,"{""campaign"": ""wh3_main_combi"", ""campaign_type"": null, ""difficulty"": ""-1"", ""key"": ""CAI_VARIABLE_PLAYER_AP_ADJUSTMENT_MIN"", ""value"": 0.90000004}","{""campaign"": ""wh3_main_combi"", ""campaign_type"": null, ""difficulty"": ""-1"", ""key"": ""CAI_VARIABLE_PLAYER_AP_ADJUSTMENT_MIN"", ""value"": 1}"
cai_variables_overides_tables,hecleas,OVERRIDE_CHANGED,"[""CAI_VARIABLE_PLAYER_AP_ADJUSTMENT_MIN"", ""wh3_main_combi"", null, ""0""]",value,"{""campaign"": ""wh3_main_combi"", ""campaign_type"": null, ""difficulty"": ""0"", ""key"": ""CAI_VARIABLE_PLAYER_AP_ADJUSTMENT_MIN"", ""value"": 0.80000001}","{""campaign"": ""wh3_main_combi"", ""campaign_type"": null, ""difficulty"": ""0"", ""key"": ""CAI_VARIABLE_PLAYER_AP_ADJUSTMENT_MIN"", ""value"": 1}"
cai_variables_overides_tables,hecleas,OVERRIDE_CHANGED,"[""CAI_VARIABLE_PLAYER_AP_ADJUSTMENT_MIN"", ""wh3_main_combi"", null, ""1""]",value,"{""campaign"": ""wh3_main_combi"", ""campaign_type"": null, ""difficulty"": ""1"", ""key"": ""CAI_VARIABLE_PLAYER_AP_ADJUSTMENT_MIN"", ""value"": 0.55000001}","{""campaign"": ""wh3_main_combi"", ""campaign_type"": null, ""difficulty"": ""1"", ""key"": ""CAI_VARIABLE_PLAYER_AP_ADJUSTMENT_MIN"", ""value"": 1}"
cai_personality_variable_set_junctions_tables,hecleas,OVERRIDE_SAME_AS_VANILLA,"[""wh3_chaos_personality_variables_chaos"", ""ai_threat_score_attitude_multiplier_max""]",,"{""set"": ""wh3_chaos_personality_variables_chaos"", ""value"": ""6"", ""variable"": ""ai_threat_score_attitude_multiplier_max""}",null
cai_personality_variable_set_junctions_tables,hecleas,OVERRIDE_SAME_AS_VANILLA,"[""wh3_chaos_personality_variables_chaos"", ""ai_threat_score_attitude_multiplier_min""]",,"{""set"": ""wh3_chaos_personality_variables_chaos"", ""value"": ""0.1"", ""variable"": ""ai_threat_score_attitude_multiplier_min""}",null
cai_personality_variable_set_junctions_tables,hecleas,OVERRIDE_SAME_AS_VANILLA,"[""wh3_chaos_personality_variables_chaos"", ""ai_threat_score_attitude_threshold_max""]",,"{""set"": ""wh3_chaos_personality_variables_chaos"", ""value"": ""50"", ""variable"": ""ai_threat_score_attitude_threshold_max""}",null
cai_personality_variable_set_junctions_tables,hecleas,OVERRIDE_SAME_AS_VANILLA,"[""wh3_chaos_personality_variables_chaos"", ""ai_threat_score_attitude_threshold_min""]",,"{""set"": ""wh3_chaos_personality_variables_chaos"", ""value"": ""-200"", ""variable"": ""ai_threat_score_attitude_threshold_min""}",null
cai_personality_variable_set_junctions_tables,hecleas,OVERRIDE_SAME_AS_VANILLA,"[""wh3_chaos_personality_variables_chaos"", ""ai_threat_score_proximity_multiplier_max""]",,"{""set"": ""wh3_chaos_personality_variables_chaos"", ""value"": ""1"", ""variable"": ""ai_threat_score_proximity_multiplier_max""}",null
cai_personality_variable_set_junctions_tables,hecleas,OVERRIDE_SAME_AS_VANILLA,"[""wh3_chaos_personality_variables_chaos"", ""ai_threat_score_proximity_multiplier_min""]",,"{""set"": ""wh3_chaos_personality_variables_chaos"", ""value"": ""0.7"", ""variable"": ""ai_threat_score_proximity_multiplier_min""}",null
cai_personality_variable_set_junctions_tables,hecleas,OVERRIDE_CHANGED,"[""wh3_chaos_personality_variables_chaos_easy"", ""ai_threat_score_personality_multiplier_player""]",value,"{""set"": ""wh3_chaos_personality_variables_chaos_easy"", ""value"": ""0.9"", ""variable"": ""ai_threat_score_personality_multiplier_player""}","{""set"": ""wh3_chaos_personality_variables_chaos_easy"", ""value"": ""1.2"", ""variable"": ""ai_threat_score_personality_multiplier_player""}"
cai_personality_variable_set_junctions_tables,hecleas,OVERRIDE_SAME_AS_VANILLA,"[""wh3_chaos_personality_variables_chaos_elite_armies"", ""ai_military_generator_size_penalty_multiplier""]",,"{""set"": ""wh3_chaos_personality_variables_chaos_elite_armies"", ""value"": ""0.15"", ""variable"": ""ai_military_generator_size_penalty_multiplier""}",null
cai_personality_variable_set_junctions_tables,hecleas,OVERRIDE_CHANGED,"[""wh3_chaos_personality_variables_chaos_elite_armies_easy"", ""ai_threat_score_personality_multiplier_player""]",value,"{""set"": ""wh3_chaos_personality_variables_chaos_elite_armies_easy"", ""value"": ""0.9"", ""variable"": ""ai_threat_score_personality_multiplier_player""}","{""set"": ""wh3_chaos_personality_variables_chaos_elite_armies_easy"", ""value"": ""1.2"", ""variable"": ""ai_threat_score_personality_multiplier_player""}"
cai_personality_variable_set_junctions_tables,hecleas,OVERRIDE_CHANGED,"[""wh3_chaos_personality_variables_chaos_elite_armies_hard"", ""ai_threat_score_personality_multiplier_player""]",value,"{""set"": ""wh3_chaos_personality_variables_chaos_elite_armies_hard"", ""value"": ""1.1"", ""variable"": ""ai_threat_score_personality_multiplier_player""}","{""set"": ""wh3_chaos_personality_variables_chaos_elite_armies_hard"", ""value"": ""1.2"", ""variable"": ""ai_threat_score_personality_multiplier_player""}"
cai_personality_variable_set_junctions_tables,hecleas,OVERRIDE_CHANGED,"[""wh3_chaos_personality_variables_chaos_elite_armies_hard"", ""coordinator_player_strength_multiplier""]",value,"{""set"": ""wh3_chaos_personality_variables_chaos_elite_armies_hard"", ""value"": ""1.1"", ""variable"": ""coordinator_player_strength_multiplier""}","{""set"": ""wh3_chaos_personality_variables_chaos_elite_armies_hard"", ""value"": ""1.2"", ""variable"": ""coordinator_player_strength_multiplier""}"
cai_personality_variable_set_junctions_tables,hecleas,OVERRIDE_SAME_AS_VANILLA,"[""wh3_chaos_personality_variables_chaos_elite_armies_legendary"", ""ai_threat_score_personality_multiplier_player""]",,"{""set"": ""wh3_chaos_personality_variables_chaos_elite_armies_legendary"", ""value"": ""1.2"", ""variable"": ""ai_threat_score_personality_multiplier_player""}",null
cai_personality_variable_set_junctions_tables,hecleas,OVERRIDE_SAME_AS_VANILLA,"[""wh3_chaos_personality_variables_chaos_elite_armies_legendary"", ""coordinator_player_strength_multiplier""]",,"{""set"": ""wh3_chaos_personality_variables_chaos_elite_armies_legendary"", ""value"": ""1.2"", ""variable"": ""coordinator_player_strength_multiplier""}",null
cai_personality_variable_set_junctions_tables,hecleas,OVERRIDE_CHANGED,"[""wh3_chaos_personality_variables_chaos_elite_armies_vhard"", ""ai_threat_score_personality_multiplier_player""]",value,"{""set"": ""wh3_chaos_personality_variables_chaos_elite_armies_vhard"", ""value"": ""1.15"", ""variable"": ""ai_threat_score_personality_multiplier_player""}","{""set"": ""wh3_chaos_personality_variables_chaos_elite_armies_vhard"", ""value"": ""1.2"", ""variable"": ""ai_threat_score_personality_multiplier_player""}"
cai_personality_variable_set_junctions_tables,hecleas,OVERRIDE_CHANGED,"[""wh3_chaos_personality_variables_chaos_elite_armies_vhard"", ""coordinator_player_strength_multiplier""]",value,"{""set"": ""wh3_chaos_personality_variables_chaos_elite_armies_vhard"", ""value"": ""1.15"", ""variable"": ""coordinator_player_strength_multiplier""}","{""set"": ""wh3_chaos_personality_variables_chaos_elite_armies_vhard"", ""value"": ""1.2"", ""variable"": ""coordinator_player_strength_multiplier""}"
cai_personality_variable_set_junctions_tables,hecleas,OVERRIDE_CHANGED,"[""wh3_chaos_personality_variables_chaos_hard"", ""ai_threat_score_personality_multiplier_player""]",value,"{""set"": ""wh3_chaos_personality_variables_chaos_hard"", ""value"": ""1.1"", ""variable"": ""ai_threat_score_personality_multiplier_player""}","{""set"": ""wh3_chaos_personality_variables_chaos_hard"", ""value"": ""1.2"", ""variable"": ""ai_threat_score_personality_multiplier_player""}"
cai_personality_variable_set_junctions_tables,hecleas,OVERRIDE_CHANGED,"[""wh3_chaos_personality_variables_chaos_hard"", ""coordinator_player_strength_multiplier""]",value,"{""set"": ""wh3_chaos_personality_variables_chaos_hard"", ""value"": ""1.1"", ""variable"": ""coordinator_player_strength_multiplier""}","{""set"": ""wh3_chaos_personality_variables_chaos_hard"", ""value"": ""1.2"", ""variable"": ""coordinator_player_strength_multiplier""}"
cai_personality_variable_set_junctions_tables,hecleas,OVERRIDE_SAME_AS_VANILLA,"[""wh3_chaos_personality_variables_chaos_legendary"", ""ai_threat_score_personality_multiplier_player""]",,"{""set"": ""wh3_chaos_personality_variables_chaos_legendary"", ""value"": ""1.2"", ""variable"": ""ai_threat_score_personality_multiplier_player""}",null
cai_personality_variable_set_junctions_tables,hecleas,OVERRIDE_SAME_AS_VANILLA,"[""wh3_chaos_personality_variables_chaos_legendary"", ""coordinator_player_strength_multiplier""]",,"{""set"": ""wh3_chaos_personality_variables_chaos_legendary"", ""value"": ""1.2"", ""variable"": ""coordinator_player_strength_multiplier""}",null
cai_personality_variable_set_junctions_tables,hecleas,OVERRIDE_CHANGED,"[""wh3_chaos_personality_variables_chaos_vhard"", ""ai_threat_score_personality_multiplier_player""]",value,"{""set"": ""wh3_chaos_personality_variables_chaos_vhard"", ""value"": ""1.15"", ""variable"": ""ai_threat_score_personality_multiplier_player""}","{""set"": ""wh3_chaos_personality_variables_chaos_vhard"", ""value"": ""1.2"", ""variable"": ""ai_threat_score_personality_multiplier_player""}"
cai_personality_variable_set_junctions_tables,hecleas,OVERRIDE_CHANGED,"[""wh3_chaos_personality_variables_chaos_vhard"", ""coordinator_player_strength_multiplier""]",value,"{""set"": ""wh3_chaos_personality_variables_chaos_vhard"", ""value"": ""1.15"", ""variable"": ""coordinator_player_strength_multiplier""}","{""set"": ""wh3_chaos_personality_variables_chaos_vhard"", ""value"": ""1.2"", ""variable"": ""coordinator_player_strength_multiplier""}"
cai_personality_variable_set_junctions_tables,hecleas,OVERRIDE_CHANGED,"[""wh3_chaos_personality_variables_default_easy"", ""ai_threat_score_personality_multiplier_player""]",value,"{""set"": ""wh3_chaos_personality_variables_default_easy"", ""value"": ""0.9"", ""variable"": ""ai_threat_score_personality_multiplier_player""}","{""set"": ""wh3_chaos_personality_variables_default_easy"", ""value"": ""1.2"", ""variable"": ""ai_threat_score_personality_multiplier_player""}"
cai_personality_variable_set_junctions_tables,hecleas,OVERRIDE_CHANGED,"[""wh3_chaos_personality_variables_default_hard"", ""ai_threat_score_personality_multiplier_player""]",value,"{""set"": ""wh3_chaos_personality_variables_default_hard"", ""value"": ""1.1"", ""variable"": ""ai_threat_score_personality_multiplier_player""}","{""set"": ""wh3_chaos_personality_variables_default_hard"", ""value"": ""1.2"", ""variable"": ""ai_threat_score_personality_multiplier_player""}"
cai_personality_variable_set_junctions_tables,hecleas,OVERRIDE_CHANGED,"[""wh3_chaos_personality_variables_default_hard"", ""coordinator_player_strength_multiplier""]",value,"{""set"": ""wh3_chaos_personality_variables_default_hard"", ""value"": ""1.1"", ""variable"": ""coordinator_player_strength_multiplier""}","{""set"": ""wh3_chaos_personality_variables_default_hard"", ""value"": ""1.2"", ""variable"": ""coordinator_player_strength_multiplier""}"
cai_personality_variable_set_junctions_tables,hecleas,OVERRIDE_SAME_AS_VANILLA,"[""wh3_chaos_personality_variables_default_legendary"", ""ai_threat_score_personality_multiplier_player""]",,"{""set"": ""wh3_chaos_personality_variables_default_legendary"", ""value"": ""1.2"", ""variable"": ""ai_threat_score_personality_multiplier_player""}",null
cai_personality_variable_set_junctions_tables,hecleas,OVERRIDE_SAME_AS_VANILLA,"[""wh3_chaos_personality_variables_default_legendary"", ""coordinator_player_strength_multiplier""]",,"{""set"": ""wh3_chaos_personality_variables_default_legendary"", ""value"": ""1.2"", ""variable"": ""coordinator_player_strength_multiplier""}",null
cai_personality_variable_set_junctions_tables,hecleas,OVERRIDE_CHANGED,"[""wh3_chaos_personality_variables_default_vhard"", ""ai_threat_score_personality_multiplier_player""]",value,"{""set"": ""wh3_chaos_personality_variables_default_vhard"", ""value"": ""1.15"", ""variable"": ""ai_threat_score_personality_multiplier_player""}","{""set"": ""wh3_chaos_personality_variables_default_vhard"", ""value"": ""1.2"", ""variable"": ""ai_threat_score_personality_multiplier_player""}"
cai_personality_variable_set_junctions_tables,hecleas,OVERRIDE_CHANGED,"[""wh3_chaos_personality_variables_default_vhard"", ""coordinator_player_strength_multiplier""]",value,"{""set"": ""wh3_chaos_personality_variables_default_vhard"", ""value"": ""1.15"", ""variable"": ""coordinator_player_strength_multiplier""}","{""set"": ""wh3_chaos_personality_variables_default_vhard"", ""value"": ""1.2"", ""variable"": ""coordinator_player_strength_multiplier""}"
cai_personality_variable_set_junctions_tables,hecleas,OVERRIDE_SAME_AS_VANILLA,"[""wh3_chaos_personality_variables_elite_armies"", ""ai_military_generator_size_penalty_multiplier""]",,"{""set"": ""wh3_chaos_personality_variables_elite_armies"", ""value"": ""0.15"", ""variable"": ""ai_military_generator_size_penalty_multiplier""}",null
cai_personality_variable_set_junctions_tables,hecleas,OVERRIDE_CHANGED,"[""wh3_chaos_personality_variables_elite_armies_easy"", ""ai_threat_score_personality_multiplier_player""]",value,"{""set"": ""wh3_chaos_personality_variables_elite_armies_easy"", ""value"": ""0.9"", ""variable"": ""ai_threat_score_personality_multiplier_player""}","{""set"": ""wh3_chaos_personality_variables_elite_armies_easy"", ""value"": ""1.2"", ""variable"": ""ai_threat_score_personality_multiplier_player""}"
cai_personality_variable_set_junctions_tables,hecleas,OVERRIDE_CHANGED,"[""wh3_chaos_personality_variables_elite_armies_hard"", ""ai_threat_score_personality_multiplier_player""]",value,"{""set"": ""wh3_chaos_personality_variables_elite_armies_hard"", ""value"": ""1.1"", ""variable"": ""ai_threat_score_personality_multiplier_player""}","{""set"": ""wh3_chaos_personality_variables_elite_armies_hard"", ""value"": ""1.2"", ""variable"": ""ai_threat_score_personality_multiplier_player""}"
cai_personality_variable_set_junctions_tables,hecleas,OVERRIDE_CHANGED,"[""wh3_chaos_personality_variables_elite_armies_hard"", ""coordinator_player_strength_multiplier""]",value,"{""set"": ""wh3_chaos_personality_variables_elite_armies_hard"", ""value"": ""1.1"", ""variable"": ""coordinator_player_strength_multiplier""}","{""set"": ""wh3_chaos_personality_variables_elite_armies_hard"", ""value"": ""1.2"", ""variable"": ""coordinator_player_strength_multiplier""}"
cai_personality_variable_set_junctions_tables,hecleas,OVERRIDE_SAME_AS_VANILLA,"[""wh3_chaos_personality_variables_elite_armies_legendary"", ""ai_threat_score_personality_multiplier_player""]",,"{""set"": ""wh3_chaos_personality_variables_elite_armies_legendary"", ""value"": ""1.2"", ""variable"": ""ai_threat_score_personality_multiplier_player""}",null
cai_personality_variable_set_junctions_tables,hecleas,OVERRIDE_SAME_AS_VANILLA,"[""wh3_chaos_personality_variables_elite_armies_legendary"", ""coordinator_player_strength_multiplier""]",,"{""set"": ""wh3_chaos_personality_variables_elite_armies_legendary"", ""value"": ""1.2"", ""variable"": ""coordinator_player_strength_multiplier""}",null
cai_personality_variable_set_junctions_tables,hecleas,OVERRIDE_CHANGED,"[""wh3_chaos_personality_variables_elite_armies_vhard"", ""ai_threat_score_personality_multiplier_player""]",value,"{""set"": ""wh3_chaos_personality_variables_elite_armies_vhard"", ""value"": ""1.15"", ""variable"": ""ai_threat_score_personality_multiplier_player""}","{""set"": ""wh3_chaos_personality_variables_elite_armies_vhard"", ""value"": ""1.2"", ""variable"": ""ai_threat_score_personality_multiplier_player""}"
cai_personality_variable_set_junctions_tables,hecleas,OVERRIDE_CHANGED,"[""wh3_chaos_personality_variables_elite_armies_vhard"", ""coordinator_player_strength_multiplier""]",value,"{""set"": ""wh3_chaos_personality_variables_elite_armies_vhard"", ""value"": ""1.15"", ""variable"": ""coordinator_player_strength_multiplier""}","{""set"": ""wh3_chaos_personality_variables_elite_armies_vhard"", ""value"": ""1.2"", ""variable"": ""coordinator_player_strength_multiplier""}"
cai_personality_variable_set_junctions_tables,hecleas,OVERRIDE_SAME_AS_VANILLA,"[""wh3_combi_personality_variables_chaos"", ""ai_threat_score_attitude_threshold_max""]",,"{""set"": ""wh3_combi_personality_variables_chaos"", ""value"": ""50"", ""variable"": ""ai_threat_score_attitude_threshold_max""}",null
cai_personality_variable_set_junctions_tables,hecleas,OVERRIDE_SAME_AS_VANILLA,"[""wh3_combi_personality_variables_chaos"", ""ai_threat_score_attitude_threshold_min""]",,"{""set"": ""wh3_combi_personality_variables_chaos"", ""value"": ""-200"", ""variable"": ""ai_threat_score_attitude_threshold_min""}",null
cai_personality_variable_set_junctions_tables,hecleas,OVERRIDE_CHANGED,"[""wh3_combi_personality_variables_chaos_easy"", ""ai_threat_score_personality_multiplier_player""]",value,"{""set"": ""wh3_combi_personality_variables_chaos_easy"", ""value"": ""0.9"", ""variable"": ""ai_threat_score_personality_multiplier_player""}","{""set"": ""wh3_combi_personality_variables_chaos_easy"", ""value"": ""1.2"", ""variable"": ""ai_threat_score_personality_multiplier_player""}"
cai_personality_variable_set_junctions_tables,hecleas,OVERRIDE_SAME_AS_VANILLA,"[""wh3_combi_personality_variables_chaos_elite_armies"", ""ai_military_generator_size_penalty_multiplier""]",,"{""set"": ""wh3_combi_personality_variables_chaos_elite_armies"", ""value"": ""0.15"", ""variable"": ""ai_military_generator_size_penalty_multiplier""}",null
cai_personality_variable_set_junctions_tables,hecleas,OVERRIDE_CHANGED,"[""wh3_combi_personality_variables_chaos_elite_armies_easy"", ""ai_threat_score_personality_multiplier_player""]",value,"{""set"": ""wh3_combi_personality_variables_chaos_elite_armies_easy"", ""value"": ""0.9"", ""variable"": ""ai_threat_score_personality_multiplier_player""}","{""set"": ""wh3_combi_personality_variables_chaos_elite_armies_easy"", ""value"": ""1.2"", ""variable"": ""ai_threat_score_personality_multiplier_player""}"
cai_personality_variable_set_junctions_tables,hecleas,OVERRIDE_CHANGED,"[""wh3_combi_personality_variables_chaos_elite_armies_hard"", ""ai_threat_score_personality_multiplier_player""]",value,"{""set"": ""wh3_combi_personality_variables_chaos_elite_armies_hard"", ""value"": ""1.1"", ""variable"": ""ai_threat_score_personality_multiplier_player""}","{""set"": ""wh3_combi_personality_variables_chaos_elite_armies_hard"", ""value"": ""1.2"", ""variable"": ""ai_threat_score_personality_multiplier_player""}"
cai_personality_variable_set_junctions_tables,hecleas,OVERRIDE_CHANGED,"[""wh3_combi_personality_variables_chaos_elite_armies_hard"", ""coordinator_player_strength_multiplier""]",value,"{""set"": ""wh3_combi_personality_variables_chaos_elite_armies_hard"", ""value"": ""1.1"", ""variable"": ""coordinator_player_strength_multiplier""}","{""set"": ""wh3_combi_personality_variables_chaos_elite_armies_hard"", ""value"": ""1.2"", ""variable"": ""coordinator_player_strength_multiplier""}"
cai_personality_variable_set_junctions_tables,hecleas,OVERRIDE_SAME_AS_VANILLA,"[""wh3_combi_personality_variables_chaos_elite_armies_legendary"", ""ai_threat_score_personality_multiplier_player""]",,"{""set"": ""wh3_combi_personality_variables_chaos_elite_armies_legendary"", ""value"": ""1.2"", ""variable"": ""ai_threat_score_personality_multiplier_player""}",null
cai_personality_variable_set_junctions_tables,hecleas,OVERRIDE_SAME_AS_VANILLA,"[""wh3_combi_personality_variables_chaos_elite_armies_legendary"", ""coordinator_player_strength_multiplier""]",,"{""set"": ""wh3_combi_personality_variables_chaos_elite_armies_legendary"", ""value"": ""1.2"", ""variable"": ""coordinator_player_strength_multiplier""}",null
cai_personality_variable_set_junctions_tables,hecleas,OVERRIDE_CHANGED,"[""wh3_combi_personality_variables_chaos_elite_armies_vhard"", ""ai_threat_score_personality_multiplier_player""]",value,"{""set"": ""wh3_combi_personality_variables_chaos_elite_armies_vhard"", ""value"": ""1.15"", ""variable"": ""ai_threat_score_personality_multiplier_player""}","{""set"": ""wh3_combi_personality_variables_chaos_elite_armies_vhard"", ""value"": ""1.2"", ""variable"": ""ai_threat_score_personality_multiplier_player""}"
cai_personality_variable_set_junctions_tables,hecleas,OVERRIDE_CHANGED,"[""wh3_combi_personality_variables_chaos_elite_armies_vhard"", ""coordinator_player_strength_multiplier""]",value,"{""set"": ""wh3_combi_personality_variables_chaos_elite_armies_vhard"", ""value"": ""1.15"", ""variable"": ""coordinator_player_strength_multiplier""}","{""set"": ""wh3_combi_personality_variables_chaos_elite_armies_vhard"", ""value"": ""1.2"", ""variable"": ""coordinator_player_strength_multiplier""}"
cai_personality_variable_set_junctions_tables,hecleas,OVERRIDE_CHANGED,"[""wh3_combi_personality_variables_chaos_hard"", ""ai_threat_score_personality_multiplier_player""]",value,"{""set"": ""wh3_combi_personality_variables_chaos_hard"", ""value"": ""1.1"", ""variable"": ""ai_threat_score_personality_multiplier_player""}","{""set"": ""wh3_combi_personality_variables_chaos_hard"", ""value"": ""1.2"", ""variable"": ""ai_threat_score_personality_multiplier_player""}"
cai_personality_variable_set_junctions_tables,hecleas,OVERRIDE_CHANGED,"[""wh3_combi_personality_variables_chaos_hard"", ""coordinator_player_strength_multiplier""]",value,"{""set"": ""wh3_combi_personality_variables_chaos_hard"", ""value"": ""1.1"", ""variable"": ""coordinator_player_strength_multiplier""}","{""set"": ""wh3_combi_personality_variables_chaos_hard"", ""value"": ""1.2"", ""variable"": ""coordinator_player_strength_multiplier""}"
cai_personality_variable_set_junctions_tables,hecleas,OVERRIDE_SAME_AS_VANILLA,"[""wh3_combi_personality_variables_chaos_legendary"", ""ai_threat_score_personality_multiplier_player""]",,"{""set"": ""wh3_combi_personality_variables_chaos_legendary"", ""value"": ""1.2"", ""variable"": ""ai_threat_score_personality_multiplier_player""}",null
cai_personality_variable_set_junctions_tables,hecleas,OVERRIDE_SAME_AS_VANILLA,"[""wh3_combi_personality_variables_chaos_legendary"", ""coordinator_player_strength_multiplier""]",,"{""set"": ""wh3_combi_personality_variables_chaos_legendary"", ""value"": ""1.2"", ""variable"": ""coordinator_player_strength_multiplier""}",null
cai_personality_variable_set_junctions_tables,hecleas,OVERRIDE_CHANGED,"[""wh3_combi_personality_variables_chaos_vhard"", ""ai_threat_score_personality_multiplier_player""]",value,"{""set"": ""wh3_combi_personality_variables_chaos_vhard"", ""value"": ""1.15"", ""variable"": ""ai_threat_score_personality_multiplier_player""}","{""set"": ""wh3_combi_personality_variables_chaos_vhard"", ""value"": ""1.2"", ""variable"": ""ai_threat_score_personality_multiplier_player""}"
cai_personality_variable_set_junctions_tables,hecleas,OVERRIDE_CHANGED,"[""wh3_combi_personality_variables_chaos_vhard"", ""coordinator_player_strength_multiplier""]",value,"{""set"": ""wh3_combi_personality_variables_chaos_vhard"", ""value"": ""1.15"", ""variable"": ""coordinator_player_strength_multiplier""}","{""set"": ""wh3_combi_personality_variables_chaos_vhard"", ""value"": ""1.2"", ""variable"": ""coordinator_player_strength_multiplier""}"
cai_personality_variable_set_junctions_tables,hecleas,OVERRIDE_SAME_AS_VANILLA,"[""wh3_combi_personality_variables_default"", ""ai_threat_score_attitude_multiplier_max""]",,"{""set"": ""wh3_combi_personality_variables_default"", ""value"": ""2"", ""variable"": ""ai_threat_score_attitude_multiplier_max""}",null
cai_personality_variable_set_junctions_tables,hecleas,OVERRIDE_SAME_AS_VANILLA,"[""wh3_combi_personality_variables_default"", ""ai_threat_score_direct_actions_mult_max""]",,"{""set"": ""wh3_combi_personality_variables_default"", ""value"": ""1.5"", ""variable"": ""ai_threat_score_direct_actions_mult_max""}",null
cai_personality_variable_set_junctions_tables,hecleas,OVERRIDE_SAME_AS_VANILLA,"[""wh3_combi_personality_variables_default"", ""ai_threat_score_direct_actions_mult_min""]",,"{""set"": ""wh3_combi_personality_variables_default"", ""value"": ""0.5"", ""variable"": ""ai_threat_score_direct_actions_mult_min""}",null
cai_personality_variable_set_junctions_tables,hecleas,OVERRIDE_SAME_AS_VANILLA,"[""wh3_combi_personality_variables_default"", ""ai_threat_score_proximity_multiplier_max""]",,"{""set"": ""wh3_combi_personality_variables_default"", ""value"": ""0.8"", ""variable"": ""ai_threat_score_proximity_multiplier_max""}",null
cai_personality_variable_set_junctions_tables,hecleas,OVERRIDE_SAME_AS_VANILLA,"[""wh3_combi_personality_variables_default"", ""ai_threat_score_proximity_multiplier_min""]",,"{""set"": ""wh3_combi_personality_variables_default"", ""value"": ""0.2"", ""variable"": ""ai_threat_score_proximity_multiplier_min""}",null
cai_personality_variable_set_junctions_tables,hecleas,OVERRIDE_SAME_AS_VANILLA,"[""wh3_combi_personality_variables_default"", ""diplomacy_distance_goal_priority_modifier""]",,"{""set"": ""wh3_combi_personality_variables_default"", ""value"": ""0.15"", ""variable"": ""diplomacy_distance_goal_priority_modifier""}",null
cai_personality_variable_set_junctions_tables,hecleas,OVERRIDE_CHANGED,"[""wh3_combi_personality_variables_default_easy"", ""ai_threat_score_personality_multiplier_player""]",value,"{""set"": ""wh3_combi_personality_variables_default_easy"", ""value"": ""0.9"", ""variable"": ""ai_threat_score_personality_multiplier_player""}","{""set"": ""wh3_combi_personality_variables_default_easy"", ""value"": ""1.2"", ""variable"": ""ai_threat_score_personality_multiplier_player""}"
cai_personality_variable_set_junctions_tables,hecleas,OVERRIDE_CHANGED,"[""wh3_combi_personality_variables_default_hard"", ""ai_threat_score_personality_multiplier_player""]",value,"{""set"": ""wh3_combi_personality_variables_default_hard"", ""value"": ""1.1"", ""variable"": ""ai_threat_score_personality_multiplier_player""}","{""set"": ""wh3_combi_personality_variables_default_hard"", ""value"": ""1.2"", ""variable"": ""ai_threat_score_personality_multiplier_player""}"
cai_personality_variable_set_junctions_tables,hecleas,OVERRIDE_CHANGED,"[""wh3_combi_personality_variables_default_hard"", ""coordinator_player_strength_multiplier""]",value,"{""set"": ""wh3_combi_personality_variables_default_hard"", ""value"": ""1.1"", ""variable"": ""coordinator_player_strength_multiplier""}","{""set"": ""wh3_combi_personality_variables_default_hard"", ""value"": ""1.2"", ""variable"": ""coordinator_player_strength_multiplier""}"
cai_personality_variable_set_junctions_tables,hecleas,OVERRIDE_SAME_AS_VANILLA,"[""wh3_combi_personality_variables_default_legendary"", ""ai_threat_score_personality_multiplier_player""]",,"{""set"": ""wh3_combi_personality_variables_default_legendary"", ""value"": ""1.2"", ""variable"": ""ai_threat_score_personality_multiplier_player""}",null
cai_personality_variable_set_junctions_tables,hecleas,OVERRIDE_SAME_AS_VANILLA,"[""wh3_combi_personality_variables_default_legendary"", ""coordinator_player_strength_multiplier""]",,"{""set"": ""wh3_combi_personality_variables_default_legendary"", ""value"": ""1.2"", ""variable"": ""coordinator_player_strength_multiplier""}",null
cai_personality_variable_set_junctions_tables,hecleas,OVERRIDE_CHANGED,"[""wh3_combi_personality_variables_default_vhard"", ""ai_threat_score_personality_multiplier_player""]",value,"{""set"": ""wh3_combi_personality_variables_default_vhard"", ""value"": ""1.15"", ""variable"": ""ai_threat_score_personality_multiplier_player""}","{""set"": ""wh3_combi_personality_variables_default_vhard"", ""value"": ""1.2"", ""variable"": ""ai_threat_score_personality_multiplier_player""}"
cai_personality_variable_set_junctions_tables,hecleas,OVERRIDE_CHANGED,"[""wh3_combi_personality_variables_default_vhard"", ""coordinator_player_strength_multiplier""]",value,"{""set"": ""wh3_combi_personality_variables_default_vhard"", ""value"": ""1.15"", ""variable"": ""coordinator_player_strength_multiplier""}","{""set"": ""wh3_combi_personality_variables_default_vhard"", ""value"": ""1.2"", ""variable"": ""coordinator_player_strength_multiplier""}"
cai_personality_variable_set_junctions_tables,hecleas,OVERRIDE_SAME_AS_VANILLA,"[""wh3_combi_personality_variables_elite_armies"", ""ai_military_generator_size_penalty_multiplier""]",,"{""set"": ""wh3_combi_personality_variables_elite_armies"", ""value"": ""0.15"", ""variable"": ""ai_military_generator_size_penalty_multiplier""}",null
cai_personality_variable_set_junctions_tables,hecleas,OVERRIDE_CHANGED,"[""wh3_combi_personality_variables_elite_armies_easy"", ""ai_threat_score_personality_multiplier_player""]",value,"{""set"": ""wh3_combi_personality_variables_elite_armies_easy"", ""value"": ""0.9"", ""variable"": ""ai_threat_score_personality_multiplier_player""}","{""set"": ""wh3_combi_personality_variables_elite_armies_easy"", ""value"": ""1.2"", ""variable"": ""ai_threat_score_personality_multiplier_player""}"
cai_personality_variable_set_junctions_tables,hecleas,OVERRIDE_CHANGED,"[""wh3_combi_personality_variables_elite_armies_hard"", ""ai_threat_score_personality_multiplier_player""]",value,"{""set"": ""wh3_combi_personality_variables_elite_armies_hard"", ""value"": ""1.1"", ""variable"": ""ai_threat_score_personality_multiplier_player""}","{""set"": ""wh3_combi_personality_variables_elite_armies_hard"", ""value"": ""1.2"", ""variable"": ""ai_threat_score_personality_multiplier_player""}"
cai_personality_variable_set_junctions_tables,hecleas,OVERRIDE_CHANGED,"[""wh3_combi_personality_variables_elite_armies_hard"", ""coordinator_player_strength_multiplier""]",value,"{""set"": ""wh3_combi_personality_variables_elite_armies_hard"", ""value"": ""1.1"", ""variable"": ""coordinator_player_strength_multiplier""}","{""set"": ""wh3_combi_personality_variables_elite_armies_hard"", ""value"": ""1.2"", ""variable"": ""coordinator_player_strength_multiplier""}"
cai_personality_variable_set_junctions_tables,hecleas,OVERRIDE_SAME_AS_VANILLA,"[""wh3_combi_personality_variables_elite_armies_legendary"", ""ai_threat_score_personality_multiplier_player""]",,"{""set"": ""wh3_combi_personality_variables_elite_armies_legendary"", ""value"": ""1.2"", ""variable"": ""ai_threat_score_personality_multiplier_player""}",null
cai_personality_variable_set_junctions_tables,hecleas,OVERRIDE_SAME_AS_VANILLA,"[""wh3_combi_personality_variables_elite_armies_legendary"", ""coordinator_player_strength_multiplier""]",,"{""set"": ""wh3_combi_personality_variables_elite_armies_legendary"", ""value"": ""1.2"", ""variable"": ""coordinator_player_strength_multiplier""}",null
cai_personality_variable_set_junctions_tables,hecleas,OVERRIDE_CHANGED,"[""wh3_combi_personality_variables_elite_armies_vhard"", ""ai_threat_score_personality_multiplier_player""]",value,"{""set"": ""wh3_combi_personality_variables_elite_armies_vhard"", ""value"": ""1.15"", ""variable"": ""ai_threat_score_personality_multiplier_player""}","{""set"": ""wh3_combi_personality_variables_elite_armies_vhard"", ""value"": ""1.2"", ""variable"": ""ai_threat_score_personality_multiplier_player""}"
cai_personality_variable_set_junctions_tables,hecleas,OVERRIDE_CHANGED,"[""wh3_combi_personality_variables_elite_armies_vhard"", ""coordinator_player_strength_multiplier""]",value,"{""set"": ""wh3_combi_personality_variables_elite_armies_vhard"", ""value"": ""1.15"", ""variable"": ""coordinator_player_strength_multiplier""}","{""set"": ""wh3_combi_personality_variables_elite_armies_vhard"", ""value"": ""1.2"", ""variable"": ""coordinator_player_strength_multiplier""}"
campaign_ai_manager_behaviour_junctions_tables,hecleas,OVERRIDE_SAME_AS_VANILLA,"[""EMPTY"", ""DIPLOMACY_MANAGER""]",,"{""behaviour"": ""DIPLOMACY_MANAGER"", ""manager"": ""EMPTY"", ""priority"": 0}",null
campaign_ai_manager_behaviour_junctions_tables,hecleas,OVERRIDE_SAME_AS_VANILLA,"[""default"", ""ALLIED_RECRUITMENT_MANAGEMENT""]",,"{""behaviour"": ""ALLIED_RECRUITMENT_MANAGEMENT"", ""manager"": ""default"", ""priority"": 250}",null
campaign_ai_manager_behaviour_junctions_tables,hecleas,OVERRIDE_SAME_AS_VANILLA,"[""default"", ""ARMORY_MANAGEMENT""]",,"{""behaviour"": ""ARMORY_MANAGEMENT"", ""manager"": ""default"", ""priority"": 250}",null
campaign_ai_manager_behaviour_junctions_tables,hecleas,OVERRIDE_SAME_AS_VANILLA,"[""default"", ""CHARACTER_POST_ASSIGNMENT_BEHAVIOUR""]",,"{""behaviour"": ""CHARACTER_POST_ASSIGNMENT_BEHAVIOUR"", ""manager"": ""default"", ""priority"": 500}",null
campaign_ai_manager_behaviour_junctions_tables,hecleas,OVERRIDE_CHANGED,"[""default"", ""CHARACTER_SKILL_MANAGEMENT""]",priority,"{""behaviour"": ""CHARACTER_SKILL_MANAGEMENT"", ""manager"": ""default"", ""priority"": 500}","{""behaviour"": ""CHARACTER_SKILL_MANAGEMENT"", ""manager"": ""default"", ""priority"": 99999}"
campaign_ai_manager_behaviour_junctions_tables,hecleas,OVERRIDE_CHANGED,"[""default"", ""CONSTRUCTION_SYSTEM_BEHAVIOUR""]",priority,"{""behaviour"": ""CONSTRUCTION_SYSTEM_BEHAVIOUR"", ""manager"": ""default"", ""priority"": 500}","{""behaviour"": ""CONSTRUCTION_SYSTEM_BEHAVIOUR"", ""manager"": ""default"", ""priority"": 99999}"
campaign_ai_manager_behaviour_junctions_tables,hecleas,OVERRIDE_SAME_AS_VANILLA,"[""default"", ""DIPLOMACY_MANAGER""]",,"{""behaviour"": ""DIPLOMACY_MANAGER"", ""manager"": ""default"", ""priority"": 0}",null
campaign_ai_manager_behaviour_junctions_tables,hecleas,OVERRIDE_SAME_AS_VANILLA,"[""default"", ""GENERIC_DECISION_SYSTEM_MANAGEMENT""]",,"{""behaviour"": ""GENERIC_DECISION_SYSTEM_MANAGEMENT"", ""manager"": ""default"", ""priority"": 500}",null
campaign_ai_manager_behaviour_junctions_tables,hecleas,OVERRIDE_SAME_AS_VANILLA,"[""default"", ""MANAGE_OTHER_FACTION_FOREIGN_SLOTS_BEHAVIOUR""]",,"{""behaviour"": ""MANAGE_OTHER_FACTION_FOREIGN_SLOTS_BEHAVIOUR"", ""manager"": ""default"", ""priority"": 100}",null
campaign_ai_manager_behaviour_junctions_tables,hecleas,OVERRIDE_SAME_AS_VANILLA,"[""default"", ""MILITARY_FORCES_RITUAL_MANAGEMENT_BEHAVIOUR""]",,"{""behaviour"": ""MILITARY_FORCES_RITUAL_MANAGEMENT_BEHAVIOUR"", ""manager"": ""default"", ""priority"": 250}",null
campaign_ai_manager_behaviour_junctions_tables,hecleas,OVERRIDE_SAME_AS_VANILLA,"[""default"", ""OGRE_CAMP_MANAGEMENT_BEHAVIOUR""]",,"{""behaviour"": ""OGRE_CAMP_MANAGEMENT_BEHAVIOUR"", ""manager"": ""default"", ""priority"": 500}",null
campaign_ai_manager_behaviour_junctions_tables,hecleas,OVERRIDE_CHANGED,"[""default"", ""PROVINCE_INITIATIVE_MANAGEMENT""]",priority,"{""behaviour"": ""PROVINCE_INITIATIVE_MANAGEMENT"", ""manager"": ""default"", ""priority"": 500}","{""behaviour"": ""PROVINCE_INITIATIVE_MANAGEMENT"", ""manager"": ""default"", ""priority"": 99999}"
campaign_ai_manager_behaviour_junctions_tables,hecleas,OVERRIDE_CHANGED,"[""default"", ""REASSIGN_GENERALS_BEHAVIOUR""]",priority,"{""behaviour"": ""REASSIGN_GENERALS_BEHAVIOUR"", ""manager"": ""default"", ""priority"": 250}","{""behaviour"": ""REASSIGN_GENERALS_BEHAVIOUR"", ""manager"": ""default"", ""priority"": 99999}"
campaign_ai_manager_behaviour_junctions_tables,hecleas,OVERRIDE_CHANGED,"[""default"", ""RESEARCH_TECHNOLOGY""]",priority,"{""behaviour"": ""RESEARCH_TECHNOLOGY"", ""manager"": ""default"", ""priority"": 500}","{""behaviour"": ""RESEARCH_TECHNOLOGY"", ""manager"": ""default"", ""priority"": 99999}"
campaign_ai_manager_behaviour_junctions_tables,hecleas,OVERRIDE_SAME_AS_VANILLA,"[""default"", ""RITUAL_MANAGEMENT_BEHAVIOUR""]",,"{""behaviour"": ""RITUAL_MANAGEMENT_BEHAVIOUR"", ""manager"": ""default"", ""priority"": 250}",null
campaign_ai_manager_behaviour_junctions_tables,hecleas,OVERRIDE_CHANGED,"[""default"", ""TASK_MANAGEMENT_SYSTEM""]",priority,"{""behaviour"": ""TASK_MANAGEMENT_SYSTEM"", ""manager"": ""default"", ""priority"": 0}","{""behaviour"": ""TASK_MANAGEMENT_SYSTEM"", ""manager"": ""default"", ""priority"": 99999}"
campaign_ai_manager_behaviour_junctions_tables,hecleas,OVERRIDE_CHANGED,"[""default"", ""TAXATION""]",priority,"{""behaviour"": ""TAXATION"", ""manager"": ""default"", ""priority"": 50}","{""behaviour"": ""TAXATION"", ""manager"": ""default"", ""priority"": 200}"
